arm,mission_id,arena,arena_seen_in_training,arena_group,waypoints_total,waypoints_reached,status,outcome_code,backward_slide,elapsed_s,mission_outcome_sha256
plan_once_per_waypoint,f104_nav_000,f104,1,risk_model_training,6,6,mission_complete,S,0,65.35,05fe085875819486bf55282c2cb4a266ec1fa5743563aaa57ada3e918d5c24ee
plan_once_per_waypoint,f104_nav_001,f104,1,risk_model_training,7,7,mission_complete,S,0,85.15,add136ad9d0149939d96074b92d9b5b5b555f9d42ad4debbf03aff917546b9a1
plan_once_per_waypoint,f104_nav_002,f104,1,risk_model_training,7,7,mission_complete,S,0,79.05,95fe3373babc5cefcc41be1d8699f9931305a6a78815246aacd27248b93f87bf
plan_once_per_waypoint,f104_nav_003,f104,1,risk_model_training,6,2,terrain_bounds_exit,U,0,33.75,21b7f6c8de7e048629117104027c566201e93fc49c1bd311f5549a156186a1b7
plan_once_per_waypoint,g203_nav_000,g203,1,risk_model_training,6,6,mission_complete,s,1,70.60,fc684fe10ad06290ef72366bf0f71ecab8aff7489cde034f468aec98947ef3ff
plan_once_per_waypoint,g203_nav_001,g203,1,risk_model_training,6,4,prolonged_blockage_terminated,U,1,140.35,64a4f3377fe6879257c419eea05c4761ddd849adef8036c6a06320802365e5f5
plan_once_per_waypoint,g204_nav_000,g204,0,new_unseen,6,6,mission_complete,S,0,67.40,4a4d9929d865743a4ab818e183d8dcc72fbbcaefc4a85d44b24e691836314c0e
plan_once_per_waypoint,g204_nav_001,g204,0,new_unseen,6,6,mission_complete,S,0,102.70,6bfbbb706bc0f6aad81418e7f578bffe773737c77c5155dd44b40d9852dfcf4f
plan_once_per_waypoint,g204_nav_002,g204,0,new_unseen,6,6,mission_complete,S,0,64.65,8eb955f98a3466ca24855e21762c98c4d10b8258389b15a4f5c336ce4058a752
plan_once_per_waypoint,g204_nav_003,g204,0,new_unseen,8,8,mission_complete,S,0,82.45,1c6af32275412b84b53412c6a124401b652a0f50c109281b1af4a7b9479e24b2
plan_once_per_waypoint,g213_nav_000,g213,0,new_unseen,7,7,mission_complete,S,0,74.85,8265c2bfa7d9f44a49a4be7cf384432ab351ee36d2eaee1198d4c0cfc92288bc
plan_once_per_waypoint,g213_nav_001,g213,0,new_unseen,6,6,mission_complete,S,0,78.25,ecd56a9fac8d12c436eb36022aaa610c22b77939d0ab61119c13bcac34b7e4a1
plan_once_per_waypoint,g213_nav_002,g213,0,new_unseen,6,6,mission_complete,S,0,66.20,5f7e38d048bf98816bb1d3e1e4a614fe9c4a4bfb90009b81c13c818a81606ff3
plan_once_per_waypoint,g213_nav_003,g213,0,new_unseen,8,8,mission_complete,S,0,88.15,272ce370954088dd88f0559cf12e188b56f826e753cfbe90c7f9d9ff8ccfff30
plan_once_per_waypoint,g216_nav_000,g216,0,held_out_development,8,6,prolonged_blockage_terminated,U,1,94.75,fc9d6c8715e94fa3c8a4f248af697d5c52fb3c3d048dbde4d0523045abaa8846
plan_once_per_waypoint,g216_nav_001,g216,0,held_out_development,7,7,mission_complete,S,0,83.80,a4ac823573f1de23cb8196e1da97fb41e0eb11ca217b8691d0687c4d445375fe
plan_once_per_waypoint,g217_nav_000,g217,1,risk_model_training,7,7,mission_complete,S,0,81.30,c905040b54acfd02702735e20e7b24a5b987dec1c553acd0ac3eb75094a264b1
plan_once_per_waypoint,g217_nav_001,g217,1,risk_model_training,8,8,mission_complete,S,0,115.00,d22a6f86d40675b6176b10048d6da22da7eb1e1a50a60b7c80739829252ba8c5
plan_once_per_waypoint,g223_nav_000,g223,0,new_unseen,6,6,mission_complete,S,0,66.10,fc5f64d7856d0d9bbadd388bb3df6dcf84c55ea42e235ba9421b538c9b42b464
plan_once_per_waypoint,g223_nav_001,g223,0,new_unseen,6,6,mission_complete,S,0,64.65,9bc428c3ffdbd73dae63028b70619dd6d04644a12f07ba9076253fa0c74700d9
plan_once_per_waypoint,g223_nav_002,g223,0,new_unseen,7,7,mission_complete,S,0,88.85,fe0311f2eaed20998dd6f0744ea816730da71db72427c177db3fac7497882361
plan_once_per_waypoint,g223_nav_003,g223,0,new_unseen,8,8,mission_complete,S,0,68.05,ec9869e20d08687d3a1d17cc526e08f17420c26b79926531b966f6d635850e28
plan_once_per_waypoint,g228_nav_000,g228,1,risk_model_training,8,8,mission_complete,S,0,92.65,88eae09e2cd8be93d58a36cdb661e1e4c6b6d7ca0e6766179386c10fc8fc6461
plan_once_per_waypoint,g228_nav_001,g228,1,risk_model_training,6,6,mission_complete,S,0,73.75,91423861cd3a601fd723e5617a3b6558b130486700872728dd2fc92753ce5208
plan_once_per_waypoint,g231_nav_000,g231,0,held_out_development,5,5,mission_complete,S,0,56.80,af561783725b51874bd4aec422be8ff669d956733da4358b6fa65af753727c26
plan_once_per_waypoint,g231_nav_001,g231,0,held_out_development,7,7,mission_complete,S,0,69.95,b3a35a2ab1db2bc78ec440008e538e13ecb3a6af5400ca4e9c6fa3ab04e8b4c3
plan_once_per_waypoint,g234_nav_000,g234,0,new_unseen,5,5,mission_complete,S,0,57.55,f885daa9d30e815cf86fcea5a2b0db8ff2080e40fc62fe0a888830dbad579d52
plan_once_per_waypoint,g234_nav_001,g234,0,new_unseen,6,6,mission_complete,S,0,62.55,fbf4d760656255f2fa08eab779e758a0036d6d947e3127e739b7ae98db32abe5
plan_once_per_waypoint,g234_nav_002,g234,0,new_unseen,7,7,mission_complete,S,0,79.00,fa3c0b582a1c138fc4e23a95f644bfc0dd1fca9312a438842c0ed78bfe11b491
plan_once_per_waypoint,g234_nav_003,g234,0,new_unseen,7,7,mission_complete,s,1,102.45,41c16ac036de1daa206e520432dd7711d2e3461d75a207af1adce6ee408ba81e
replan_every_2s,f104_nav_000,f104,1,risk_model_training,6,6,mission_complete,S,0,61.35,b1fbbd4b380381a69b4b873cdc95dc1615e46a71e9f0dfb804388d1079be99ec
replan_every_2s,f104_nav_001,f104,1,risk_model_training,7,7,mission_complete,s,1,137.85,170d0b6606a495d7ac5533a9c3a5d191532484799f3fe967ac9af8668018254d
replan_every_2s,f104_nav_002,f104,1,risk_model_training,7,7,mission_complete,S,0,71.85,b138b73211f3ddbaa7ccaa0a4d48eef6128afe48ecf7eb3eb247e4f480d3c339
replan_every_2s,f104_nav_003,f104,1,risk_model_training,6,6,mission_complete,S,0,53.65,791b30109b2eed645c854019c5df6b557447bdbadcf07864845430e1c7aa1bb9
replan_every_2s,g203_nav_000,g203,1,risk_model_training,6,6,mission_complete,s,1,91.35,dd4add4657f21080e8b20acfd1e1d810e6fc9534aa804112dca899a65030db2f
replan_every_2s,g203_nav_001,g203,1,risk_model_training,6,6,mission_complete,S,0,98.35,ad9c4436f4ce660e40d86246c6fbc96d31ef2ecc5725fd916933b048ce70f5bb
replan_every_2s,g204_nav_000,g204,0,new_unseen,6,6,mission_complete,S,0,64.85,c5c7ac3284edeb41dab4c2331b2a618f4a9c1f8d0371b0996c2ab47547491ea9
replan_every_2s,g204_nav_001,g204,0,new_unseen,6,3,no_route,U,0,43.70,7418842f196b66d26fbcfddd8134a3f0fadc7f9f26cdd26d6d8205fb06cd2466
replan_every_2s,g204_nav_002,g204,0,new_unseen,6,6,mission_complete,S,0,60.05,1466543d7d042492d420f5f33abf43fbc078902e068092ebe1ad6c2b0272bcfa
replan_every_2s,g204_nav_003,g204,0,new_unseen,8,7,no_route,U,0,71.85,410f70549f60d1dcc02eb07c87ca1eeb68f321f58264c69b60ea070c5af8388b
replan_every_2s,g213_nav_000,g213,0,new_unseen,7,7,mission_complete,s,1,131.45,e7a460a700d69b57df63f4de5db2f58f9c722a7f1bfbb17b1844de6090208d54
replan_every_2s,g213_nav_001,g213,0,new_unseen,6,6,mission_complete,S,0,66.95,8180cc73cd55c1be8a0948d2489c7a9a6644eaab36f2c2084eedb7d4ac18cf32
replan_every_2s,g213_nav_002,g213,0,new_unseen,6,6,mission_complete,S,0,63.20,66efdf772fd9fd906d29bc004a060e515eeef9b52f525b1a1e25e832c5911ff5
replan_every_2s,g213_nav_003,g213,0,new_unseen,8,8,mission_complete,S,0,81.40,1bce11a6fe29824baef35a72fefa2a1e7b0fbee86be2027edcacf2271b4cc7c9
replan_every_2s,g216_nav_000,g216,0,held_out_development,8,6,prolonged_blockage_terminated,U,1,82.50,161011e8dfa7f0d7af90dff65c2e26b524a73af675f74b32ac752a3fe46a8f97
replan_every_2s,g216_nav_001,g216,0,held_out_development,7,7,mission_complete,s,1,94.50,e1a20b5045df4e73c81b9edde1100f651e22cff0709836ecc40f3175c6c2a05c
replan_every_2s,g217_nav_000,g217,1,risk_model_training,7,7,mission_complete,S,0,71.20,bea4a17fe286b41809281c91e95bed9dabef40388ce1aef2d09cf2b87ed24f05
replan_every_2s,g217_nav_001,g217,1,risk_model_training,8,8,mission_complete,S,0,100.00,5bec0f4a34771cfd43c7cb8f63f66fcbf36c95cc63b0999b6c7afab57db06507
replan_every_2s,g223_nav_000,g223,0,new_unseen,6,6,mission_complete,s,1,146.05,96b5f1b7297416c324ad037e1b59fca610eb3c67acf6532bab1e7a8c36f0b741
replan_every_2s,g223_nav_001,g223,0,new_unseen,6,6,mission_complete,s,1,108.10,5a11217b9582a7bce765f461235c5b6c0d30294cc0f18b15bab8643db0eb95c6
replan_every_2s,g223_nav_002,g223,0,new_unseen,7,7,mission_complete,S,0,88.50,7a95f0f9b8869059d3613c8a42155fb12af02ebcfed450cee53e4496ff450ac6
replan_every_2s,g223_nav_003,g223,0,new_unseen,8,4,rollover,U,0,36.80,f3f8094b8db43f3ecd2d2fb1492574747f380672af7f9456c675ee171913e06e
replan_every_2s,g228_nav_000,g228,1,risk_model_training,8,8,mission_complete,S,0,72.10,85c21560c88f87ff9df63a58faa37a37331e1fd39952d7db9968dcc2ba8556b5
replan_every_2s,g228_nav_001,g228,1,risk_model_training,6,3,prolonged_blockage_terminated,U,1,73.80,0185de3459e293ef9a71e1bcb3c3b540ae3dc3237c588f2f76416be0e61b2ea1
replan_every_2s,g231_nav_000,g231,0,held_out_development,5,5,mission_complete,S,0,61.35,4ee0324e1568ee98dcee8bfd9da3486cce9dd8919ccda46cd5a92deb99b37e07
replan_every_2s,g231_nav_001,g231,0,held_out_development,7,7,mission_complete,S,0,84.70,b08c9b6682064302f86d00e897eb8a1aeb547080fb7649085a860b9af4953a8b
replan_every_2s,g234_nav_000,g234,0,new_unseen,5,5,mission_complete,S,0,91.85,dd4ba1176f994d0fa12a44b04b572023b9bdb171e1fb8c37eaf68b2dd8f9e957
replan_every_2s,g234_nav_001,g234,0,new_unseen,6,6,mission_complete,S,0,65.70,818ce6ddaacd1d1b5a4d88d2fc9733aa5fe0c4c92161c23f5e344fbeab037185
replan_every_2s,g234_nav_002,g234,0,new_unseen,7,7,mission_complete,S,0,80.30,8b8d8b10da7162d73d5d02445b835b501dedb9fdcaed788f03503dc10ddedfed
replan_every_2s,g234_nav_003,g234,0,new_unseen,7,7,mission_complete,s,1,99.50,04e0dd09446c5fe90b6d02c0182fbb75d8e8711e2c4ef0fa98d1fdccda92ada4
replan_every_1s,f104_nav_000,f104,1,risk_model_training,6,6,mission_complete,S,0,53.95,3d3bacc7b04aa15b7c3b7b8ffdd51ab13712ee77d6ef4a5de8cdee4a1c3994ea
replan_every_1s,f104_nav_001,f104,1,risk_model_training,7,7,mission_complete,S,0,74.60,773109411a469ceaf5d15698e32502bf85ca719184ea0f7aa8b287bcffac4985
replan_every_1s,f104_nav_002,f104,1,risk_model_training,7,7,mission_complete,S,0,71.65,7bb75321d90027a2bc4aa7e9e07b90fbb28da6a56b7d6db7341e37c51a25561f
replan_every_1s,f104_nav_003,f104,1,risk_model_training,6,6,mission_complete,S,0,52.15,959326f1bb0a7761df6b8428bf2ffe2a79b41bb1c8d99275f1e14e2e7a3727b8
replan_every_1s,g203_nav_000,g203,1,risk_model_training,6,6,mission_complete,S,0,66.35,1660ea48d36be4d65f26f563eba4fd05dfc5e9d3aebf966f17968d45a88a4f89
replan_every_1s,g203_nav_001,g203,1,risk_model_training,6,4,terrain_bounds_exit,U,1,102.40,5eee18857ff2e4e3ee76424818714aa09ff4d383538c4ce668b714e998e01265
replan_every_1s,g204_nav_000,g204,0,new_unseen,6,6,mission_complete,S,0,68.70,3ad2e7880273e8f2f90ae3abc4d345a23f6e49da5690039b6ab99567b8bc4325
replan_every_1s,g204_nav_001,g204,0,new_unseen,6,1,prolonged_blockage_terminated,U,1,43.25,0e01747db5d352a5538530bc39caa96735be8023a7f4c0c6d476f1eaf2fb0296
replan_every_1s,g204_nav_002,g204,0,new_unseen,6,6,mission_complete,S,0,78.45,a5fa0246e9c3617ee41362302d7b5096768d97acbdd65e8479dc73ff16f03733
replan_every_1s,g204_nav_003,g204,0,new_unseen,8,4,prolonged_blockage_terminated,U,1,105.20,f906cc51c8474dfcdfbacb696486f433e939453225220addfdfd52ed0cd55468
replan_every_1s,g213_nav_000,g213,0,new_unseen,7,7,mission_complete,S,0,75.40,9b014551d86f9e70eec631d566e11637052001a1aa05da2bb8f24aa0f8b7a47d
replan_every_1s,g213_nav_001,g213,0,new_unseen,6,2,timeout,U,0,140.65,271351ff310473d17ee2a6e006a34d3968397659ff83e8516e031403346af1a9
replan_every_1s,g213_nav_002,g213,0,new_unseen,6,6,mission_complete,S,0,62.60,3e3253dfa285de63623eb3d754facc4c36fce2b5c7230f6e2771b74cb611e5fc
replan_every_1s,g213_nav_003,g213,0,new_unseen,8,8,mission_complete,s,1,79.70,e1c66c66a18fd6e3896be1dacd25cbc64e58ded5284dcc761324f49464f61343
replan_every_1s,g216_nav_000,g216,0,held_out_development,8,3,prolonged_blockage_terminated,U,1,81.05,e1151446bdcf0f1461e2f809957861dbc46ae7f86b1edc3dc821de2a925d84d8
replan_every_1s,g216_nav_001,g216,0,held_out_development,7,7,mission_complete,S,0,76.55,b7800595c16a08a33c8a59cd1aa4049e1ce223ee4bff63188ca464981910f811
replan_every_1s,g217_nav_000,g217,1,risk_model_training,7,7,mission_complete,s,1,96.25,12cdadf6fcb344fe3a8615fb01c73a7374e700ef378c8f2f5fd98896d7e8cb5e
replan_every_1s,g217_nav_001,g217,1,risk_model_training,8,8,mission_complete,S,0,103.90,d7da9816cc05617955cbbc831aaaf3863045c3816bc4ffdf2dc149627714d7d5
replan_every_1s,g223_nav_000,g223,0,new_unseen,6,6,mission_complete,s,1,71.60,d77921c35f0774a1d0e6e2bb2598759d4a8f7c3ea6b0475ebc8f088621864ffb
replan_every_1s,g223_nav_001,g223,0,new_unseen,6,6,mission_complete,S,0,75.95,40c4c9ba5e2b6d43e7f6ce01f400cb06dd9dadda799a57e03520f098d5c0dbfa
replan_every_1s,g223_nav_002,g223,0,new_unseen,7,7,mission_complete,S,0,73.95,ab222a8883bcd2471a28a5065013ee578665e4c472776ebcd5196c19f60ee0d4
replan_every_1s,g223_nav_003,g223,0,new_unseen,8,8,mission_complete,S,0,73.85,72893f6890027f831dc38b9efab0ecf23f9e1279ed3b2ff654157a18e55882aa
replan_every_1s,g228_nav_000,g228,1,risk_model_training,8,8,mission_complete,S,0,77.05,0c1015681f069517f66eeea72507eb485b32f9914c29dc68b05022a3f9c750f3
replan_every_1s,g228_nav_001,g228,1,risk_model_training,6,6,mission_complete,s,1,83.50,8588e65a1de9c09c0ec103d572a170ce413d2faae0d9e84393ae3a0b408c0899
replan_every_1s,g231_nav_000,g231,0,held_out_development,5,5,mission_complete,S,0,65.65,6e63bfecae94702526050f11b97b6bc87ec1c2a56049833540d9afad11752145
replan_every_1s,g231_nav_001,g231,0,held_out_development,7,7,mission_complete,S,0,75.85,b49453551cef15cadfa168ac1e00e6e83e5991a5ebfaea17f85db6c551769c4c
replan_every_1s,g234_nav_000,g234,0,new_unseen,5,5,mission_complete,s,1,116.55,d88dbd745557117e383b51de95006900d3c164193349494ccfd157fade6dcb98
replan_every_1s,g234_nav_001,g234,0,new_unseen,6,6,mission_complete,S,0,61.85,a840dcc4b556155976c34dbb4aa114be07eefc29341caeedb1bc87931decefcb
replan_every_1s,g234_nav_002,g234,0,new_unseen,7,7,mission_complete,S,0,81.70,c5ff02a1dc1109e7d913b2b87dc5749a0bc85e4d829cb18b3dfab6cc7939e33a
replan_every_1s,g234_nav_003,g234,0,new_unseen,7,7,mission_complete,s,1,103.35,f5aca873e08a8329cd0e61883a2bdc18f4e42d20d1e0e11941ad1fe9fbcaa82f
replan_every_1s_delay_charged,f104_nav_000,f104,1,risk_model_training,6,6,mission_complete,S,0,58.60,69a67fcc4ff1f5aaab829771e7baf703346492f7631f21bb8a048777bfe84777
replan_every_1s_delay_charged,f104_nav_001,f104,1,risk_model_training,7,2,timeout,U,1,140.10,c8ba46fb585498e9146f54b0ef002acbbafeac0fe098d0119962c6965bd7ceb9
replan_every_1s_delay_charged,f104_nav_002,f104,1,risk_model_training,7,7,mission_complete,S,0,75.95,e747f7c80c0bd6d89ecf37ac6148b8c97aac5d3d3f0eea13fb3cacb28fd11192
replan_every_1s_delay_charged,f104_nav_003,f104,1,risk_model_training,6,6,mission_complete,S,0,57.05,341ac83335045cf38f96c6670b930567b3405dbe46bc7c80b9e754bc7a5dbac5
replan_every_1s_delay_charged,g203_nav_000,g203,1,risk_model_training,6,6,mission_complete,S,0,99.75,a84af83413593dac621458ee95a7e3a7542de26e25615bc33dc9792541adf3a8
replan_every_1s_delay_charged,g203_nav_001,g203,1,risk_model_training,6,6,mission_complete,s,1,113.30,e981db4f5f2656664e564093fc06e653433bd19e6cf53b3635dff452620cb911
replan_every_1s_delay_charged,g204_nav_000,g204,0,new_unseen,6,6,mission_complete,S,0,72.95,c3b469b1179643cfe4187f6542df76b869c2af33d5172bc235435acf4759abe8
replan_every_1s_delay_charged,g204_nav_001,g204,0,new_unseen,6,3,no_route,U,0,46.40,4013ced3f75b5f1e0a3bc739ced1ae1c43e5fd007d3769ef094ffd552935a7eb
replan_every_1s_delay_charged,g204_nav_002,g204,0,new_unseen,6,6,mission_complete,S,0,73.85,b41ffb59dcc573659c6680671b184af12278173004aec155bb2f195ce00a465d
replan_every_1s_delay_charged,g204_nav_003,g204,0,new_unseen,8,8,mission_complete,S,0,156.70,4c3a2328a4fa9ba39bce72d7d94171ca85da1e88c52a844f19879c3c201c1f20
replan_every_1s_delay_charged,g213_nav_000,g213,0,new_unseen,7,7,mission_complete,S,0,84.55,b1b65d20e850082159be0b067cae84562cadcf628de74191dbb301d6eb21246f
replan_every_1s_delay_charged,g213_nav_001,g213,0,new_unseen,6,6,mission_complete,S,0,64.15,407c411347706fa01a32cc47eeeacdb950241d6ea9b8f6308ce6ec7f83eb451d
replan_every_1s_delay_charged,g213_nav_002,g213,0,new_unseen,6,0,prolonged_blockage_terminated,U,1,96.90,1b013880ce177b3929fa9c71dda435a24da4d25492f65e1f7500b8406361451d
replan_every_1s_delay_charged,g213_nav_003,g213,0,new_unseen,8,5,timeout,U,1,170.45,55cf84c9e86a8ff1a3a15b517a9bcc83fd02db7ecef371d1d66b221683cae64b
replan_every_1s_delay_charged,g216_nav_000,g216,0,held_out_development,8,8,mission_complete,s,1,184.20,f130a02fb2096b47a75dfcf630a772707e09317acac234adae36d8c9586171cc
replan_every_1s_delay_charged,g216_nav_001,g216,0,held_out_development,7,7,mission_complete,S,0,82.45,720c556e14ad714c572e3da3a0fb13f991c0fde32af3f4ec746584751d89db5e
replan_every_1s_delay_charged,g217_nav_000,g217,1,risk_model_training,7,7,mission_complete,S,0,74.15,8ef0beba96582cdad685368a85e580cf2ae9dbeee64fe4a468b1a5b51c0f61e1
replan_every_1s_delay_charged,g217_nav_001,g217,1,risk_model_training,8,8,mission_complete,S,0,99.55,3a1740f67f4c9ad14214f3392e1f4cc063b6ce451b6b259aa40e06e8bc127595
replan_every_1s_delay_charged,g223_nav_000,g223,0,new_unseen,6,2,prolonged_blockage_terminated,U,1,81.60,05d1b0e57ce8454617aa97ec852816ffae7f7e19611c65aa6cc7d41e96b6ab67
replan_every_1s_delay_charged,g223_nav_001,g223,0,new_unseen,6,6,mission_complete,S,0,118.20,90ba5a3479cdb6634ae75f2181a14a749b15cf14a20b94f5fec6d5c886f73ef6
replan_every_1s_delay_charged,g223_nav_002,g223,0,new_unseen,7,7,mission_complete,S,0,82.50,aef9e0ec3d8c99b63296f4dbbb8eee5914059c8153c6d3aa318ddf8eee71b465
replan_every_1s_delay_charged,g223_nav_003,g223,0,new_unseen,8,8,mission_complete,S,0,74.20,4f132a8e252f044dc54991c34dc53c970169277e3970fc0db00700f51f20dc0a
replan_every_1s_delay_charged,g228_nav_000,g228,1,risk_model_training,8,8,mission_complete,S,0,100.65,e94d2659e92b78e148e97018ac56eb9c87a1ebb2eaf49bd83ee1767805e52f11
replan_every_1s_delay_charged,g228_nav_001,g228,1,risk_model_training,6,6,mission_complete,S,0,68.05,088898b681f2904a0385da7be49b609f8ad9608904a6a1083d6ffe966747bf95
replan_every_1s_delay_charged,g231_nav_000,g231,0,held_out_development,5,2,rollover,U,0,34.75,77857e977d094520ab83cf88beb930fb305c1fa746369c55809b8bab8d6bf070
replan_every_1s_delay_charged,g231_nav_001,g231,0,held_out_development,7,6,terrain_bounds_exit,U,1,77.55,e42ad0950797b00f0cd7ea8ffa5dd5a3af60108aae74f87d64bb3cc2a4c0ab2e
replan_every_1s_delay_charged,g234_nav_000,g234,0,new_unseen,5,4,prolonged_blockage_terminated,U,1,155.30,d3f13504af4b9b1a64620f3aa6ae6f57e5c74423bbee5bdde899fa0a8f776533
replan_every_1s_delay_charged,g234_nav_001,g234,0,new_unseen,6,6,mission_complete,S,0,70.60,f3e02ca3947d37f04f1d765f3a4a965b3b4c72cc90fb2e9262a2354e90ffb832
replan_every_1s_delay_charged,g234_nav_002,g234,0,new_unseen,7,7,mission_complete,s,1,108.20,fa3e480dfa6c41ae479785f3b4e13f9ab8adb1b7b09bd30b109044c788fdd555
replan_every_1s_delay_charged,g234_nav_003,g234,0,new_unseen,7,7,mission_complete,S,0,69.35,8218efe32c6c043b45a1a6cdeb3b92d1d40f6d30915a840831a6dd2473000ea7
