task_id,arena,arena_kind,world,terrain_cluster,task_type,polaris_own_model_sampling_grad,polaris_own_model_sampling,polaris_straight_6mps
g241_test_group_0000,g241,spread,crm_soil,g241:0,hill_entry_cross_exit,S,S,S
g241_test_group_0001,g241,spread,crm_soil,g241:1,hill_entry_cross_exit,S,S,S
g241_test_group_0009,g241,spread,crm_soil,g241:9,crater_entry_cross_exit,S,S,S
g241_test_group_0010,g241,spread,crm_soil,g241:10,crater_entry_cross_exit,S,S,S
g241_test_group_0012,g241,spread,crm_soil,g241:5,hill_entry_cross_exit,S,S,S
g241_test_group_0014,g241,spread,crm_soil,g241:7,hill_cross_slope,S,S,S
g241_test_group_0016,g241,spread,crm_soil,g241:5,crater_cross_slope,S,S,S
g241_test_group_0017,g241,spread,crm_soil,g241:6,crater_cross_slope,S,S,S
g241_test_group_0019,g241,spread,crm_soil,g241:8,crater_cross_slope,S,S,S
g241_test_group_0021,g241,spread,crm_soil,g241:10,crater_cross_slope,S,S,S
g241_test_group_0025,g241,spread,crm_soil,g241:3,hill_cross_slope,S,S,S
g241_test_group_0026,g241,spread,crm_soil,g241:4,hill_cross_slope,S,S,S
g241_test_group_0027,g241,spread,crm_soil,g241:10,crater_cross_slope,S,S,S
g241_test_group_0028,g241,spread,crm_soil,g241:6,crater_cross_slope,S,S,S
g241_test_group_0029,g241,spread,crm_soil,g241:8,crater_cross_slope,S,S,S
g241_test_group_0030,g241,spread,crm_soil,g241:8,crater_cross_slope,S,S,S
g241_test_group_0031,g241,spread,crm_soil,g241:9,crater_cross_slope,S,S,S
g241_test_group_0035,g241,spread,crm_soil,g241:2,hill_cross_slope,S,S,S
g241_test_group_0036,g241,spread,crm_soil,g241:5,hill_cross_slope,S,S,U
g241_test_group_0038,g241,spread,crm_soil,g241:10,crater_cross_slope,S,S,S
g241_test_group_0039,g241,spread,crm_soil,g241:6,crater_entry_cross_exit,S,S,S
g241_test_group_0040,g241,spread,crm_soil,g241:8,crater_entry_cross_exit,S,S,S
g241_test_group_0042,g241,spread,crm_soil,g241:9,crater_entry_cross_exit,S,S,U
g241_test_group_0046,g241,spread,crm_soil,g241:2,hill_entry_cross_exit,S,S,S
g241_test_group_0048,g241,spread,crm_soil,g241:4,hill_entry_cross_exit,S,S,S
g241_test_group_0049,g241,spread,crm_soil,g241:5,crater_entry_cross_exit,S,S,S
g241_test_group_0050,g241,spread,crm_soil,g241:6,crater_entry_cross_exit,S,S,S
g241_test_group_0052,g241,spread,crm_soil,g241:8,crater_cross_slope,S,S,S
g241_test_group_0053,g241,spread,crm_soil,g241:9,crater_cross_slope,S,S,S
g241_test_group_0054,g241,spread,crm_soil,g241:5,crater_cross_slope,S,S,S
g241_test_group_0060,g241,spread,crm_soil,g241:5,crater_cross_slope,S,S,S
g241_test_group_0061,g241,spread,crm_soil,g241:6,crater_cross_slope,S,S,S
g241_test_group_0065,g241,spread,crm_soil,g241:0,crater_cross_slope,S,S,S
g241_test_group_0069,g241,spread,crm_soil,g241:5,hill_cross_slope,U,S,S
g241_test_group_0070,g241,spread,crm_soil,g241:4,hill_cross_slope,S,S,S
g241_test_group_0074,g241,spread,crm_soil,g241:8,crater_cross_slope,S,S,S
g241_test_group_0077,g241,spread,crm_soil,g241:0,hill_cross_slope,S,S,S
g241_test_group_0078,g241,spread,crm_soil,g241:10,hill_entry_cross_exit,S,S,S
g241_test_group_0080,g241,spread,crm_soil,g241:7,hill_entry_cross_exit,S,S,S
g241_test_group_0086,g241,spread,crm_soil,g241:9,crater_entry_cross_exit,S,S,S
g241_test_group_0087,g241,spread,crm_soil,g241:10,crater_entry_cross_exit,S,S,S
g241_test_group_0090,g241,spread,crm_soil,g241:2,hill_entry_cross_exit,S,S,S
g241_test_group_0091,g241,spread,crm_soil,g241:3,hill_cross_slope,S,S,S
g241_test_group_0093,g241,spread,crm_soil,g241:3,crater_cross_slope,S,S,S
g241_test_group_0095,g241,spread,crm_soil,g241:7,crater_cross_slope,S,S,S
g241_test_group_0096,g241,spread,crm_soil,g241:8,crater_cross_slope,S,S,S
g241_test_group_0097,g241,spread,crm_soil,g241:9,crater_cross_slope,S,S,S
g241_test_group_0098,g241,spread,crm_soil,g241:5,crater_cross_slope,S,S,S
g241_test_group_0099,g241,spread,crm_soil,g241:0,hill_cross_slope,S,S,S
g241_test_group_0100,g241,spread,crm_soil,g241:5,hill_cross_slope,S,S,S
g241_test_group_0102,g241,spread,crm_soil,g241:3,hill_cross_slope,S,S,S
g241_test_group_0104,g241,spread,crm_soil,g241:3,crater_cross_slope,S,S,S
g241_test_group_0106,g241,spread,crm_soil,g241:8,crater_cross_slope,S,S,S
g241_test_group_0107,g241,spread,crm_soil,g241:8,crater_cross_slope,S,S,S
g241_test_group_0112,g241,spread,crm_soil,g241:2,hill_cross_slope,S,S,S
g241_test_group_0115,g241,spread,crm_soil,g241:3,crater_cross_slope,S,S,S
g241_test_group_0117,g241,spread,crm_soil,g241:8,crater_entry_cross_exit,S,S,S
g241_test_group_0119,g241,spread,crm_soil,g241:9,crater_entry_cross_exit,S,S,S
g241_test_group_0120,g241,spread,crm_soil,g241:10,crater_entry_cross_exit,S,S,S
g241_test_group_0122,g241,spread,crm_soil,g241:5,hill_entry_cross_exit,S,S,S
g241_test_group_0128,g241,spread,crm_soil,g241:8,crater_entry_cross_exit,S,S,S
g241_test_group_0132,g241,spread,crm_soil,g241:0,hill_cross_slope,S,S,S
g241_test_group_0133,g241,spread,crm_soil,g241:10,hill_cross_slope,S,S,S
g241_test_group_0135,g241,spread,crm_soil,g241:3,hill_cross_slope,S,S,S
g241_test_group_0136,g241,spread,crm_soil,g241:4,hill_cross_slope,S,S,S
g241_test_group_0137,g241,spread,crm_soil,g241:3,crater_cross_slope,S,S,S
g241_test_group_0138,g241,spread,crm_soil,g241:6,crater_cross_slope,S,S,S
g241_test_group_0139,g241,spread,crm_soil,g241:7,crater_cross_slope,S,S,S
g241_test_group_0140,g241,spread,crm_soil,g241:8,crater_cross_slope,S,S,S
g241_test_group_0141,g241,spread,crm_soil,g241:9,crater_cross_slope,S,S,S
g241_test_group_0142,g241,spread,crm_soil,g241:10,crater_cross_slope,S,S,S
g241_test_group_0143,g241,spread,crm_soil,g241:0,hill_cross_slope,S,S,S
g241_test_group_0144,g241,spread,crm_soil,g241:1,hill_cross_slope,S,S,S
g241_test_group_0148,g241,spread,crm_soil,g241:3,crater_cross_slope,S,S,S
g241_test_group_0154,g241,spread,crm_soil,g241:0,hill_cross_slope,S,S,S
g241_test_group_0158,g241,spread,crm_soil,g241:4,hill_entry_cross_exit,S,S,S
g241_test_group_0160,g241,spread,crm_soil,g241:6,crater_entry_cross_exit,S,S,S
g241_test_group_0161,g241,spread,crm_soil,g241:8,crater_entry_cross_exit,S,S,S
g241_test_group_0164,g241,spread,crm_soil,g241:5,crater_entry_cross_exit,S,S,U
g241_test_group_0166,g241,spread,crm_soil,g241:5,hill_entry_cross_exit,S,S,S
g241_test_group_0167,g241,spread,crm_soil,g241:2,hill_entry_cross_exit,S,S,S
g241_test_group_0174,g241,spread,crm_soil,g241:9,crater_cross_slope,S,S,S
g241_test_group_0177,g241,spread,crm_soil,g241:5,hill_cross_slope,S,S,S
g241_test_group_0179,g241,spread,crm_soil,g241:3,hill_cross_slope,S,S,S
g241_test_group_0181,g241,spread,crm_soil,g241:3,crater_cross_slope,S,S,S
g241_test_group_0182,g241,spread,crm_soil,g241:6,crater_cross_slope,S,S,S
g241_test_group_0183,g241,spread,crm_soil,g241:8,crater_cross_slope,S,S,S
g241_test_group_0185,g241,spread,crm_soil,g241:9,crater_cross_slope,S,S,S
g241_test_group_0186,g241,spread,crm_soil,g241:5,crater_cross_slope,S,S,S
g241_test_group_0188,g241,spread,crm_soil,g241:1,hill_cross_slope,S,S,S
g241_test_group_0191,g241,spread,crm_soil,g241:4,hill_cross_slope,S,S,S
g241_test_group_0194,g241,spread,crm_soil,g241:8,crater_cross_slope,S,S,S
g241_test_group_0197,g241,spread,crm_soil,g241:10,crater_entry_cross_exit,S,S,S
g241_test_group_0199,g241,spread,crm_soil,g241:5,hill_entry_cross_exit,S,S,S
g241_test_group_0200,g241,spread,crm_soil,g241:2,hill_entry_cross_exit,S,S,S
g241_test_group_0201,g241,spread,crm_soil,g241:5,hill_entry_cross_exit,S,S,S
g241_test_group_0202,g241,spread,crm_soil,g241:4,hill_entry_cross_exit,S,S,S
g241_test_group_0203,g241,spread,crm_soil,g241:5,crater_entry_cross_exit,S,S,S
g241_test_group_0205,g241,spread,crm_soil,g241:8,crater_entry_cross_exit,S,S,S
g241_test_group_0206,g241,spread,crm_soil,g241:8,crater_entry_cross_exit,S,S,S
g241_test_group_0208,g241,spread,crm_soil,g241:10,crater_cross_slope,S,S,S
g241_test_group_0209,g241,spread,crm_soil,g241:0,hill_cross_slope,S,S,S
g241_test_group_0211,g241,spread,crm_soil,g241:0,hill_cross_slope,S,S,S
g241_test_group_0213,g241,spread,crm_soil,g241:4,hill_cross_slope,S,S,S
g241_test_group_0215,g241,spread,crm_soil,g241:6,crater_cross_slope,S,S,S
g241_test_group_0218,g241,spread,crm_soil,g241:9,crater_cross_slope,S,S,S
g241_test_group_0222,g241,spread,crm_soil,g241:2,hill_cross_slope,S,S,S
g241_test_group_0223,g241,spread,crm_soil,g241:5,hill_cross_slope,S,S,S
g241_test_group_0224,g241,spread,crm_soil,g241:4,hill_cross_slope,S,S,S
g241_test_group_0228,g241,spread,crm_soil,g241:8,crater_cross_slope,S,S,S
g241_test_group_0229,g241,spread,crm_soil,g241:9,crater_cross_slope,S,S,S
g241_test_group_0231,g241,spread,crm_soil,g241:0,hill_cross_slope,S,S,S
g241_test_group_0232,g241,spread,crm_soil,g241:5,hill_cross_slope,S,S,S
g241_test_group_0233,g241,spread,crm_soil,g241:2,hill_cross_slope,S,S,S
g241_test_group_0235,g241,spread,crm_soil,g241:4,hill_entry_cross_exit,S,S,S
g241_test_group_0236,g241,spread,crm_soil,g241:5,crater_entry_cross_exit,S,S,S
g241_test_group_0238,g241,spread,crm_soil,g241:8,crater_entry_cross_exit,S,S,S
g241_test_group_0239,g241,spread,crm_soil,g241:8,crater_entry_cross_exit,S,S,S
g241_test_group_0241,g241,spread,crm_soil,g241:10,crater_entry_cross_exit,S,S,S
g241_test_group_0242,g241,spread,crm_soil,g241:0,hill_entry_cross_exit,S,S,S
g241_test_group_0243,g241,spread,crm_soil,g241:5,hill_entry_cross_exit,S,S,S
g241_test_group_0244,g241,spread,crm_soil,g241:2,hill_entry_cross_exit,S,S,S
g241_test_group_0245,g241,spread,crm_soil,g241:7,hill_entry_cross_exit,S,S,S
g241_test_group_0247,g241,spread,crm_soil,g241:5,crater_cross_slope,S,S,S
g241_test_group_0249,g241,spread,crm_soil,g241:7,crater_cross_slope,S,S,S
g247_test_group_0000,g247,near,crm_soil,g247:0,hill_entry_cross_exit,S,S,S
g247_test_group_0002,g247,near,crm_soil,g247:2,hill_entry_cross_exit,S,S,S
g247_test_group_0004,g247,near,crm_soil,g247:4,hill_entry_cross_exit,S,S,U
g247_test_group_0005,g247,near,crm_soil,g247:5,crater_entry_cross_exit,S,S,S
g247_test_group_0008,g247,near,crm_soil,g247:8,crater_entry_cross_exit,S,S,S
g247_test_group_0010,g247,near,crm_soil,g247:6,hill_entry_cross_exit,S,S,S
g247_test_group_0012,g247,near,crm_soil,g247:1,hill_entry_cross_exit,S,S,S
g247_test_group_0013,g247,near,crm_soil,g247:2,hill_cross_slope,S,S,S
g247_test_group_0015,g247,near,crm_soil,g247:4,hill_cross_slope,S,S,S
g247_test_group_0016,g247,near,crm_soil,g247:5,crater_cross_slope,S,S,S
g247_test_group_0021,g247,near,crm_soil,g247:10,crater_cross_slope,S,S,S
g247_test_group_0022,g247,near,crm_soil,g247:0,hill_cross_slope,S,S,S
g247_test_group_0023,g247,near,crm_soil,g247:2,hill_cross_slope,S,S,S
g247_test_group_0025,g247,near,crm_soil,g247:3,hill_cross_slope,S,S,S
g247_test_group_0027,g247,near,crm_soil,g247:5,crater_cross_slope,S,S,U
g247_test_group_0028,g247,near,crm_soil,g247:6,crater_cross_slope,S,S,S
g247_test_group_0029,g247,near,crm_soil,g247:7,crater_cross_slope,S,S,S
g247_test_group_0031,g247,near,crm_soil,g247:9,crater_cross_slope,S,S,S
g247_test_group_0033,g247,near,crm_soil,g247:0,hill_cross_slope,S,S,S
g247_test_group_0034,g247,near,crm_soil,g247:1,hill_cross_slope,S,S,S
g247_test_group_0035,g247,near,crm_soil,g247:2,hill_cross_slope,S,S,S
g247_test_group_0036,g247,near,crm_soil,g247:3,hill_cross_slope,S,S,S
g247_test_group_0039,g247,near,crm_soil,g247:6,crater_entry_cross_exit,S,S,U
g247_test_group_0041,g247,near,crm_soil,g247:8,crater_entry_cross_exit,S,S,S
g247_test_group_0043,g247,near,crm_soil,g247:9,crater_entry_cross_exit,S,S,S
g247_test_group_0048,g247,near,crm_soil,g247:4,hill_entry_cross_exit,S,S,S
g247_test_group_0050,g247,near,crm_soil,g247:6,crater_entry_cross_exit,S,S,S
g247_test_group_0054,g247,near,crm_soil,g247:10,crater_cross_slope,S,S,S
g247_test_group_0056,g247,near,crm_soil,g247:2,hill_cross_slope,S,S,S
g247_test_group_0057,g247,near,crm_soil,g247:2,hill_cross_slope,S,S,S
g247_test_group_0060,g247,near,crm_soil,g247:5,crater_cross_slope,S,S,S
g247_test_group_0063,g247,near,crm_soil,g247:8,crater_cross_slope,S,S,S
g247_test_group_0064,g247,near,crm_soil,g247:9,crater_cross_slope,S,S,S
g247_test_group_0065,g247,near,crm_soil,g247:10,crater_cross_slope,S,S,S
g247_test_group_0068,g247,near,crm_soil,g247:2,hill_cross_slope,S,S,S
g247_test_group_0069,g247,near,crm_soil,g247:3,hill_cross_slope,S,S,S
g247_test_group_0071,g247,near,crm_soil,g247:5,crater_cross_slope,S,S,S
g247_test_group_0072,g247,near,crm_soil,g247:6,crater_cross_slope,S,S,S
g247_test_group_0073,g247,near,crm_soil,g247:7,crater_cross_slope,S,S,S
g247_test_group_0074,g247,near,crm_soil,g247:8,crater_cross_slope,S,S,S
g247_test_group_0075,g247,near,crm_soil,g247:9,crater_cross_slope,S,S,S
g247_test_group_0076,g247,near,crm_soil,g247:10,crater_cross_slope,S,S,S
g247_test_group_0077,g247,near,crm_soil,g247:0,hill_cross_slope,S,S,S
g247_test_group_0081,g247,near,crm_soil,g247:4,hill_entry_cross_exit,S,S,S
g247_test_group_0082,g247,near,crm_soil,g247:5,crater_entry_cross_exit,S,S,S
g247_test_group_0083,g247,near,crm_soil,g247:6,crater_entry_cross_exit,S,S,S
g247_test_group_0084,g247,near,crm_soil,g247:7,crater_entry_cross_exit,S,S,S
g247_test_group_0086,g247,near,crm_soil,g247:9,crater_entry_cross_exit,S,S,S
g247_test_group_0089,g247,near,crm_soil,g247:1,hill_entry_cross_exit,S,S,S
g247_test_group_0090,g247,near,crm_soil,g247:2,hill_entry_cross_exit,S,S,S
g247_test_group_0093,g247,near,crm_soil,g247:5,crater_cross_slope,S,S,S
g247_test_group_0095,g247,near,crm_soil,g247:8,crater_cross_slope,S,S,S
g247_test_group_0097,g247,near,crm_soil,g247:9,crater_cross_slope,S,S,S
g247_test_group_0099,g247,near,crm_soil,g247:0,hill_cross_slope,S,S,S
g247_test_group_0100,g247,near,crm_soil,g247:2,hill_cross_slope,S,S,S
g247_test_group_0101,g247,near,crm_soil,g247:9,hill_cross_slope,S,S,S
g247_test_group_0105,g247,near,crm_soil,g247:6,crater_cross_slope,S,S,S
g247_test_group_0106,g247,near,crm_soil,g247:7,crater_cross_slope,S,S,S
g247_test_group_0108,g247,near,crm_soil,g247:9,crater_cross_slope,S,S,S
g247_test_group_0109,g247,near,crm_soil,g247:10,crater_cross_slope,S,S,S
g247_test_group_0110,g247,near,crm_soil,g247:0,hill_cross_slope,S,S,S
g247_test_group_0112,g247,near,crm_soil,g247:2,hill_cross_slope,S,S,S
g247_test_group_0113,g247,near,crm_soil,g247:3,hill_cross_slope,S,S,S
g247_test_group_0114,g247,near,crm_soil,g247:4,hill_cross_slope,S,S,S
g247_test_group_0115,g247,near,crm_soil,g247:5,crater_cross_slope,S,S,S
g247_test_group_0117,g247,near,crm_soil,g247:7,crater_entry_cross_exit,S,S,S
g247_test_group_0125,g247,near,crm_soil,g247:4,hill_entry_cross_exit,S,S,S
g247_test_group_0127,g247,near,crm_soil,g247:6,crater_entry_cross_exit,S,S,S
g247_test_group_0130,g247,near,crm_soil,g247:9,crater_cross_slope,S,S,S
g247_test_group_0131,g247,near,crm_soil,g247:10,crater_cross_slope,S,S,S
g247_test_group_0133,g247,near,crm_soil,g247:2,hill_cross_slope,S,S,S
g247_test_group_0134,g247,near,crm_soil,g247:2,hill_cross_slope,S,S,S
g247_test_group_0135,g247,near,crm_soil,g247:3,hill_cross_slope,S,S,S
g247_test_group_0136,g247,near,crm_soil,g247:4,hill_cross_slope,S,S,S
g247_test_group_0137,g247,near,crm_soil,g247:5,crater_cross_slope,S,S,S
g247_test_group_0138,g247,near,crm_soil,g247:6,crater_cross_slope,S,S,S
g247_test_group_0141,g247,near,crm_soil,g247:9,crater_cross_slope,S,S,S
g247_test_group_0142,g247,near,crm_soil,g247:10,crater_cross_slope,S,S,S
g247_test_group_0144,g247,near,crm_soil,g247:1,hill_cross_slope,S,S,S
g247_test_group_0146,g247,near,crm_soil,g247:3,hill_cross_slope,S,S,S
g247_test_group_0148,g247,near,crm_soil,g247:5,crater_cross_slope,S,S,S
g247_test_group_0149,g247,near,crm_soil,g247:6,crater_cross_slope,S,S,S
g247_test_group_0150,g247,near,crm_soil,g247:7,crater_cross_slope,S,S,S
g247_test_group_0151,g247,near,crm_soil,g247:2,crater_cross_slope,S,S,S
g247_test_group_0152,g247,near,crm_soil,g247:9,crater_cross_slope,S,S,S
g247_test_group_0153,g247,near,crm_soil,g247:10,crater_cross_slope,S,S,S
g247_test_group_0155,g247,near,crm_soil,g247:1,hill_cross_slope,S,S,S
g247_test_group_0159,g247,near,crm_soil,g247:5,crater_entry_cross_exit,S,S,S
g247_test_group_0160,g247,near,crm_soil,g247:6,crater_entry_cross_exit,S,S,S
g247_test_group_0161,g247,near,crm_soil,g247:7,crater_entry_cross_exit,S,S,S
g247_test_group_0163,g247,near,crm_soil,g247:9,crater_entry_cross_exit,S,S,S
g247_test_group_0165,g247,near,crm_soil,g247:0,hill_entry_cross_exit,S,S,S
g247_test_group_0167,g247,near,crm_soil,g247:9,hill_entry_cross_exit,S,S,S
g247_test_group_0172,g247,near,crm_soil,g247:8,crater_cross_slope,S,S,S
g247_test_group_0173,g247,near,crm_soil,g247:2,crater_cross_slope,S,S,S
g247_test_group_0175,g247,near,crm_soil,g247:10,crater_cross_slope,S,S,S
g247_test_group_0179,g247,near,crm_soil,g247:3,hill_cross_slope,S,S,S
g247_test_group_0180,g247,near,crm_soil,g247:4,hill_cross_slope,S,S,S
g247_test_group_0186,g247,near,crm_soil,g247:10,crater_cross_slope,S,S,S
g247_test_group_0188,g247,near,crm_soil,g247:1,hill_cross_slope,S,S,S
g247_test_group_0191,g247,near,crm_soil,g247:5,hill_cross_slope,S,S,S
g247_test_group_0197,g247,near,crm_soil,g247:0,hill_entry_cross_exit,S,S,S
g247_test_group_0199,g247,near,crm_soil,g247:1,hill_entry_cross_exit,S,S,S
g247_test_group_0201,g247,near,crm_soil,g247:3,hill_entry_cross_exit,S,S,S
g247_test_group_0206,g247,near,crm_soil,g247:8,crater_entry_cross_exit,S,S,S
g247_test_group_0207,g247,near,crm_soil,g247:9,crater_entry_cross_exit,S,S,S
g247_test_group_0209,g247,near,crm_soil,g247:0,hill_cross_slope,S,S,S
g247_test_group_0213,g247,near,crm_soil,g247:4,hill_cross_slope,S,S,S
g247_test_group_0216,g247,near,crm_soil,g247:8,crater_cross_slope,S,S,U
g247_test_group_0218,g247,near,crm_soil,g247:9,crater_cross_slope,S,S,S
g247_test_group_0219,g247,near,crm_soil,g247:10,crater_cross_slope,S,S,S
g247_test_group_0221,g247,near,crm_soil,g247:1,hill_cross_slope,S,S,S
g247_test_group_0226,g247,near,crm_soil,g247:6,crater_cross_slope,S,S,S
g247_test_group_0227,g247,near,crm_soil,g247:7,crater_cross_slope,S,S,S
g247_test_group_0228,g247,near,crm_soil,g247:2,crater_cross_slope,S,S,S
g247_test_group_0229,g247,near,crm_soil,g247:9,crater_cross_slope,S,S,S
g247_test_group_0230,g247,near,crm_soil,g247:10,crater_cross_slope,S,S,S
g247_test_group_0232,g247,near,crm_soil,g247:7,hill_cross_slope,S,S,S
g247_test_group_0234,g247,near,crm_soil,g247:3,hill_entry_cross_exit,S,S,S
g247_test_group_0235,g247,near,crm_soil,g247:4,hill_entry_cross_exit,S,S,S
g247_test_group_0236,g247,near,crm_soil,g247:5,crater_entry_cross_exit,S,S,U
g247_test_group_0240,g247,near,crm_soil,g247:9,crater_entry_cross_exit,S,S,S
g247_test_group_0244,g247,near,crm_soil,g247:2,hill_entry_cross_exit,S,S,S
g247_test_group_0247,g247,near,crm_soil,g247:5,crater_cross_slope,S,S,S
g247_test_group_0248,g247,near,crm_soil,g247:6,crater_cross_slope,S,S,S
g251_test_group_0000,g251,near,crm_soil,g251:0,hill_entry_cross_exit,S,S,S
g251_test_group_0001,g251,near,crm_soil,g251:2,hill_entry_cross_exit,S,S,S
g251_test_group_0003,g251,near,crm_soil,g251:4,hill_entry_cross_exit,S,S,S
g251_test_group_0007,g251,near,crm_soil,g251:7,crater_entry_cross_exit,S,S,S
g251_test_group_0008,g251,near,crm_soil,g251:0,hill_entry_cross_exit,S,S,S
g251_test_group_0012,g251,near,crm_soil,g251:2,hill_entry_cross_exit,S,S,S
g251_test_group_0013,g251,near,crm_soil,g251:2,hill_cross_slope,S,S,S
g251_test_group_0014,g251,near,crm_soil,g251:3,hill_cross_slope,S,S,S
g251_test_group_0016,g251,near,crm_soil,g251:6,crater_cross_slope,S,S,S
g251_test_group_0017,g251,near,crm_soil,g251:6,crater_cross_slope,S,S,S
g251_test_group_0019,g251,near,crm_soil,g251:8,crater_cross_slope,S,S,S
g251_test_group_0020,g251,near,crm_soil,g251:9,crater_cross_slope,S,S,S
g251_test_group_0022,g251,near,crm_soil,g251:0,hill_cross_slope,S,S,S
g251_test_group_0023,g251,near,crm_soil,g251:2,hill_cross_slope,S,S,S
g251_test_group_0025,g251,near,crm_soil,g251:4,hill_cross_slope,S,S,S
g251_test_group_0027,g251,near,crm_soil,g251:6,crater_cross_slope,S,S,S
g251_test_group_0030,g251,near,crm_soil,g251:0,hill_cross_slope,S,S,S
g251_test_group_0031,g251,near,crm_soil,g251:0,hill_cross_slope,S,S,S
g251_test_group_0033,g251,near,crm_soil,g251:0,hill_cross_slope,S,S,S
g251_test_group_0034,g251,near,crm_soil,g251:2,hill_cross_slope,S,S,S
g251_test_group_0037,g251,near,crm_soil,g251:4,hill_cross_slope,S,S,S
g251_test_group_0038,g251,near,crm_soil,g251:6,crater_cross_slope,S,S,S
g251_test_group_0042,g251,near,crm_soil,g251:0,hill_entry_cross_exit,S,S,S
g251_test_group_0045,g251,near,crm_soil,g251:2,hill_entry_cross_exit,S,S,S
g251_test_group_0048,g251,near,crm_soil,g251:4,hill_entry_cross_exit,S,S,S
g251_test_group_0049,g251,near,crm_soil,g251:6,crater_entry_cross_exit,S,S,U
g251_test_group_0050,g251,near,crm_soil,g251:6,crater_entry_cross_exit,S,S,S
g251_test_group_0052,g251,near,crm_soil,g251:8,crater_cross_slope,S,S,S
g251_test_group_0053,g251,near,crm_soil,g251:9,crater_cross_slope,S,S,S
g251_test_group_0054,g251,near,crm_soil,g251:0,hill_cross_slope,S,S,S
g251_test_group_0055,g251,near,crm_soil,g251:0,hill_cross_slope,S,S,S
g251_test_group_0057,g251,near,crm_soil,g251:2,hill_cross_slope,S,S,S
g251_test_group_0058,g251,near,crm_soil,g251:4,hill_cross_slope,S,S,S
g251_test_group_0060,g251,near,crm_soil,g251:0,crater_cross_slope,S,S,S
g251_test_group_0063,g251,near,crm_soil,g251:8,crater_cross_slope,S,S,S
g251_test_group_0071,g251,near,crm_soil,g251:6,crater_cross_slope,S,S,S
g251_test_group_0072,g251,near,crm_soil,g251:6,crater_cross_slope,S,S,S
g251_test_group_0073,g251,near,crm_soil,g251:7,crater_cross_slope,S,S,S
g251_test_group_0076,g251,near,crm_soil,g251:0,hill_cross_slope,S,S,S
g251_test_group_0077,g251,near,crm_soil,g251:0,hill_cross_slope,S,S,S
g251_test_group_0079,g251,near,crm_soil,g251:2,hill_entry_cross_exit,S,S,S
g251_test_group_0080,g251,near,crm_soil,g251:4,hill_entry_cross_exit,S,S,S
g251_test_group_0081,g251,near,crm_soil,g251:4,hill_entry_cross_exit,S,S,S
g251_test_group_0082,g251,near,crm_soil,g251:6,crater_entry_cross_exit,S,S,S
g251_test_group_0083,g251,near,crm_soil,g251:9,crater_entry_cross_exit,S,S,S
g251_test_group_0084,g251,near,crm_soil,g251:7,crater_entry_cross_exit,S,S,S
g251_test_group_0085,g251,near,crm_soil,g251:8,crater_entry_cross_exit,S,S,S
g251_test_group_0088,g251,near,crm_soil,g251:0,hill_entry_cross_exit,S,S,S
g251_test_group_0089,g251,near,crm_soil,g251:2,hill_entry_cross_exit,S,S,S
g251_test_group_0098,g251,near,crm_soil,g251:0,hill_cross_slope,S,S,S
g251_test_group_0099,g251,near,crm_soil,g251:0,hill_cross_slope,S,S,S
g251_test_group_0100,g251,near,crm_soil,g251:2,hill_cross_slope,S,S,S
g251_test_group_0104,g251,near,crm_soil,g251:6,crater_cross_slope,S,S,S
g251_test_group_0105,g251,near,crm_soil,g251:6,crater_cross_slope,S,S,S
g251_test_group_0106,g251,near,crm_soil,g251:7,crater_cross_slope,S,S,S
g251_test_group_0108,g251,near,crm_soil,g251:6,hill_cross_slope,S,S,S
g251_test_group_0110,g251,near,crm_soil,g251:0,hill_cross_slope,S,S,S
g251_test_group_0111,g251,near,crm_soil,g251:2,hill_cross_slope,S,S,S
g251_test_group_0112,g251,near,crm_soil,g251:2,hill_cross_slope,S,S,S
g251_test_group_0113,g251,near,crm_soil,g251:4,hill_cross_slope,S,S,S
g251_test_group_0114,g251,near,crm_soil,g251:4,hill_cross_slope,S,S,S
g251_test_group_0118,g251,near,crm_soil,g251:0,hill_entry_cross_exit,S,S,S
g251_test_group_0119,g251,near,crm_soil,g251:0,hill_entry_cross_exit,S,S,S
g251_test_group_0121,g251,near,crm_soil,g251:0,hill_entry_cross_exit,S,S,U
g251_test_group_0122,g251,near,crm_soil,g251:2,hill_entry_cross_exit,S,S,S
g251_test_group_0125,g251,near,crm_soil,g251:4,hill_entry_cross_exit,S,S,S
g251_test_group_0128,g251,near,crm_soil,g251:7,crater_entry_cross_exit,S,S,U
g251_test_group_0129,g251,near,crm_soil,g251:0,hill_entry_cross_exit,S,S,S
g251_test_group_0130,g251,near,crm_soil,g251:9,crater_cross_slope,S,S,S
g251_test_group_0131,g251,near,crm_soil,g251:0,hill_cross_slope,S,S,S
g251_test_group_0134,g251,near,crm_soil,g251:2,hill_cross_slope,S,S,S
g251_test_group_0136,g251,near,crm_soil,g251:4,hill_cross_slope,S,S,S
g251_test_group_0137,g251,near,crm_soil,g251:6,crater_cross_slope,S,S,S
g251_test_group_0138,g251,near,crm_soil,g251:6,crater_cross_slope,S,S,S
g251_test_group_0139,g251,near,crm_soil,g251:7,crater_cross_slope,S,S,S
g251_test_group_0141,g251,near,crm_soil,g251:9,crater_cross_slope,S,S,S
g251_test_group_0142,g251,near,crm_soil,g251:0,hill_cross_slope,S,S,S
g251_test_group_0145,g251,near,crm_soil,g251:2,hill_cross_slope,S,S,S
g251_test_group_0149,g251,near,crm_soil,g251:6,crater_cross_slope,S,S,S
g251_test_group_0150,g251,near,crm_soil,g251:7,crater_cross_slope,S,S,S
g251_test_group_0151,g251,near,crm_soil,g251:0,hill_cross_slope,S,S,S
g251_test_group_0153,g251,near,crm_soil,g251:0,hill_cross_slope,S,S,S
g251_test_group_0154,g251,near,crm_soil,g251:0,hill_cross_slope,S,S,S
g251_test_group_0157,g251,near,crm_soil,g251:4,hill_entry_cross_exit,S,S,S
g251_test_group_0159,g251,near,crm_soil,g251:6,crater_entry_cross_exit,S,S,U
g251_test_group_0160,g251,near,crm_soil,g251:6,crater_entry_cross_exit,S,S,U
g251_test_group_0161,g251,near,crm_soil,g251:7,crater_entry_cross_exit,S,S,S
g251_test_group_0162,g251,near,crm_soil,g251:0,hill_entry_cross_exit,S,S,S
g251_test_group_0167,g251,near,crm_soil,g251:2,hill_entry_cross_exit,S,S,S
g251_test_group_0169,g251,near,crm_soil,g251:4,hill_cross_slope,S,S,S
g251_test_group_0176,g251,near,crm_soil,g251:0,hill_cross_slope,S,S,S
g251_test_group_0179,g251,near,crm_soil,g251:4,hill_cross_slope,S,S,S
g251_test_group_0181,g251,near,crm_soil,g251:6,crater_cross_slope,S,S,S
g251_test_group_0184,g251,near,crm_soil,g251:0,hill_cross_slope,S,S,S
g251_test_group_0190,g251,near,crm_soil,g251:4,hill_cross_slope,S,S,S
g251_test_group_0191,g251,near,crm_soil,g251:4,hill_cross_slope,S,S,S
g251_test_group_0192,g251,near,crm_soil,g251:6,crater_cross_slope,U,S,S
g251_test_group_0199,g251,near,crm_soil,g251:2,hill_entry_cross_exit,S,S,S
g251_test_group_0200,g251,near,crm_soil,g251:2,hill_entry_cross_exit,S,S,S
g251_test_group_0202,g251,near,crm_soil,g251:4,hill_entry_cross_exit,S,S,S
g251_test_group_0203,g251,near,crm_soil,g251:6,crater_entry_cross_exit,S,S,S
g251_test_group_0206,g251,near,crm_soil,g251:2,hill_entry_cross_exit,S,S,S
g251_test_group_0207,g251,near,crm_soil,g251:2,hill_entry_cross_exit,S,S,S
g251_test_group_0209,g251,near,crm_soil,g251:0,hill_cross_slope,S,S,S
g251_test_group_0210,g251,near,crm_soil,g251:2,hill_cross_slope,S,S,S
g251_test_group_0211,g251,near,crm_soil,g251:2,hill_cross_slope,S,S,S
g251_test_group_0213,g251,near,crm_soil,g251:4,hill_cross_slope,S,S,S
g251_test_group_0214,g251,near,crm_soil,g251:6,crater_cross_slope,S,S,S
g251_test_group_0217,g251,near,crm_soil,g251:8,crater_cross_slope,S,S,S
g251_test_group_0218,g251,near,crm_soil,g251:9,crater_cross_slope,S,S,S
g251_test_group_0219,g251,near,crm_soil,g251:0,hill_cross_slope,S,S,S
g251_test_group_0220,g251,near,crm_soil,g251:0,hill_cross_slope,S,S,S
g251_test_group_0221,g251,near,crm_soil,g251:2,hill_cross_slope,S,S,S
g251_test_group_0223,g251,near,crm_soil,g251:4,hill_cross_slope,S,S,S
g251_test_group_0228,g251,near,crm_soil,g251:0,hill_cross_slope,S,S,S
g251_test_group_0229,g251,near,crm_soil,g251:0,hill_cross_slope,S,S,S
g251_test_group_0231,g251,near,crm_soil,g251:0,hill_cross_slope,S,S,S
g251_test_group_0232,g251,near,crm_soil,g251:2,hill_cross_slope,S,S,S
g251_test_group_0233,g251,near,crm_soil,g251:2,hill_cross_slope,S,S,S
g251_test_group_0235,g251,near,crm_soil,g251:4,hill_entry_cross_exit,S,S,S
g251_test_group_0238,g251,near,crm_soil,g251:7,crater_entry_cross_exit,S,S,S
g251_test_group_0243,g251,near,crm_soil,g251:2,hill_entry_cross_exit,S,S,S
g251_test_group_0244,g251,near,crm_soil,g251:2,hill_entry_cross_exit,S,S,S
g251_test_group_0246,g251,near,crm_soil,g251:4,hill_entry_cross_exit,S,S,S
g251_test_group_0248,g251,near,crm_soil,g251:6,crater_cross_slope,S,S,S
g258_test_group_0000,g258,spread,crm_soil,g258:0,hill_entry_cross_exit,S,S,S
g258_test_group_0001,g258,spread,crm_soil,g258:2,hill_entry_cross_exit,S,S,S
g258_test_group_0002,g258,spread,crm_soil,g258:2,hill_entry_cross_exit,S,S,S
g258_test_group_0003,g258,spread,crm_soil,g258:3,hill_entry_cross_exit,S,S,S
g258_test_group_0005,g258,spread,crm_soil,g258:9,crater_entry_cross_exit,S,S,S
g258_test_group_0007,g258,spread,crm_soil,g258:9,crater_entry_cross_exit,S,S,S
g258_test_group_0009,g258,spread,crm_soil,g258:9,crater_entry_cross_exit,S,S,S
g258_test_group_0011,g258,spread,crm_soil,g258:2,hill_entry_cross_exit,S,S,S
g258_test_group_0012,g258,spread,crm_soil,g258:2,hill_cross_slope,S,S,S
g258_test_group_0015,g258,spread,crm_soil,g258:5,crater_cross_slope,S,S,S
g258_test_group_0017,g258,spread,crm_soil,g258:8,crater_cross_slope,S,S,S
g258_test_group_0021,g258,spread,crm_soil,g258:2,hill_cross_slope,S,S,S
g258_test_group_0022,g258,spread,crm_soil,g258:2,hill_cross_slope,S,S,S
g258_test_group_0023,g258,spread,crm_soil,g258:3,hill_cross_slope,S,S,S
g258_test_group_0026,g258,spread,crm_soil,g258:6,crater_cross_slope,S,S,S
g258_test_group_0028,g258,spread,crm_soil,g258:8,crater_cross_slope,S,S,S
g258_test_group_0029,g258,spread,crm_soil,g258:5,crater_cross_slope,S,S,S
g258_test_group_0030,g258,spread,crm_soil,g258:0,hill_cross_slope,S,S,S
g258_test_group_0031,g258,spread,crm_soil,g258:2,hill_cross_slope,S,S,S
g258_test_group_0032,g258,spread,crm_soil,g258:2,hill_cross_slope,S,S,S
g258_test_group_0036,g258,spread,crm_soil,g258:6,crater_entry_cross_exit,S,S,S
g258_test_group_0039,g258,spread,crm_soil,g258:9,crater_entry_cross_exit,S,S,S
g258_test_group_0040,g258,spread,crm_soil,g258:0,hill_entry_cross_exit,S,S,S
g258_test_group_0041,g258,spread,crm_soil,g258:2,hill_entry_cross_exit,S,S,S
g258_test_group_0043,g258,spread,crm_soil,g258:3,hill_entry_cross_exit,S,S,S
g258_test_group_0045,g258,spread,crm_soil,g258:5,crater_entry_cross_exit,S,S,S
g258_test_group_0047,g258,spread,crm_soil,g258:9,crater_entry_cross_exit,S,S,S
g258_test_group_0050,g258,spread,crm_soil,g258:0,hill_cross_slope,S,S,S
g258_test_group_0051,g258,spread,crm_soil,g258:2,hill_cross_slope,S,S,S
g258_test_group_0054,g258,spread,crm_soil,g258:4,hill_cross_slope,S,S,S
g258_test_group_0056,g258,spread,crm_soil,g258:6,crater_cross_slope,S,S,S
g258_test_group_0058,g258,spread,crm_soil,g258:9,crater_cross_slope,S,S,S
g258_test_group_0059,g258,spread,crm_soil,g258:9,crater_cross_slope,S,S,S
g258_test_group_0060,g258,spread,crm_soil,g258:0,hill_cross_slope,S,S,S
g258_test_group_0063,g258,spread,crm_soil,g258:3,hill_cross_slope,S,S,S
g258_test_group_0066,g258,spread,crm_soil,g258:6,crater_cross_slope,S,S,S
g258_test_group_0067,g258,spread,crm_soil,g258:8,crater_cross_slope,S,S,S
g258_test_group_0068,g258,spread,crm_soil,g258:8,crater_cross_slope,S,S,S
g258_test_group_0070,g258,spread,crm_soil,g258:0,hill_cross_slope,S,S,S
g258_test_group_0072,g258,spread,crm_soil,g258:2,hill_entry_cross_exit,S,S,S
g258_test_group_0073,g258,spread,crm_soil,g258:3,hill_entry_cross_exit,S,S,S
g258_test_group_0077,g258,spread,crm_soil,g258:8,crater_entry_cross_exit,S,S,S
g258_test_group_0079,g258,spread,crm_soil,g258:9,crater_entry_cross_exit,S,S,S
g258_test_group_0080,g258,spread,crm_soil,g258:0,hill_entry_cross_exit,S,S,S
g258_test_group_0081,g258,spread,crm_soil,g258:2,hill_entry_cross_exit,S,S,S
g258_test_group_0082,g258,spread,crm_soil,g258:2,hill_entry_cross_exit,S,S,S
g258_test_group_0083,g258,spread,crm_soil,g258:3,hill_entry_cross_exit,S,S,S
g258_test_group_0084,g258,spread,crm_soil,g258:4,hill_cross_slope,S,S,S
g258_test_group_0085,g258,spread,crm_soil,g258:5,crater_cross_slope,S,S,S
g258_test_group_0089,g258,spread,crm_soil,g258:8,crater_cross_slope,S,S,S
g258_test_group_0090,g258,spread,crm_soil,g258:0,hill_cross_slope,S,S,S
g258_test_group_0091,g258,spread,crm_soil,g258:2,hill_cross_slope,S,S,S
g258_test_group_0093,g258,spread,crm_soil,g258:3,hill_cross_slope,S,S,S
g258_test_group_0096,g258,spread,crm_soil,g258:6,crater_cross_slope,S,S,S
g258_test_group_0097,g258,spread,crm_soil,g258:9,crater_cross_slope,S,S,S
g258_test_group_0098,g258,spread,crm_soil,g258:8,crater_cross_slope,S,S,S
g258_test_group_0099,g258,spread,crm_soil,g258:9,crater_cross_slope,S,S,S
g258_test_group_0100,g258,spread,crm_soil,g258:0,hill_cross_slope,S,S,S
g258_test_group_0102,g258,spread,crm_soil,g258:2,hill_cross_slope,S,S,S
g258_test_group_0103,g258,spread,crm_soil,g258:3,hill_cross_slope,S,S,S
g258_test_group_0104,g258,spread,crm_soil,g258:4,hill_cross_slope,S,S,S
g258_test_group_0107,g258,spread,crm_soil,g258:9,crater_cross_slope,S,S,S
g258_test_group_0109,g258,spread,crm_soil,g258:9,crater_entry_cross_exit,S,S,S
g258_test_group_0110,g258,spread,crm_soil,g258:0,hill_entry_cross_exit,S,S,S
g258_test_group_0111,g258,spread,crm_soil,g258:2,hill_entry_cross_exit,S,S,S
g258_test_group_0112,g258,spread,crm_soil,g258:2,hill_entry_cross_exit,S,S,S
g258_test_group_0115,g258,spread,crm_soil,g258:9,crater_entry_cross_exit,S,S,S
g258_test_group_0116,g258,spread,crm_soil,g258:6,crater_entry_cross_exit,S,S,S
g258_test_group_0117,g258,spread,crm_soil,g258:7,crater_entry_cross_exit,S,S,S
g258_test_group_0118,g258,spread,crm_soil,g258:8,crater_entry_cross_exit,S,S,S
g258_test_group_0120,g258,spread,crm_soil,g258:0,hill_cross_slope,S,S,S
g258_test_group_0122,g258,spread,crm_soil,g258:2,hill_cross_slope,S,S,S
g258_test_group_0126,g258,spread,crm_soil,g258:6,crater_cross_slope,S,S,S
g258_test_group_0131,g258,spread,crm_soil,g258:2,hill_cross_slope,S,S,S
g258_test_group_0132,g258,spread,crm_soil,g258:2,hill_cross_slope,S,S,S
g258_test_group_0133,g258,spread,crm_soil,g258:3,hill_cross_slope,S,S,S
g258_test_group_0135,g258,spread,crm_soil,g258:5,crater_cross_slope,S,S,S
g258_test_group_0136,g258,spread,crm_soil,g258:3,crater_cross_slope,S,S,S
g258_test_group_0138,g258,spread,crm_soil,g258:9,crater_cross_slope,S,S,S
g258_test_group_0140,g258,spread,crm_soil,g258:0,hill_cross_slope,S,S,S
g258_test_group_0142,g258,spread,crm_soil,g258:2,hill_cross_slope,S,S,S
g258_test_group_0144,g258,spread,crm_soil,g258:4,hill_entry_cross_exit,S,S,S
g258_test_group_0151,g258,spread,crm_soil,g258:2,hill_entry_cross_exit,S,S,S
g258_test_group_0154,g258,spread,crm_soil,g258:5,crater_entry_cross_exit,S,S,S
g258_test_group_0157,g258,spread,crm_soil,g258:9,crater_cross_slope,S,S,S
g258_test_group_0158,g258,spread,crm_soil,g258:9,crater_cross_slope,S,S,S
g258_test_group_0159,g258,spread,crm_soil,g258:9,crater_cross_slope,S,S,S
g258_test_group_0161,g258,spread,crm_soil,g258:2,hill_cross_slope,S,S,S
g258_test_group_0164,g258,spread,crm_soil,g258:4,hill_cross_slope,S,S,S
g258_test_group_0165,g258,spread,crm_soil,g258:5,crater_cross_slope,S,S,S
g258_test_group_0166,g258,spread,crm_soil,g258:3,crater_cross_slope,S,S,S
g258_test_group_0167,g258,spread,crm_soil,g258:9,crater_cross_slope,S,S,S
g258_test_group_0169,g258,spread,crm_soil,g258:9,crater_cross_slope,S,S,S
g258_test_group_0171,g258,spread,crm_soil,g258:2,hill_cross_slope,S,S,S
g258_test_group_0172,g258,spread,crm_soil,g258:2,hill_cross_slope,S,S,S
g258_test_group_0176,g258,spread,crm_soil,g258:6,crater_cross_slope,S,S,S
g258_test_group_0177,g258,spread,crm_soil,g258:9,crater_cross_slope,S,S,S
g258_test_group_0181,g258,spread,crm_soil,g258:2,hill_entry_cross_exit,S,S,S
g258_test_group_0184,g258,spread,crm_soil,g258:4,hill_entry_cross_exit,S,S,S
g258_test_group_0186,g258,spread,crm_soil,g258:6,crater_entry_cross_exit,S,S,S
g258_test_group_0188,g258,spread,crm_soil,g258:9,crater_entry_cross_exit,S,S,S
g258_test_group_0197,g258,spread,crm_soil,g258:9,crater_cross_slope,S,S,S
g258_test_group_0199,g258,spread,crm_soil,g258:9,crater_cross_slope,S,S,S
g258_test_group_0202,g258,spread,crm_soil,g258:2,hill_cross_slope,S,S,S
g258_test_group_0203,g258,spread,crm_soil,g258:3,hill_cross_slope,S,S,S
g258_test_group_0204,g258,spread,crm_soil,g258:4,hill_cross_slope,S,S,S
g258_test_group_0212,g258,spread,crm_soil,g258:2,hill_cross_slope,S,S,S
g258_test_group_0214,g258,spread,crm_soil,g258:4,hill_cross_slope,S,S,S
g258_test_group_0215,g258,spread,crm_soil,g258:5,crater_cross_slope,S,S,S
g258_test_group_0217,g258,spread,crm_soil,g258:8,crater_entry_cross_exit,S,S,S
g258_test_group_0218,g258,spread,crm_soil,g258:8,crater_entry_cross_exit,S,S,S
g258_test_group_0219,g258,spread,crm_soil,g258:8,crater_entry_cross_exit,S,S,S
g258_test_group_0220,g258,spread,crm_soil,g258:0,hill_entry_cross_exit,S,S,S
g258_test_group_0221,g258,spread,crm_soil,g258:2,hill_entry_cross_exit,S,S,S
g258_test_group_0224,g258,spread,crm_soil,g258:4,hill_entry_cross_exit,S,S,S
g258_test_group_0225,g258,spread,crm_soil,g258:9,crater_entry_cross_exit,S,S,S
g258_test_group_0229,g258,spread,crm_soil,g258:9,crater_cross_slope,S,S,S
g258_test_group_0231,g258,spread,crm_soil,g258:2,hill_cross_slope,S,S,S
g258_test_group_0236,g258,spread,crm_soil,g258:6,crater_cross_slope,S,S,S
g258_test_group_0238,g258,spread,crm_soil,g258:8,crater_cross_slope,S,S,S
g258_test_group_0240,g258,spread,crm_soil,g258:0,hill_cross_slope,S,S,S
g258_test_group_0245,g258,spread,crm_soil,g258:9,crater_cross_slope,S,S,S
g258_test_group_0246,g258,spread,crm_soil,g258:6,crater_cross_slope,S,S,S
g258_test_group_0248,g258,spread,crm_soil,g258:8,crater_cross_slope,S,S,S
g258_test_group_0249,g258,spread,crm_soil,g258:9,crater_cross_slope,S,S,S
g260_test_group_0000,g260,near,crm_soil,g260:0,hill_entry_cross_exit,S,S,S
g260_test_group_0002,g260,near,crm_soil,g260:2,hill_entry_cross_exit,S,S,S
g260_test_group_0003,g260,near,crm_soil,g260:3,hill_entry_cross_exit,S,S,S
g260_test_group_0006,g260,near,crm_soil,g260:2,crater_entry_cross_exit,S,S,S
g260_test_group_0011,g260,near,crm_soil,g260:1,hill_entry_cross_exit,S,S,S
g260_test_group_0013,g260,near,crm_soil,g260:3,hill_cross_slope,S,S,S
g260_test_group_0014,g260,near,crm_soil,g260:4,hill_cross_slope,S,S,S
g260_test_group_0017,g260,near,crm_soil,g260:8,crater_cross_slope,S,S,S
g260_test_group_0020,g260,near,crm_soil,g260:0,hill_cross_slope,S,S,S
g260_test_group_0021,g260,near,crm_soil,g260:1,hill_cross_slope,S,S,S
g260_test_group_0024,g260,near,crm_soil,g260:4,hill_cross_slope,S,S,S
g260_test_group_0025,g260,near,crm_soil,g260:5,crater_cross_slope,S,S,U
g260_test_group_0027,g260,near,crm_soil,g260:8,crater_cross_slope,S,S,S
g260_test_group_0028,g260,near,crm_soil,g260:8,crater_cross_slope,S,S,S
g260_test_group_0032,g260,near,crm_soil,g260:0,hill_cross_slope,S,S,S
g260_test_group_0033,g260,near,crm_soil,g260:3,hill_cross_slope,S,S,S
g260_test_group_0034,g260,near,crm_soil,g260:4,hill_cross_slope,S,S,S
g260_test_group_0035,g260,near,crm_soil,g260:5,crater_cross_slope,S,S,U
g260_test_group_0036,g260,near,crm_soil,g260:6,crater_entry_cross_exit,S,S,S
g260_test_group_0037,g260,near,crm_soil,g260:8,crater_entry_cross_exit,S,S,S
g260_test_group_0038,g260,near,crm_soil,g260:8,crater_entry_cross_exit,S,S,S
g260_test_group_0039,g260,near,crm_soil,g260:1,crater_entry_cross_exit,S,S,S
g260_test_group_0041,g260,near,crm_soil,g260:1,hill_entry_cross_exit,S,S,S
g260_test_group_0044,g260,near,crm_soil,g260:4,hill_entry_cross_exit,S,S,S
g260_test_group_0045,g260,near,crm_soil,g260:5,crater_entry_cross_exit,S,S,U
g260_test_group_0046,g260,near,crm_soil,g260:6,crater_entry_cross_exit,S,S,S
g260_test_group_0049,g260,near,crm_soil,g260:9,crater_cross_slope,S,S,S
g260_test_group_0052,g260,near,crm_soil,g260:2,hill_cross_slope,S,S,S
g260_test_group_0057,g260,near,crm_soil,g260:8,crater_cross_slope,S,S,S
g260_test_group_0058,g260,near,crm_soil,g260:8,crater_cross_slope,S,S,S
g260_test_group_0059,g260,near,crm_soil,g260:9,crater_cross_slope,S,S,S
g260_test_group_0064,g260,near,crm_soil,g260:4,hill_cross_slope,S,S,S
g260_test_group_0066,g260,near,crm_soil,g260:6,crater_cross_slope,S,S,S
g260_test_group_0069,g260,near,crm_soil,g260:9,crater_cross_slope,S,S,S
g260_test_group_0070,g260,near,crm_soil,g260:0,hill_cross_slope,S,S,S
g260_test_group_0074,g260,near,crm_soil,g260:4,hill_entry_cross_exit,S,S,S
g260_test_group_0075,g260,near,crm_soil,g260:5,crater_entry_cross_exit,S,S,U
g260_test_group_0076,g260,near,crm_soil,g260:6,crater_entry_cross_exit,S,S,S
g260_test_group_0078,g260,near,crm_soil,g260:8,crater_entry_cross_exit,S,S,S
g260_test_group_0079,g260,near,crm_soil,g260:9,crater_entry_cross_exit,S,S,S
g260_test_group_0081,g260,near,crm_soil,g260:1,hill_entry_cross_exit,S,S,S
g260_test_group_0083,g260,near,crm_soil,g260:3,hill_entry_cross_exit,S,S,S
g260_test_group_0085,g260,near,crm_soil,g260:5,crater_cross_slope,S,S,U
g260_test_group_0086,g260,near,crm_soil,g260:6,crater_cross_slope,S,S,S
g260_test_group_0087,g260,near,crm_soil,g260:8,crater_cross_slope,S,S,S
g260_test_group_0088,g260,near,crm_soil,g260:8,crater_cross_slope,S,S,S
g260_test_group_0089,g260,near,crm_soil,g260:9,crater_cross_slope,S,S,S
g260_test_group_0090,g260,near,crm_soil,g260:0,hill_cross_slope,S,S,S
g260_test_group_0091,g260,near,crm_soil,g260:1,hill_cross_slope,S,S,S
g260_test_group_0092,g260,near,crm_soil,g260:0,hill_cross_slope,S,S,S
g260_test_group_0095,g260,near,crm_soil,g260:5,crater_cross_slope,S,S,U
g260_test_group_0096,g260,near,crm_soil,g260:6,crater_cross_slope,S,S,S
g260_test_group_0098,g260,near,crm_soil,g260:8,crater_cross_slope,S,S,S
g260_test_group_0101,g260,near,crm_soil,g260:1,hill_cross_slope,S,S,S
g260_test_group_0102,g260,near,crm_soil,g260:2,hill_cross_slope,S,S,S
g260_test_group_0106,g260,near,crm_soil,g260:6,crater_cross_slope,S,S,S
g260_test_group_0107,g260,near,crm_soil,g260:8,crater_cross_slope,S,S,S
g260_test_group_0113,g260,near,crm_soil,g260:3,hill_entry_cross_exit,S,S,S
g260_test_group_0115,g260,near,crm_soil,g260:5,crater_entry_cross_exit,S,S,S
g260_test_group_0116,g260,near,crm_soil,g260:2,crater_entry_cross_exit,S,S,S
g260_test_group_0119,g260,near,crm_soil,g260:9,crater_entry_cross_exit,S,S,S
g260_test_group_0122,g260,near,crm_soil,g260:2,hill_cross_slope,S,S,S
g260_test_group_0123,g260,near,crm_soil,g260:3,hill_cross_slope,S,S,S
g260_test_group_0125,g260,near,crm_soil,g260:5,crater_cross_slope,S,S,S
g260_test_group_0127,g260,near,crm_soil,g260:8,crater_cross_slope,S,S,S
g260_test_group_0128,g260,near,crm_soil,g260:8,crater_cross_slope,S,S,S
g260_test_group_0129,g260,near,crm_soil,g260:1,crater_cross_slope,S,S,S
g260_test_group_0131,g260,near,crm_soil,g260:1,hill_cross_slope,S,S,U
g260_test_group_0132,g260,near,crm_soil,g260:6,hill_cross_slope,S,S,S
g260_test_group_0137,g260,near,crm_soil,g260:8,crater_cross_slope,S,S,S
g260_test_group_0138,g260,near,crm_soil,g260:8,crater_cross_slope,S,S,S
g260_test_group_0139,g260,near,crm_soil,g260:1,crater_cross_slope,S,S,S
g260_test_group_0142,g260,near,crm_soil,g260:2,hill_cross_slope,S,S,S
g260_test_group_0148,g260,near,crm_soil,g260:8,crater_entry_cross_exit,S,S,S
g260_test_group_0151,g260,near,crm_soil,g260:1,hill_entry_cross_exit,S,S,S
g260_test_group_0152,g260,near,crm_soil,g260:0,hill_entry_cross_exit,S,S,S
g260_test_group_0154,g260,near,crm_soil,g260:4,hill_entry_cross_exit,S,S,S
g260_test_group_0155,g260,near,crm_soil,g260:2,crater_entry_cross_exit,S,S,S
g260_test_group_0156,g260,near,crm_soil,g260:6,crater_cross_slope,S,S,S
g260_test_group_0157,g260,near,crm_soil,g260:8,crater_cross_slope,S,S,S
g260_test_group_0158,g260,near,crm_soil,g260:8,crater_cross_slope,S,S,S
g260_test_group_0159,g260,near,crm_soil,g260:9,crater_cross_slope,S,S,S
g260_test_group_0160,g260,near,crm_soil,g260:0,hill_cross_slope,S,S,S
g260_test_group_0161,g260,near,crm_soil,g260:1,hill_cross_slope,S,S,S
g260_test_group_0162,g260,near,crm_soil,g260:2,hill_cross_slope,S,S,S
g260_test_group_0164,g260,near,crm_soil,g260:4,hill_cross_slope,S,S,S
g260_test_group_0165,g260,near,crm_soil,g260:5,crater_cross_slope,S,S,U
g260_test_group_0166,g260,near,crm_soil,g260:6,crater_cross_slope,S,S,S
g260_test_group_0169,g260,near,crm_soil,g260:9,crater_cross_slope,S,S,S
g260_test_group_0171,g260,near,crm_soil,g260:1,hill_cross_slope,S,S,S
g260_test_group_0172,g260,near,crm_soil,g260:2,hill_cross_slope,S,S,S
g260_test_group_0174,g260,near,crm_soil,g260:4,hill_cross_slope,S,S,S
g260_test_group_0175,g260,near,crm_soil,g260:5,crater_cross_slope,S,S,S
g260_test_group_0180,g260,near,crm_soil,g260:0,hill_entry_cross_exit,S,S,S
g260_test_group_0182,g260,near,crm_soil,g260:2,hill_entry_cross_exit,S,S,S
g260_test_group_0186,g260,near,crm_soil,g260:6,crater_entry_cross_exit,S,S,S
g260_test_group_0187,g260,near,crm_soil,g260:8,crater_entry_cross_exit,S,S,S
g260_test_group_0188,g260,near,crm_soil,g260:8,crater_entry_cross_exit,S,S,S
g260_test_group_0190,g260,near,crm_soil,g260:0,hill_entry_cross_exit,S,S,S
g260_test_group_0191,g260,near,crm_soil,g260:1,hill_entry_cross_exit,S,S,S
g260_test_group_0197,g260,near,crm_soil,g260:8,crater_cross_slope,S,S,S
g260_test_group_0198,g260,near,crm_soil,g260:9,crater_cross_slope,S,S,S
g260_test_group_0201,g260,near,crm_soil,g260:1,hill_cross_slope,S,S,S
g260_test_group_0204,g260,near,crm_soil,g260:4,hill_cross_slope,S,S,S
g260_test_group_0205,g260,near,crm_soil,g260:5,crater_cross_slope,S,S,S
g260_test_group_0206,g260,near,crm_soil,g260:6,crater_cross_slope,S,S,S
g260_test_group_0212,g260,near,crm_soil,g260:2,hill_cross_slope,S,S,S
g260_test_group_0213,g260,near,crm_soil,g260:3,hill_cross_slope,S,S,S
g260_test_group_0214,g260,near,crm_soil,g260:4,hill_cross_slope,S,S,S
g260_test_group_0215,g260,near,crm_soil,g260:5,crater_cross_slope,S,S,S
g260_test_group_0220,g260,near,crm_soil,g260:0,hill_entry_cross_exit,S,S,S
g260_test_group_0226,g260,near,crm_soil,g260:6,crater_entry_cross_exit,S,S,S
g260_test_group_0228,g260,near,crm_soil,g260:8,crater_cross_slope,S,S,S
g260_test_group_0229,g260,near,crm_soil,g260:9,crater_cross_slope,S,S,S
g260_test_group_0232,g260,near,crm_soil,g260:2,hill_cross_slope,S,S,S
g260_test_group_0233,g260,near,crm_soil,g260:3,hill_cross_slope,S,S,S
g260_test_group_0234,g260,near,crm_soil,g260:4,hill_cross_slope,S,S,S
g260_test_group_0236,g260,near,crm_soil,g260:6,crater_cross_slope,S,S,S
g260_test_group_0237,g260,near,crm_soil,g260:8,crater_cross_slope,S,S,S
g260_test_group_0238,g260,near,crm_soil,g260:1,crater_cross_slope,S,S,S
g260_test_group_0241,g260,near,crm_soil,g260:1,hill_cross_slope,S,S,S
g260_test_group_0242,g260,near,crm_soil,g260:0,hill_cross_slope,S,S,S
g260_test_group_0243,g260,near,crm_soil,g260:3,hill_cross_slope,S,S,S
g260_test_group_0244,g260,near,crm_soil,g260:4,hill_cross_slope,S,S,S
g260_test_group_0246,g260,near,crm_soil,g260:6,crater_cross_slope,S,S,S
g263_test_group_0000,g263,spread,crm_soil,g263:0,hill_entry_cross_exit,S,S,S
g263_test_group_0002,g263,spread,crm_soil,g263:2,hill_entry_cross_exit,S,S,S
g263_test_group_0004,g263,spread,crm_soil,g263:4,hill_entry_cross_exit,S,S,S
g263_test_group_0007,g263,spread,crm_soil,g263:4,crater_entry_cross_exit,S,S,S
g263_test_group_0008,g263,spread,crm_soil,g263:8,crater_entry_cross_exit,S,S,S
g263_test_group_0009,g263,spread,crm_soil,g263:10,crater_entry_cross_exit,S,S,S
g263_test_group_0010,g263,spread,crm_soil,g263:10,crater_entry_cross_exit,S,S,S
g263_test_group_0011,g263,spread,crm_soil,g263:11,crater_entry_cross_exit,S,S,S
g263_test_group_0012,g263,spread,crm_soil,g263:10,hill_entry_cross_exit,S,S,S
g263_test_group_0014,g263,spread,crm_soil,g263:2,hill_cross_slope,S,S,S
g263_test_group_0017,g263,spread,crm_soil,g263:5,hill_cross_slope,U,S,S
g263_test_group_0018,g263,spread,crm_soil,g263:8,crater_cross_slope,S,S,S
g263_test_group_0021,g263,spread,crm_soil,g263:10,crater_cross_slope,S,S,S
g263_test_group_0022,g263,spread,crm_soil,g263:10,crater_cross_slope,S,S,S
g263_test_group_0024,g263,spread,crm_soil,g263:0,hill_cross_slope,S,S,S
g263_test_group_0025,g263,spread,crm_soil,g263:1,hill_cross_slope,S,S,S
g263_test_group_0026,g263,spread,crm_soil,g263:2,hill_cross_slope,S,S,S
g263_test_group_0032,g263,spread,crm_soil,g263:8,crater_cross_slope,S,S,S
g263_test_group_0033,g263,spread,crm_soil,g263:10,crater_cross_slope,S,S,S
g263_test_group_0035,g263,spread,crm_soil,g263:11,crater_cross_slope,S,S,S
g263_test_group_0036,g263,spread,crm_soil,g263:0,hill_cross_slope,S,S,S
g263_test_group_0037,g263,spread,crm_soil,g263:1,hill_cross_slope,S,S,S
g263_test_group_0039,g263,spread,crm_soil,g263:3,hill_cross_slope,S,S,S
g263_test_group_0040,g263,spread,crm_soil,g263:4,hill_cross_slope,S,S,S
g263_test_group_0041,g263,spread,crm_soil,g263:5,hill_cross_slope,S,S,S
g263_test_group_0042,g263,spread,crm_soil,g263:6,crater_entry_cross_exit,S,S,S
g263_test_group_0047,g263,spread,crm_soil,g263:11,crater_entry_cross_exit,S,S,S
g263_test_group_0048,g263,spread,crm_soil,g263:5,hill_entry_cross_exit,S,S,S
g263_test_group_0050,g263,spread,crm_soil,g263:2,hill_entry_cross_exit,S,S,S
g263_test_group_0051,g263,spread,crm_soil,g263:3,hill_entry_cross_exit,S,S,S
g263_test_group_0052,g263,spread,crm_soil,g263:4,hill_entry_cross_exit,S,S,S
g263_test_group_0053,g263,spread,crm_soil,g263:5,hill_entry_cross_exit,S,S,S
g263_test_group_0054,g263,spread,crm_soil,g263:6,crater_entry_cross_exit,S,S,S
g263_test_group_0055,g263,spread,crm_soil,g263:7,crater_entry_cross_exit,S,S,S
g263_test_group_0056,g263,spread,crm_soil,g263:8,crater_cross_slope,S,S,S
g263_test_group_0058,g263,spread,crm_soil,g263:10,crater_cross_slope,S,S,S
g263_test_group_0059,g263,spread,crm_soil,g263:11,crater_cross_slope,S,S,S
g263_test_group_0062,g263,spread,crm_soil,g263:2,hill_cross_slope,S,S,S
g263_test_group_0064,g263,spread,crm_soil,g263:4,hill_cross_slope,S,S,S
g263_test_group_0065,g263,spread,crm_soil,g263:5,hill_cross_slope,S,S,S
g263_test_group_0067,g263,spread,crm_soil,g263:7,crater_cross_slope,S,S,S
g263_test_group_0069,g263,spread,crm_soil,g263:10,crater_cross_slope,S,S,S
g263_test_group_0070,g263,spread,crm_soil,g263:10,crater_cross_slope,S,S,S
g263_test_group_0071,g263,spread,crm_soil,g263:5,crater_cross_slope,S,S,S
g263_test_group_0073,g263,spread,crm_soil,g263:1,hill_cross_slope,S,S,S
g263_test_group_0076,g263,spread,crm_soil,g263:4,hill_cross_slope,S,S,S
g263_test_group_0079,g263,spread,crm_soil,g263:7,crater_cross_slope,S,S,S
g263_test_group_0080,g263,spread,crm_soil,g263:8,crater_cross_slope,S,S,S
g263_test_group_0081,g263,spread,crm_soil,g263:0,crater_cross_slope,S,S,S
g263_test_group_0082,g263,spread,crm_soil,g263:10,crater_cross_slope,S,S,S
g263_test_group_0083,g263,spread,crm_soil,g263:5,crater_cross_slope,S,S,S
g263_test_group_0084,g263,spread,crm_soil,g263:0,hill_entry_cross_exit,S,S,S
g263_test_group_0085,g263,spread,crm_soil,g263:1,hill_entry_cross_exit,S,S,S
g263_test_group_0089,g263,spread,crm_soil,g263:5,hill_entry_cross_exit,S,S,S
g263_test_group_0092,g263,spread,crm_soil,g263:8,crater_entry_cross_exit,S,S,S
g263_test_group_0093,g263,spread,crm_soil,g263:10,crater_entry_cross_exit,S,S,S
g263_test_group_0095,g263,spread,crm_soil,g263:11,crater_entry_cross_exit,S,S,S
g263_test_group_0099,g263,spread,crm_soil,g263:3,hill_cross_slope,S,S,S
g263_test_group_0101,g263,spread,crm_soil,g263:11,hill_cross_slope,S,S,S
g263_test_group_0103,g263,spread,crm_soil,g263:7,crater_cross_slope,S,S,S
g263_test_group_0107,g263,spread,crm_soil,g263:11,crater_cross_slope,S,S,S
g263_test_group_0108,g263,spread,crm_soil,g263:0,hill_cross_slope,S,S,S
g263_test_group_0109,g263,spread,crm_soil,g263:1,hill_cross_slope,S,S,S
g263_test_group_0112,g263,spread,crm_soil,g263:4,hill_cross_slope,S,S,S
g263_test_group_0113,g263,spread,crm_soil,g263:5,hill_cross_slope,S,S,S
g263_test_group_0121,g263,spread,crm_soil,g263:1,hill_cross_slope,S,S,S
g263_test_group_0123,g263,spread,crm_soil,g263:3,hill_cross_slope,S,S,S
g263_test_group_0126,g263,spread,crm_soil,g263:6,crater_entry_cross_exit,S,S,S
g263_test_group_0135,g263,spread,crm_soil,g263:3,hill_entry_cross_exit,S,S,S
g263_test_group_0137,g263,spread,crm_soil,g263:5,hill_entry_cross_exit,S,S,S
g263_test_group_0140,g263,spread,crm_soil,g263:8,crater_cross_slope,S,S,S
g263_test_group_0144,g263,spread,crm_soil,g263:0,hill_cross_slope,S,S,S
g263_test_group_0145,g263,spread,crm_soil,g263:1,hill_cross_slope,S,S,S
g263_test_group_0149,g263,spread,crm_soil,g263:5,hill_cross_slope,S,S,S
g263_test_group_0150,g263,spread,crm_soil,g263:10,crater_cross_slope,S,S,U
g263_test_group_0152,g263,spread,crm_soil,g263:8,crater_cross_slope,S,S,S
g263_test_group_0153,g263,spread,crm_soil,g263:10,crater_cross_slope,S,S,S
g263_test_group_0154,g263,spread,crm_soil,g263:10,crater_cross_slope,S,S,S
g263_test_group_0156,g263,spread,crm_soil,g263:5,hill_cross_slope,S,S,S
g263_test_group_0157,g263,spread,crm_soil,g263:1,hill_cross_slope,S,S,S
g263_test_group_0161,g263,spread,crm_soil,g263:5,hill_cross_slope,S,S,S
g263_test_group_0162,g263,spread,crm_soil,g263:6,crater_cross_slope,S,S,S
g263_test_group_0164,g263,spread,crm_soil,g263:8,crater_cross_slope,S,S,S
g263_test_group_0166,g263,spread,crm_soil,g263:10,crater_cross_slope,S,S,S
g263_test_group_0170,g263,spread,crm_soil,g263:2,hill_entry_cross_exit,S,S,S
g263_test_group_0171,g263,spread,crm_soil,g263:3,hill_entry_cross_exit,S,S,S
g263_test_group_0173,g263,spread,crm_soil,g263:5,hill_entry_cross_exit,S,S,S
g263_test_group_0174,g263,spread,crm_soil,g263:7,crater_entry_cross_exit,S,S,S
g263_test_group_0176,g263,spread,crm_soil,g263:8,crater_entry_cross_exit,S,S,S
g263_test_group_0177,g263,spread,crm_soil,g263:10,crater_entry_cross_exit,S,S,S
g263_test_group_0178,g263,spread,crm_soil,g263:10,crater_entry_cross_exit,S,S,S
g263_test_group_0180,g263,spread,crm_soil,g263:10,hill_entry_cross_exit,S,S,S
g263_test_group_0181,g263,spread,crm_soil,g263:1,hill_entry_cross_exit,S,S,S
g263_test_group_0184,g263,spread,crm_soil,g263:4,hill_cross_slope,S,S,S
g263_test_group_0185,g263,spread,crm_soil,g263:5,hill_cross_slope,S,S,S
g263_test_group_0188,g263,spread,crm_soil,g263:8,crater_cross_slope,S,S,S
g263_test_group_0189,g263,spread,crm_soil,g263:10,crater_cross_slope,S,S,S
g263_test_group_0190,g263,spread,crm_soil,g263:10,crater_cross_slope,S,S,S
g263_test_group_0192,g263,spread,crm_soil,g263:0,hill_cross_slope,S,S,S
g263_test_group_0194,g263,spread,crm_soil,g263:2,hill_cross_slope,S,S,S
g263_test_group_0196,g263,spread,crm_soil,g263:4,hill_cross_slope,S,S,S
g263_test_group_0197,g263,spread,crm_soil,g263:0,hill_cross_slope,S,S,S
g263_test_group_0198,g263,spread,crm_soil,g263:0,crater_cross_slope,S,S,S
g263_test_group_0202,g263,spread,crm_soil,g263:10,crater_cross_slope,S,S,S
g263_test_group_0206,g263,spread,crm_soil,g263:2,hill_cross_slope,S,S,S
g263_test_group_0207,g263,spread,crm_soil,g263:3,hill_cross_slope,S,S,S
g263_test_group_0209,g263,spread,crm_soil,g263:5,hill_cross_slope,S,S,S
g263_test_group_0212,g263,spread,crm_soil,g263:8,crater_entry_cross_exit,S,S,S
g263_test_group_0214,g263,spread,crm_soil,g263:10,crater_entry_cross_exit,S,S,S
g263_test_group_0215,g263,spread,crm_soil,g263:11,crater_entry_cross_exit,S,S,S
g263_test_group_0216,g263,spread,crm_soil,g263:0,hill_entry_cross_exit,S,S,S
g263_test_group_0217,g263,spread,crm_soil,g263:1,hill_entry_cross_exit,S,S,S
g263_test_group_0218,g263,spread,crm_soil,g263:2,hill_entry_cross_exit,S,S,S
g263_test_group_0224,g263,spread,crm_soil,g263:8,crater_cross_slope,S,S,S
g263_test_group_0227,g263,spread,crm_soil,g263:11,crater_cross_slope,S,S,S
g263_test_group_0228,g263,spread,crm_soil,g263:0,hill_cross_slope,S,S,S
g263_test_group_0230,g263,spread,crm_soil,g263:2,hill_cross_slope,S,S,S
g263_test_group_0231,g263,spread,crm_soil,g263:3,hill_cross_slope,S,S,S
g263_test_group_0233,g263,spread,crm_soil,g263:5,hill_cross_slope,S,S,S
g263_test_group_0235,g263,spread,crm_soil,g263:4,crater_cross_slope,S,S,S
g263_test_group_0236,g263,spread,crm_soil,g263:8,crater_cross_slope,S,S,S
g263_test_group_0243,g263,spread,crm_soil,g263:2,hill_cross_slope,S,S,S
g263_test_group_0246,g263,spread,crm_soil,g263:8,crater_cross_slope,S,S,S
g263_test_group_0247,g263,spread,crm_soil,g263:4,crater_cross_slope,S,S,S
g263_test_group_0249,g263,spread,crm_soil,g263:10,crater_cross_slope,S,S,S
g268_test_group_0001,g268,spread,crm_soil,g268:1,hill_entry_cross_exit,S,S,S
g268_test_group_0002,g268,spread,crm_soil,g268:2,hill_entry_cross_exit,S,S,S
g268_test_group_0005,g268,spread,crm_soil,g268:5,hill_entry_cross_exit,S,S,S
g268_test_group_0006,g268,spread,crm_soil,g268:6,crater_entry_cross_exit,S,S,S
g268_test_group_0007,g268,spread,crm_soil,g268:7,crater_entry_cross_exit,S,S,S
g268_test_group_0008,g268,spread,crm_soil,g268:8,crater_entry_cross_exit,S,S,S
g268_test_group_0009,g268,spread,crm_soil,g268:9,crater_entry_cross_exit,S,S,U
g268_test_group_0012,g268,spread,crm_soil,g268:2,hill_entry_cross_exit,S,S,S
g268_test_group_0013,g268,spread,crm_soil,g268:1,hill_entry_cross_exit,S,S,S
g268_test_group_0014,g268,spread,crm_soil,g268:2,hill_cross_slope,S,S,S
g268_test_group_0019,g268,spread,crm_soil,g268:7,crater_cross_slope,S,S,S
g268_test_group_0021,g268,spread,crm_soil,g268:9,crater_cross_slope,S,S,U
g268_test_group_0022,g268,spread,crm_soil,g268:10,crater_cross_slope,S,S,S
g268_test_group_0023,g268,spread,crm_soil,g268:11,crater_cross_slope,S,S,U
g268_test_group_0026,g268,spread,crm_soil,g268:2,hill_cross_slope,S,S,S
g268_test_group_0029,g268,spread,crm_soil,g268:5,hill_cross_slope,S,S,S
g268_test_group_0030,g268,spread,crm_soil,g268:6,crater_cross_slope,S,S,S
g268_test_group_0031,g268,spread,crm_soil,g268:7,crater_cross_slope,S,S,S
g268_test_group_0034,g268,spread,crm_soil,g268:7,crater_cross_slope,S,S,S
g268_test_group_0038,g268,spread,crm_soil,g268:2,hill_cross_slope,S,S,S
g268_test_group_0042,g268,spread,crm_soil,g268:6,crater_entry_cross_exit,S,S,S
g268_test_group_0043,g268,spread,crm_soil,g268:5,crater_entry_cross_exit,S,S,S
g268_test_group_0045,g268,spread,crm_soil,g268:9,crater_entry_cross_exit,S,S,S
g268_test_group_0047,g268,spread,crm_soil,g268:11,crater_entry_cross_exit,S,S,S
g268_test_group_0050,g268,spread,crm_soil,g268:2,hill_entry_cross_exit,S,S,S
g268_test_group_0051,g268,spread,crm_soil,g268:3,hill_entry_cross_exit,S,S,S
g268_test_group_0052,g268,spread,crm_soil,g268:4,hill_entry_cross_exit,S,S,S
g268_test_group_0053,g268,spread,crm_soil,g268:5,hill_entry_cross_exit,S,S,S
g268_test_group_0055,g268,spread,crm_soil,g268:8,crater_entry_cross_exit,S,S,S
g268_test_group_0056,g268,spread,crm_soil,g268:8,crater_cross_slope,S,S,S
g268_test_group_0057,g268,spread,crm_soil,g268:9,crater_cross_slope,S,S,S
g268_test_group_0058,g268,spread,crm_soil,g268:10,crater_cross_slope,S,S,S
g268_test_group_0060,g268,spread,crm_soil,g268:1,hill_cross_slope,S,S,S
g268_test_group_0063,g268,spread,crm_soil,g268:3,hill_cross_slope,S,S,S
g268_test_group_0066,g268,spread,crm_soil,g268:6,crater_cross_slope,S,S,S
g268_test_group_0070,g268,spread,crm_soil,g268:10,crater_cross_slope,S,S,S
g268_test_group_0072,g268,spread,crm_soil,g268:1,hill_cross_slope,S,S,S
g268_test_group_0073,g268,spread,crm_soil,g268:2,hill_cross_slope,S,S,S
g268_test_group_0074,g268,spread,crm_soil,g268:2,hill_cross_slope,S,S,S
g268_test_group_0080,g268,spread,crm_soil,g268:8,crater_cross_slope,S,S,U
g268_test_group_0081,g268,spread,crm_soil,g268:9,crater_cross_slope,S,S,S
g268_test_group_0082,g268,spread,crm_soil,g268:2,crater_cross_slope,S,S,S
g268_test_group_0084,g268,spread,crm_soil,g268:1,hill_entry_cross_exit,S,S,S
g268_test_group_0085,g268,spread,crm_soil,g268:1,hill_entry_cross_exit,S,S,S
g268_test_group_0087,g268,spread,crm_soil,g268:3,hill_entry_cross_exit,S,S,S
g268_test_group_0090,g268,spread,crm_soil,g268:6,crater_entry_cross_exit,S,S,S
g268_test_group_0091,g268,spread,crm_soil,g268:5,crater_entry_cross_exit,S,S,S
g268_test_group_0094,g268,spread,crm_soil,g268:10,crater_entry_cross_exit,S,S,S
g268_test_group_0098,g268,spread,crm_soil,g268:2,hill_cross_slope,S,S,S
g268_test_group_0099,g268,spread,crm_soil,g268:3,hill_cross_slope,S,S,S
g268_test_group_0100,g268,spread,crm_soil,g268:4,hill_cross_slope,S,S,S
g268_test_group_0101,g268,spread,crm_soil,g268:5,hill_cross_slope,S,S,S
g268_test_group_0103,g268,spread,crm_soil,g268:7,crater_cross_slope,S,S,S
g268_test_group_0104,g268,spread,crm_soil,g268:8,crater_cross_slope,S,S,S
g268_test_group_0105,g268,spread,crm_soil,g268:9,crater_cross_slope,S,S,S
g268_test_group_0107,g268,spread,crm_soil,g268:11,crater_cross_slope,S,S,S
g268_test_group_0109,g268,spread,crm_soil,g268:2,hill_cross_slope,S,S,S
g268_test_group_0112,g268,spread,crm_soil,g268:4,hill_cross_slope,S,S,S
g268_test_group_0116,g268,spread,crm_soil,g268:5,crater_cross_slope,S,S,S
g268_test_group_0118,g268,spread,crm_soil,g268:10,crater_cross_slope,S,S,S
g268_test_group_0119,g268,spread,crm_soil,g268:6,crater_cross_slope,S,S,S
g268_test_group_0120,g268,spread,crm_soil,g268:9,hill_cross_slope,S,S,S
g268_test_group_0122,g268,spread,crm_soil,g268:2,hill_cross_slope,S,S,S
g268_test_group_0124,g268,spread,crm_soil,g268:4,hill_cross_slope,S,S,S
g268_test_group_0127,g268,spread,crm_soil,g268:8,crater_entry_cross_exit,S,S,S
g268_test_group_0128,g268,spread,crm_soil,g268:8,crater_entry_cross_exit,S,S,U
g268_test_group_0130,g268,spread,crm_soil,g268:10,crater_entry_cross_exit,S,S,S
g268_test_group_0132,g268,spread,crm_soil,g268:1,hill_entry_cross_exit,S,S,S
g268_test_group_0133,g268,spread,crm_soil,g268:1,hill_entry_cross_exit,S,S,S
g268_test_group_0137,g268,spread,crm_soil,g268:5,hill_entry_cross_exit,S,S,S
g268_test_group_0138,g268,spread,crm_soil,g268:6,crater_entry_cross_exit,S,S,S
g268_test_group_0139,g268,spread,crm_soil,g268:8,crater_entry_cross_exit,S,S,S
g268_test_group_0141,g268,spread,crm_soil,g268:9,crater_cross_slope,S,S,S
g268_test_group_0142,g268,spread,crm_soil,g268:7,crater_cross_slope,S,S,S
g268_test_group_0145,g268,spread,crm_soil,g268:1,hill_cross_slope,S,S,S
g268_test_group_0149,g268,spread,crm_soil,g268:5,hill_cross_slope,S,S,S
g268_test_group_0150,g268,spread,crm_soil,g268:6,crater_cross_slope,S,S,S
g268_test_group_0151,g268,spread,crm_soil,g268:7,crater_cross_slope,S,S,S
g268_test_group_0155,g268,spread,crm_soil,g268:11,crater_cross_slope,S,S,S
g268_test_group_0157,g268,spread,crm_soil,g268:9,hill_cross_slope,S,S,S
g268_test_group_0159,g268,spread,crm_soil,g268:3,hill_cross_slope,S,S,S
g268_test_group_0161,g268,spread,crm_soil,g268:5,hill_cross_slope,S,S,S
g268_test_group_0162,g268,spread,crm_soil,g268:6,crater_cross_slope,S,S,S
g268_test_group_0165,g268,spread,crm_soil,g268:9,crater_cross_slope,S,S,S
g268_test_group_0166,g268,spread,crm_soil,g268:10,crater_cross_slope,S,S,S
g268_test_group_0170,g268,spread,crm_soil,g268:2,hill_entry_cross_exit,S,S,S
g268_test_group_0172,g268,spread,crm_soil,g268:4,hill_entry_cross_exit,S,S,S
g268_test_group_0177,g268,spread,crm_soil,g268:9,crater_entry_cross_exit,S,S,S
g268_test_group_0178,g268,spread,crm_soil,g268:10,crater_entry_cross_exit,S,S,S
g268_test_group_0179,g268,spread,crm_soil,g268:11,crater_entry_cross_exit,S,S,S
g268_test_group_0181,g268,spread,crm_soil,g268:1,hill_entry_cross_exit,S,S,S
g268_test_group_0184,g268,spread,crm_soil,g268:4,hill_cross_slope,S,S,S
g268_test_group_0186,g268,spread,crm_soil,g268:6,crater_cross_slope,S,S,S
g268_test_group_0189,g268,spread,crm_soil,g268:9,crater_cross_slope,S,S,S
g268_test_group_0190,g268,spread,crm_soil,g268:10,crater_cross_slope,S,S,S
g268_test_group_0193,g268,spread,crm_soil,g268:9,hill_cross_slope,S,S,S
g268_test_group_0194,g268,spread,crm_soil,g268:2,hill_cross_slope,S,S,S
g268_test_group_0195,g268,spread,crm_soil,g268:3,hill_cross_slope,S,S,S
g268_test_group_0196,g268,spread,crm_soil,g268:4,hill_cross_slope,S,S,S
g268_test_group_0197,g268,spread,crm_soil,g268:5,hill_cross_slope,S,S,S
g268_test_group_0199,g268,spread,crm_soil,g268:7,crater_cross_slope,S,S,S
g268_test_group_0203,g268,spread,crm_soil,g268:11,crater_cross_slope,S,S,S
g268_test_group_0204,g268,spread,crm_soil,g268:1,hill_cross_slope,S,S,S
g268_test_group_0205,g268,spread,crm_soil,g268:1,hill_cross_slope,S,S,U
g268_test_group_0206,g268,spread,crm_soil,g268:2,hill_cross_slope,S,S,S
g268_test_group_0211,g268,spread,crm_soil,g268:8,crater_entry_cross_exit,S,S,S
g268_test_group_0213,g268,spread,crm_soil,g268:9,crater_entry_cross_exit,S,S,S
g268_test_group_0215,g268,spread,crm_soil,g268:11,crater_entry_cross_exit,S,S,S
g268_test_group_0217,g268,spread,crm_soil,g268:1,hill_entry_cross_exit,S,S,S
g268_test_group_0218,g268,spread,crm_soil,g268:2,hill_entry_cross_exit,S,S,S
g268_test_group_0219,g268,spread,crm_soil,g268:3,hill_entry_cross_exit,S,S,S
g268_test_group_0220,g268,spread,crm_soil,g268:4,hill_entry_cross_exit,S,S,S
g268_test_group_0222,g268,spread,crm_soil,g268:6,crater_entry_cross_exit,S,S,S
g268_test_group_0225,g268,spread,crm_soil,g268:9,crater_cross_slope,S,S,U
g268_test_group_0226,g268,spread,crm_soil,g268:10,crater_cross_slope,S,S,S
g268_test_group_0233,g268,spread,crm_soil,g268:6,crater_cross_slope,S,S,S
g268_test_group_0235,g268,spread,crm_soil,g268:7,crater_cross_slope,S,S,S
g268_test_group_0236,g268,spread,crm_soil,g268:8,crater_cross_slope,S,S,S
g268_test_group_0239,g268,spread,crm_soil,g268:11,crater_cross_slope,S,S,S
g268_test_group_0241,g268,spread,crm_soil,g268:1,hill_cross_slope,S,S,S
g268_test_group_0242,g268,spread,crm_soil,g268:2,hill_cross_slope,S,S,S
g268_test_group_0243,g268,spread,crm_soil,g268:3,hill_cross_slope,S,S,S
g268_test_group_0246,g268,spread,crm_soil,g268:6,crater_cross_slope,S,S,S
g268_test_group_0247,g268,spread,crm_soil,g268:7,crater_cross_slope,S,S,S
g268_test_group_0249,g268,spread,crm_soil,g268:9,crater_cross_slope,S,S,S
g271_test_group_0002,g271,near,crm_soil,g271:2,hill_entry_cross_exit,S,S,S
g271_test_group_0007,g271,near,crm_soil,g271:7,crater_entry_cross_exit,S,S,S
g271_test_group_0011,g271,near,crm_soil,g271:0,hill_entry_cross_exit,S,S,S
g271_test_group_0013,g271,near,crm_soil,g271:2,hill_cross_slope,S,S,S
g271_test_group_0017,g271,near,crm_soil,g271:6,crater_cross_slope,S,S,S
g271_test_group_0019,g271,near,crm_soil,g271:0,crater_cross_slope,S,S,S
g271_test_group_0020,g271,near,crm_soil,g271:9,crater_cross_slope,S,S,S
g271_test_group_0021,g271,near,crm_soil,g271:10,crater_cross_slope,S,S,S
g271_test_group_0023,g271,near,crm_soil,g271:2,hill_cross_slope,S,S,S
g271_test_group_0024,g271,near,crm_soil,g271:2,hill_cross_slope,S,S,S
g271_test_group_0027,g271,near,crm_soil,g271:4,hill_cross_slope,S,S,S
g271_test_group_0028,g271,near,crm_soil,g271:6,crater_cross_slope,S,S,S
g271_test_group_0030,g271,near,crm_soil,g271:0,crater_cross_slope,S,S,S
g271_test_group_0031,g271,near,crm_soil,g271:9,crater_cross_slope,S,S,S
g271_test_group_0035,g271,near,crm_soil,g271:2,hill_cross_slope,S,S,S
g271_test_group_0038,g271,near,crm_soil,g271:5,hill_cross_slope,S,S,S
g271_test_group_0039,g271,near,crm_soil,g271:6,crater_entry_cross_exit,S,S,S
g271_test_group_0042,g271,near,crm_soil,g271:9,crater_entry_cross_exit,S,S,S
g271_test_group_0045,g271,near,crm_soil,g271:2,hill_entry_cross_exit,S,S,S
g271_test_group_0050,g271,near,crm_soil,g271:6,crater_entry_cross_exit,S,S,S
g271_test_group_0051,g271,near,crm_soil,g271:7,crater_entry_cross_exit,S,S,S
g271_test_group_0053,g271,near,crm_soil,g271:9,crater_cross_slope,S,S,S
g271_test_group_0056,g271,near,crm_soil,g271:2,hill_cross_slope,S,S,U
g271_test_group_0062,g271,near,crm_soil,g271:7,crater_cross_slope,S,S,S
g271_test_group_0063,g271,near,crm_soil,g271:0,crater_cross_slope,S,S,S
g271_test_group_0064,g271,near,crm_soil,g271:2,crater_cross_slope,S,S,S
g271_test_group_0065,g271,near,crm_soil,g271:10,crater_cross_slope,S,S,S
g271_test_group_0073,g271,near,crm_soil,g271:7,crater_cross_slope,S,S,S
g271_test_group_0077,g271,near,crm_soil,g271:0,hill_cross_slope,S,S,S
g271_test_group_0078,g271,near,crm_soil,g271:2,hill_entry_cross_exit,S,S,S
g271_test_group_0080,g271,near,crm_soil,g271:3,hill_entry_cross_exit,S,S,S
g271_test_group_0081,g271,near,crm_soil,g271:4,hill_entry_cross_exit,S,S,S
g271_test_group_0082,g271,near,crm_soil,g271:4,hill_entry_cross_exit,S,S,S
g271_test_group_0083,g271,near,crm_soil,g271:6,crater_entry_cross_exit,S,S,S
g271_test_group_0084,g271,near,crm_soil,g271:7,crater_entry_cross_exit,S,S,S
g271_test_group_0086,g271,near,crm_soil,g271:9,crater_entry_cross_exit,S,S,S
g271_test_group_0087,g271,near,crm_soil,g271:10,crater_entry_cross_exit,S,S,S
g271_test_group_0088,g271,near,crm_soil,g271:0,hill_entry_cross_exit,S,S,S
g271_test_group_0089,g271,near,crm_soil,g271:2,hill_entry_cross_exit,S,S,S
g271_test_group_0091,g271,near,crm_soil,g271:3,hill_cross_slope,S,S,S
g271_test_group_0092,g271,near,crm_soil,g271:4,hill_cross_slope,S,S,S
g271_test_group_0097,g271,near,crm_soil,g271:9,crater_cross_slope,S,S,S
g271_test_group_0099,g271,near,crm_soil,g271:0,hill_cross_slope,S,S,S
g271_test_group_0100,g271,near,crm_soil,g271:2,hill_cross_slope,S,S,S
g271_test_group_0101,g271,near,crm_soil,g271:2,hill_cross_slope,S,S,S
g271_test_group_0105,g271,near,crm_soil,g271:6,crater_cross_slope,S,S,S
g271_test_group_0106,g271,near,crm_soil,g271:7,crater_cross_slope,S,S,S
g271_test_group_0108,g271,near,crm_soil,g271:9,crater_cross_slope,S,S,S
g271_test_group_0109,g271,near,crm_soil,g271:10,crater_cross_slope,S,S,S
g271_test_group_0111,g271,near,crm_soil,g271:2,hill_cross_slope,S,S,S
g271_test_group_0112,g271,near,crm_soil,g271:2,hill_cross_slope,S,S,S
g271_test_group_0113,g271,near,crm_soil,g271:10,hill_cross_slope,S,S,S
g271_test_group_0114,g271,near,crm_soil,g271:4,hill_cross_slope,S,S,S
g271_test_group_0116,g271,near,crm_soil,g271:6,crater_cross_slope,S,S,S
g271_test_group_0118,g271,near,crm_soil,g271:8,crater_entry_cross_exit,S,S,S
g271_test_group_0120,g271,near,crm_soil,g271:3,crater_entry_cross_exit,S,S,S
g271_test_group_0121,g271,near,crm_soil,g271:7,hill_entry_cross_exit,S,S,S
g271_test_group_0122,g271,near,crm_soil,g271:2,hill_entry_cross_exit,S,S,S
g271_test_group_0123,g271,near,crm_soil,g271:2,hill_entry_cross_exit,S,S,S
g271_test_group_0124,g271,near,crm_soil,g271:3,hill_entry_cross_exit,S,S,S
g271_test_group_0125,g271,near,crm_soil,g271:9,hill_entry_cross_exit,S,S,S
g271_test_group_0127,g271,near,crm_soil,g271:6,crater_entry_cross_exit,S,S,S
g271_test_group_0128,g271,near,crm_soil,g271:7,crater_entry_cross_exit,S,S,S
g271_test_group_0129,g271,near,crm_soil,g271:8,crater_entry_cross_exit,S,S,S
g271_test_group_0133,g271,near,crm_soil,g271:2,hill_cross_slope,S,S,S
g271_test_group_0135,g271,near,crm_soil,g271:3,hill_cross_slope,S,S,S
g271_test_group_0136,g271,near,crm_soil,g271:4,hill_cross_slope,S,S,S
g271_test_group_0137,g271,near,crm_soil,g271:5,hill_cross_slope,S,S,S
g271_test_group_0139,g271,near,crm_soil,g271:7,crater_cross_slope,S,S,S
g271_test_group_0140,g271,near,crm_soil,g271:0,crater_cross_slope,S,S,S
g271_test_group_0142,g271,near,crm_soil,g271:10,crater_cross_slope,S,S,S
g271_test_group_0143,g271,near,crm_soil,g271:8,hill_cross_slope,S,S,S
g271_test_group_0144,g271,near,crm_soil,g271:2,hill_cross_slope,S,S,S
g271_test_group_0145,g271,near,crm_soil,g271:9,hill_cross_slope,S,S,S
g271_test_group_0147,g271,near,crm_soil,g271:4,hill_cross_slope,S,S,S
g271_test_group_0148,g271,near,crm_soil,g271:5,hill_cross_slope,S,S,S
g271_test_group_0155,g271,near,crm_soil,g271:5,hill_cross_slope,S,S,S
g271_test_group_0159,g271,near,crm_soil,g271:5,hill_entry_cross_exit,S,S,S
g271_test_group_0161,g271,near,crm_soil,g271:7,crater_entry_cross_exit,S,S,S
g271_test_group_0162,g271,near,crm_soil,g271:8,crater_entry_cross_exit,S,S,S
g271_test_group_0168,g271,near,crm_soil,g271:3,hill_entry_cross_exit,S,S,S
g271_test_group_0172,g271,near,crm_soil,g271:7,crater_cross_slope,S,S,S
g271_test_group_0173,g271,near,crm_soil,g271:8,crater_cross_slope,S,S,S
g271_test_group_0175,g271,near,crm_soil,g271:10,crater_cross_slope,S,S,S
g271_test_group_0176,g271,near,crm_soil,g271:0,hill_cross_slope,S,S,S
g271_test_group_0177,g271,near,crm_soil,g271:2,hill_cross_slope,S,S,S
g271_test_group_0178,g271,near,crm_soil,g271:2,hill_cross_slope,S,S,S
g271_test_group_0184,g271,near,crm_soil,g271:8,crater_cross_slope,S,S,S
g271_test_group_0185,g271,near,crm_soil,g271:9,crater_cross_slope,S,S,S
g271_test_group_0188,g271,near,crm_soil,g271:2,hill_cross_slope,S,S,S
g271_test_group_0189,g271,near,crm_soil,g271:2,hill_cross_slope,S,S,S
g271_test_group_0191,g271,near,crm_soil,g271:4,hill_cross_slope,S,S,S
g271_test_group_0193,g271,near,crm_soil,g271:6,crater_cross_slope,S,S,S
g271_test_group_0194,g271,near,crm_soil,g271:7,crater_cross_slope,S,S,S
g271_test_group_0195,g271,near,crm_soil,g271:0,crater_entry_cross_exit,S,S,S
g271_test_group_0196,g271,near,crm_soil,g271:4,crater_entry_cross_exit,S,S,S
g271_test_group_0197,g271,near,crm_soil,g271:10,crater_entry_cross_exit,S,S,S
g271_test_group_0198,g271,near,crm_soil,g271:0,hill_entry_cross_exit,S,S,S
g271_test_group_0200,g271,near,crm_soil,g271:2,hill_entry_cross_exit,S,S,S
g271_test_group_0203,g271,near,crm_soil,g271:5,hill_entry_cross_exit,S,S,S
g271_test_group_0207,g271,near,crm_soil,g271:9,crater_entry_cross_exit,S,S,S
g271_test_group_0209,g271,near,crm_soil,g271:0,hill_cross_slope,S,S,S
g271_test_group_0210,g271,near,crm_soil,g271:2,hill_cross_slope,S,S,S
g271_test_group_0211,g271,near,crm_soil,g271:2,hill_cross_slope,S,S,S
g271_test_group_0214,g271,near,crm_soil,g271:5,hill_cross_slope,S,S,S
g271_test_group_0216,g271,near,crm_soil,g271:7,crater_cross_slope,S,S,S
g271_test_group_0220,g271,near,crm_soil,g271:8,hill_cross_slope,S,S,S
g271_test_group_0223,g271,near,crm_soil,g271:3,hill_cross_slope,S,S,S
g271_test_group_0224,g271,near,crm_soil,g271:4,hill_cross_slope,S,S,S
g271_test_group_0225,g271,near,crm_soil,g271:5,hill_cross_slope,S,S,S
g271_test_group_0226,g271,near,crm_soil,g271:6,crater_cross_slope,S,S,S
g271_test_group_0229,g271,near,crm_soil,g271:9,crater_cross_slope,S,S,S
g271_test_group_0230,g271,near,crm_soil,g271:10,crater_cross_slope,S,S,S
g271_test_group_0231,g271,near,crm_soil,g271:0,hill_cross_slope,S,S,S
g271_test_group_0232,g271,near,crm_soil,g271:2,hill_cross_slope,S,S,S
g271_test_group_0233,g271,near,crm_soil,g271:2,hill_cross_slope,S,S,S
g271_test_group_0236,g271,near,crm_soil,g271:5,hill_entry_cross_exit,S,S,S
g271_test_group_0237,g271,near,crm_soil,g271:6,crater_entry_cross_exit,S,S,S
g271_test_group_0239,g271,near,crm_soil,g271:0,crater_entry_cross_exit,S,S,S
g271_test_group_0240,g271,near,crm_soil,g271:9,crater_entry_cross_exit,S,S,S
g271_test_group_0241,g271,near,crm_soil,g271:10,crater_entry_cross_exit,S,S,S
g271_test_group_0242,g271,near,crm_soil,g271:0,hill_entry_cross_exit,S,S,S
g271_test_group_0245,g271,near,crm_soil,g271:3,hill_entry_cross_exit,S,S,S
g271_test_group_0247,g271,near,crm_soil,g271:5,hill_cross_slope,S,S,S
g271_test_group_0248,g271,near,crm_soil,g271:6,crater_cross_slope,S,S,S
