task_id,arena,world,suite_part,terrain_cluster,task_type,gator_own_model_sampling,gator_own_model_sampling_grad,gator_own_model_tiers0to6_sampling,gator_hmmwv_model_sampling,gator_straight_6mps,hmmwv_own_model_sampling,hmmwv_own_model_sampling_grad,hmmwv_straight_6mps,polaris_own_model_sampling_grad,polaris_own_model_sampling,polaris_corrected_driveline_grad_routes,polaris_straight_6mps
f104_crm_eval_group_0000,f104,crm_soil,tuned200,f104:0,hill_entry_cross_exit,S,S,S,S,U,S,S,S,S,S,S,S
f104_crm_eval_group_0001,f104,crm_soil,tuned200,f104:1,hill_entry_cross_exit,S,S,U,U,U,S,S,S,S,S,S,S
f104_crm_eval_group_0002,f104,crm_soil,tuned200,f104:2,hill_entry_cross_exit,S,S,S,S,U,S,S,S,S,S,S,S
f104_crm_eval_group_0003,f104,crm_soil,tuned200,f104:3,hill_entry_cross_exit,S,S,S,S,U,S,S,S,S,S,S,S
f104_crm_eval_group_0004,f104,crm_soil,tuned200,f104:5,hill_entry_cross_exit,S,S,S,S,U,S,S,S,S,S,S,S
f104_crm_eval_group_0005,f104,crm_soil,tuned200,f104:5,crater_entry_cross_exit,S,S,S,U,U,S,S,S,S,S,S,S
f104_crm_eval_group_0006,f104,crm_soil,tuned200,f104:6,crater_entry_cross_exit,S,S,S,S,S,S,S,S,S,S,S,S
f104_crm_eval_group_0007,f104,crm_soil,tuned200,f104:7,crater_entry_cross_exit,S,S,S,S,U,S,S,S,S,S,S,S
f104_crm_eval_group_0008,f104,crm_soil,tuned200,f104:8,crater_entry_cross_exit,U,U,U,U,U,S,S,S,S,S,S,S
f104_crm_eval_group_0009,f104,crm_soil,tuned200,f104:0,hill_entry_cross_exit,S,S,S,S,U,S,S,S,S,S,S,S
f104_crm_eval_group_0010,f104,crm_soil,tuned200,f104:0,hill_entry_cross_exit,S,S,U,U,U,S,S,S,S,S,S,S
f104_crm_eval_group_0011,f104,crm_soil,tuned200,f104:8,hill_entry_cross_exit,U,U,U,U,U,S,U,U,S,S,S,S
f104_crm_eval_group_0012,f104,crm_soil,tuned200,f104:2,hill_cross_slope,S,S,S,S,U,S,S,U,S,S,S,S
f104_crm_eval_group_0013,f104,crm_soil,tuned200,f104:6,hill_cross_slope,U,U,U,U,U,S,S,U,S,S,S,S
f104_crm_eval_group_0014,f104,crm_soil,tuned200,f104:2,hill_cross_slope,U,U,U,U,U,S,S,U,S,S,S,S
f104_crm_eval_group_0015,f104,crm_soil,tuned200,f104:5,crater_cross_slope,S,U,S,U,U,S,S,S,S,S,S,S
f104_crm_eval_group_0016,f104,crm_soil,tuned200,f104:6,crater_cross_slope,S,S,S,U,U,S,S,S,S,S,S,S
f104_crm_eval_group_0017,f104,crm_soil,tuned200,f104:3,crater_cross_slope,U,U,U,U,U,S,S,U,S,S,U,S
f104_crm_eval_group_0018,f104,crm_soil,tuned200,f104:8,crater_cross_slope,U,S,S,U,U,S,S,U,S,S,S,S
f104_crm_eval_group_0019,f104,crm_soil,tuned200,f104:0,hill_cross_slope,S,S,S,S,U,S,S,S,S,S,S,S
f104_crm_eval_group_0020,f104,crm_soil,tuned200,f104:0,hill_cross_slope,S,S,S,S,U,S,S,S,S,S,S,S
f104_crm_eval_group_0021,f104,crm_soil,tuned200,f104:1,hill_cross_slope,S,S,S,S,U,S,S,S,S,S,S,S
f104_crm_eval_group_0022,f104,crm_soil,tuned200,f104:4,hill_cross_slope,S,S,S,S,U,S,S,S,S,S,S,S
f104_crm_eval_group_0023,f104,crm_soil,tuned200,f104:7,hill_cross_slope,S,S,U,U,U,S,S,U,S,S,S,S
f104_crm_eval_group_0024,f104,crm_soil,tuned200,f104:4,hill_cross_slope,U,U,U,U,U,S,S,S,S,S,S,S
f104_crm_eval_group_0025,f104,crm_soil,tuned200,f104:4,crater_cross_slope,S,S,S,U,U,S,S,S,S,S,S,S
f104_crm_eval_group_0026,f104,crm_soil,tuned200,f104:6,crater_cross_slope,S,S,S,U,U,S,S,S,S,S,S,S
f104_crm_eval_group_0027,f104,crm_soil,tuned200,f104:7,crater_cross_slope,S,S,S,U,U,S,S,S,S,S,S,S
f104_crm_eval_group_0028,f104,crm_soil,tuned200,f104:8,crater_cross_slope,S,S,S,S,U,S,S,U,S,S,S,S
f104_crm_eval_group_0029,f104,crm_soil,tuned200,f104:0,hill_cross_slope,S,S,S,S,S,S,S,S,S,S,S,S
f104_crm_eval_group_0030,f104,crm_soil,tuned200,f104:0,hill_cross_slope,S,S,S,S,S,S,S,S,S,S,S,S
f104_crm_eval_group_0031,f104,crm_soil,tuned200,f104:1,hill_cross_slope,U,U,U,U,U,S,S,U,S,S,S,S
f104_crm_eval_group_0032,f104,crm_soil,tuned200,f104:2,hill_cross_slope,S,S,S,S,U,S,S,S,S,S,S,S
f104_crm_eval_group_0033,f104,crm_soil,tuned200,f104:3,hill_cross_slope,U,U,S,U,U,S,S,U,S,S,S,S
f104_crm_eval_group_0034,f104,crm_soil,tuned200,f104:2,hill_cross_slope,U,U,U,U,U,S,S,U,S,S,S,S
f104_crm_eval_group_0035,f104,crm_soil,tuned200,f104:5,crater_cross_slope,S,S,S,U,U,S,S,S,S,S,S,S
f104_crm_eval_group_0036,f104,crm_soil,tuned200,f104:6,crater_entry_cross_exit,S,S,S,U,U,S,S,S,S,S,S,S
f104_crm_eval_group_0037,f104,crm_soil,tuned200,f104:3,crater_entry_cross_exit,U,U,U,U,U,S,S,U,S,S,S,S
f104_crm_eval_group_0038,f104,crm_soil,tuned200,f104:8,crater_entry_cross_exit,S,S,S,S,U,S,S,U,S,S,S,S
f104_crm_eval_group_0039,f104,crm_soil,tuned200,f104:0,hill_entry_cross_exit,S,S,S,S,U,S,S,S,S,S,S,S
f104_crm_eval_group_0040,f104,crm_soil,tuned200,f104:0,hill_entry_cross_exit,S,U,S,U,U,S,S,S,S,S,S,S
f104_crm_eval_group_0041,f104,crm_soil,tuned200,f104:1,hill_entry_cross_exit,S,S,S,S,U,S,S,S,S,S,S,S
f104_crm_eval_group_0042,f104,crm_soil,tuned200,f104:2,hill_entry_cross_exit,S,S,S,S,U,S,S,S,S,S,S,S
f104_crm_eval_group_0043,f104,crm_soil,tuned200,f104:3,hill_entry_cross_exit,S,U,S,S,U,S,S,S,S,S,S,S
f104_crm_eval_group_0044,f104,crm_soil,tuned200,f104:2,hill_entry_cross_exit,U,U,U,S,U,S,S,U,S,S,S,S
f104_crm_eval_group_0045,f104,crm_soil,tuned200,f104:4,crater_entry_cross_exit,S,S,S,S,U,S,S,U,S,S,S,S
f104_crm_eval_group_0046,f104,crm_soil,tuned200,f104:6,crater_entry_cross_exit,S,S,S,S,S,S,S,S,S,S,S,S
f104_crm_eval_group_0047,f104,crm_soil,tuned200,f104:7,crater_entry_cross_exit,S,S,S,U,U,S,S,S,S,S,S,S
f104_crm_eval_group_0048,f104,crm_soil,tuned200,f104:8,crater_cross_slope,S,S,S,S,U,S,S,U,S,S,S,S
f104_crm_eval_group_0049,f104,crm_soil,tuned200,f104:0,hill_cross_slope,S,S,S,S,U,S,S,S,S,S,S,S
f104_crm_eval_group_0050,f104,crm_soil,tuned200,f104:0,hill_cross_slope,U,U,U,U,U,S,S,S,S,S,S,S
f104_crm_eval_group_0051,f104,crm_soil,tuned200,f104:1,hill_cross_slope,S,S,S,S,U,S,S,S,S,S,S,S
f104_crm_eval_group_0052,f104,crm_soil,tuned200,f104:2,hill_cross_slope,S,S,S,S,U,S,S,S,S,S,S,S
f104_crm_eval_group_0053,f104,crm_soil,tuned200,f104:3,hill_cross_slope,U,U,U,U,U,S,S,U,S,S,S,S
f104_crm_eval_group_0054,f104,crm_soil,tuned200,f104:2,hill_cross_slope,U,U,U,U,U,S,S,S,S,S,S,S
f104_crm_eval_group_0055,f104,crm_soil,tuned200,f104:5,crater_cross_slope,U,U,U,U,U,S,S,U,S,S,S,S
f104_crm_eval_group_0056,f104,crm_soil,tuned200,f104:6,crater_cross_slope,S,S,S,S,U,S,S,S,S,S,S,S
f104_crm_eval_group_0057,f104,crm_soil,tuned200,f104:7,crater_cross_slope,S,S,S,U,U,S,S,S,S,S,S,S
f104_crm_eval_group_0058,f104,crm_soil,tuned200,f104:8,crater_cross_slope,S,S,S,S,U,S,S,U,S,S,S,S
f104_crm_eval_group_0059,f104,crm_soil,tuned200,f104:0,hill_cross_slope,S,S,S,S,U,S,S,S,S,S,S,S
f104_crm_eval_group_0060,f104,crm_soil,tuned200,f104:0,hill_cross_slope,S,S,S,U,S,S,S,S,S,S,S,S
f104_crm_eval_group_0061,f104,crm_soil,tuned200,f104:1,hill_cross_slope,S,S,S,S,U,S,S,U,S,S,S,S
f104_crm_eval_group_0062,f104,crm_soil,tuned200,f104:2,hill_cross_slope,U,U,U,U,U,S,S,S,S,S,S,S
f104_crm_eval_group_0063,f104,crm_soil,tuned200,f104:3,hill_cross_slope,U,U,U,U,U,S,S,U,S,S,S,S
f104_crm_eval_group_0064,f104,crm_soil,tuned200,f104:4,hill_cross_slope,S,S,S,S,U,S,S,S,S,S,S,S
f104_crm_eval_group_0065,f104,crm_soil,tuned200,f104:5,crater_cross_slope,S,S,S,U,U,S,S,S,S,S,S,S
f104_crm_eval_group_0066,f104,crm_soil,tuned200,f104:6,crater_cross_slope,S,S,S,U,U,S,S,S,S,S,S,S
f104_crm_eval_group_0067,f104,crm_soil,tuned200,f104:7,crater_cross_slope,S,S,S,S,U,S,S,S,S,S,S,S
f104_crm_eval_group_0068,f104,crm_soil,tuned200,f104:8,crater_cross_slope,S,S,S,S,U,S,S,U,S,S,S,S
f104_crm_eval_group_0069,f104,crm_soil,tuned200,f104:0,hill_cross_slope,S,S,S,S,S,S,S,S,S,S,S,S
f104_crm_eval_group_0070,f104,crm_soil,tuned200,f104:0,hill_cross_slope,S,S,S,S,S,S,S,S,S,S,S,S
f104_crm_eval_group_0071,f104,crm_soil,tuned200,f104:8,hill_cross_slope,S,S,U,U,U,S,S,U,S,S,S,S
f104_crm_eval_group_0072,f104,crm_soil,tuned200,f104:4,hill_entry_cross_exit,S,S,S,U,U,S,S,S,S,S,S,S
f104_crm_eval_group_0073,f104,crm_soil,tuned200,f104:3,hill_entry_cross_exit,U,U,U,U,U,U,S,S,S,S,S,S
f104_crm_eval_group_0074,f104,crm_soil,tuned200,f104:4,hill_entry_cross_exit,U,S,U,U,U,S,S,S,S,S,S,S
f104_crm_eval_group_0075,f104,crm_soil,tuned200,f104:5,crater_entry_cross_exit,S,S,S,U,U,S,S,S,S,S,S,S
f104_crm_eval_group_0076,f104,crm_soil,tuned200,f104:6,crater_entry_cross_exit,S,S,S,S,S,S,S,S,S,S,S,S
f104_crm_eval_group_0077,f104,crm_soil,tuned200,f104:7,crater_entry_cross_exit,S,S,S,S,S,S,S,U,S,S,S,S
f104_crm_eval_group_0078,f104,crm_soil,tuned200,f104:1,crater_entry_cross_exit,S,S,S,S,U,S,S,U,S,S,S,S
f104_crm_eval_group_0079,f104,crm_soil,tuned200,f104:0,hill_entry_cross_exit,S,S,S,S,U,S,S,S,S,S,S,S
f104_crm_eval_group_0080,f104,crm_soil,tuned200,f104:0,hill_entry_cross_exit,S,S,S,S,U,S,S,S,S,S,S,S
f104_crm_eval_group_0081,f104,crm_soil,tuned200,f104:1,hill_entry_cross_exit,S,S,U,U,U,S,S,S,S,S,S,S
f104_crm_eval_group_0082,f104,crm_soil,tuned200,f104:4,hill_entry_cross_exit,S,S,S,U,U,S,S,S,S,S,S,S
f104_crm_eval_group_0083,f104,crm_soil,tuned200,f104:3,hill_entry_cross_exit,U,U,U,U,U,U,U,U,S,S,S,S
f104_crm_eval_group_0084,f104,crm_soil,tuned200,f104:4,hill_cross_slope,U,U,U,U,U,S,S,S,S,S,S,S
f104_crm_eval_group_0085,f104,crm_soil,tuned200,f104:5,crater_cross_slope,U,U,U,U,U,S,S,U,S,S,S,S
f104_crm_eval_group_0086,f104,crm_soil,tuned200,f104:7,crater_cross_slope,S,S,S,S,U,S,S,S,S,S,S,S
f104_crm_eval_group_0087,f104,crm_soil,tuned200,f104:7,crater_cross_slope,S,S,S,S,U,S,S,U,S,S,S,S
f104_crm_eval_group_0088,f104,crm_soil,tuned200,f104:8,crater_cross_slope,S,U,U,U,U,S,S,U,S,S,S,S
f104_crm_eval_group_0089,f104,crm_soil,tuned200,f104:0,hill_cross_slope,S,S,S,S,U,S,S,S,S,S,S,S
f104_crm_eval_group_0090,f104,crm_soil,tuned200,f104:0,hill_cross_slope,S,S,S,S,S,S,S,S,S,S,S,S
f104_crm_eval_group_0091,f104,crm_soil,tuned200,f104:1,hill_cross_slope,S,S,U,U,U,S,S,U,S,S,S,S
f104_crm_eval_group_0092,f104,crm_soil,tuned200,f104:2,hill_cross_slope,U,U,U,U,U,U,S,U,S,S,S,S
f104_crm_eval_group_0093,f104,crm_soil,tuned200,f104:3,hill_cross_slope,U,U,U,U,U,S,S,U,S,S,S,S
f104_crm_eval_group_0094,f104,crm_soil,tuned200,f104:4,hill_cross_slope,S,S,S,S,U,S,S,S,S,S,S,S
f104_crm_eval_group_0095,f104,crm_soil,tuned200,f104:5,crater_cross_slope,S,S,S,U,U,S,S,S,S,S,U,S
f104_crm_eval_group_0096,f104,crm_soil,tuned200,f104:6,crater_cross_slope,S,S,S,S,U,S,S,S,S,S,S,S
f104_crm_eval_group_0097,f104,crm_soil,tuned200,f104:7,crater_cross_slope,S,S,S,S,U,S,S,S,S,S,S,S
f104_crm_eval_group_0098,f104,crm_soil,tuned200,f104:8,crater_cross_slope,U,U,U,U,U,S,S,U,S,S,S,S
f104_crm_eval_group_0099,f104,crm_soil,tuned200,f104:0,hill_cross_slope,S,U,U,U,U,S,S,S,S,S,S,S
f104_crm_eval_group_0100,f104,crm_soil,tuned200,f104:0,hill_cross_slope,U,U,U,U,U,S,S,S,S,S,S,S
f104_crm_eval_group_0101,f104,crm_soil,tuned200,f104:8,hill_cross_slope,U,S,U,U,U,S,S,S,S,S,S,S
f104_crm_eval_group_0102,f104,crm_soil,tuned200,f104:2,hill_cross_slope,U,U,U,U,U,S,S,S,S,S,S,S
f104_crm_eval_group_0103,f104,crm_soil,tuned200,f104:3,hill_cross_slope,S,S,S,S,U,S,S,S,S,S,S,S
f104_crm_eval_group_0104,f104,crm_soil,tuned200,f104:2,hill_cross_slope,S,S,S,U,U,S,S,S,S,S,S,S
f104_crm_eval_group_0105,f104,crm_soil,tuned200,f104:5,crater_cross_slope,S,S,S,S,S,S,S,S,S,S,S,S
f104_crm_eval_group_0106,f104,crm_soil,tuned200,f104:6,crater_cross_slope,S,S,S,U,U,S,S,S,S,S,S,S
f104_crm_eval_group_0107,f104,crm_soil,tuned200,f104:7,crater_cross_slope,S,S,S,U,U,S,S,S,S,S,S,S
f104_crm_eval_group_0108,f104,crm_soil,tuned200,f104:8,crater_entry_cross_exit,U,S,S,U,U,S,S,U,S,S,S,S
f104_crm_eval_group_0109,f104,crm_soil,tuned200,f104:0,hill_entry_cross_exit,S,S,S,U,U,S,S,U,S,S,S,S
f104_crm_eval_group_0110,f104,crm_soil,tuned200,f104:0,hill_entry_cross_exit,U,U,U,U,U,S,S,U,S,S,S,S
f104_crm_eval_group_0111,f104,crm_soil,tuned200,f104:1,hill_entry_cross_exit,S,S,S,S,U,S,S,U,S,S,S,S
f104_crm_eval_group_0112,f104,crm_soil,tuned200,f104:2,hill_entry_cross_exit,S,S,S,S,U,S,S,S,S,S,S,S
f104_crm_eval_group_0113,f104,crm_soil,tuned200,f104:3,hill_entry_cross_exit,S,S,S,S,U,S,S,S,S,S,S,S
f104_crm_eval_group_0114,f104,crm_soil,tuned200,f104:4,hill_entry_cross_exit,U,U,U,U,U,S,S,S,S,S,S,S
f104_crm_eval_group_0115,f104,crm_soil,tuned200,f104:5,crater_entry_cross_exit,S,S,S,U,U,S,S,S,S,S,S,S
f104_crm_eval_group_0116,f104,crm_soil,tuned200,f104:6,crater_entry_cross_exit,S,S,S,S,S,S,S,S,S,S,S,S
f104_crm_eval_group_0117,f104,crm_soil,tuned200,f104:7,crater_entry_cross_exit,S,S,S,U,U,S,S,S,S,S,S,S
f104_crm_eval_group_0118,f104,crm_soil,tuned200,f104:8,crater_entry_cross_exit,S,U,S,U,U,S,S,U,S,S,S,S
f104_crm_eval_group_0119,f104,crm_soil,tuned200,f104:0,hill_entry_cross_exit,S,S,U,U,S,S,S,U,S,S,S,S
f104_crm_eval_group_0120,f104,crm_soil,tuned200,f104:0,hill_cross_slope,U,U,U,U,U,S,S,S,S,S,S,S
f104_crm_eval_group_0121,f104,crm_soil,tuned200,f104:8,hill_cross_slope,U,U,U,U,U,S,S,U,S,S,S,S
f104_crm_eval_group_0122,f104,crm_soil,tuned200,f104:2,hill_cross_slope,S,S,S,S,U,S,S,U,S,S,S,S
f104_crm_eval_group_0123,f104,crm_soil,tuned200,f104:7,hill_cross_slope,U,U,U,U,U,S,S,U,S,S,S,S
f104_crm_eval_group_0124,f104,crm_soil,tuned200,f104:4,hill_cross_slope,U,U,U,U,U,U,S,U,S,S,S,S
f104_crm_eval_group_0125,f104,crm_soil,tuned200,f104:5,crater_cross_slope,U,U,U,U,U,S,S,U,S,S,S,S
f104_crm_eval_group_0126,f104,crm_soil,tuned200,f104:6,crater_cross_slope,S,S,S,S,S,S,S,S,S,S,S,S
f104_crm_eval_group_0127,f104,crm_soil,tuned200,f104:7,crater_cross_slope,S,S,S,S,U,S,S,S,S,S,S,S
f104_crm_eval_group_0128,f104,crm_soil,tuned200,f104:8,crater_cross_slope,S,S,S,S,U,S,S,U,S,S,S,S
f104_crm_eval_group_0129,f104,crm_soil,tuned200,f104:0,hill_cross_slope,S,S,S,S,U,S,S,S,S,S,S,S
f104_crm_eval_group_0130,f104,crm_soil,tuned200,f104:0,hill_cross_slope,S,S,S,S,S,S,S,S,S,S,S,S
f104_crm_eval_group_0131,f104,crm_soil,tuned200,f104:8,hill_cross_slope,S,S,S,S,U,S,S,U,S,S,S,S
f104_crm_eval_group_0132,f104,crm_soil,tuned200,f104:2,hill_cross_slope,S,S,S,S,U,S,S,S,S,S,S,S
f104_crm_eval_group_0133,f104,crm_soil,tuned200,f104:3,hill_cross_slope,U,U,U,U,U,S,S,U,S,S,S,S
f104_crm_eval_group_0134,f104,crm_soil,tuned200,f104:4,hill_cross_slope,S,S,S,U,U,S,S,S,S,S,S,S
f104_crm_eval_group_0135,f104,crm_soil,tuned200,f104:5,crater_cross_slope,U,U,U,U,U,S,S,S,S,S,S,S
f104_crm_eval_group_0136,f104,crm_soil,tuned200,f104:6,crater_cross_slope,S,S,S,U,U,S,S,S,S,S,S,S
f104_crm_eval_group_0137,f104,crm_soil,tuned200,f104:7,crater_cross_slope,U,U,U,U,U,U,S,U,S,S,S,U
f104_crm_eval_group_0138,f104,crm_soil,tuned200,f104:8,crater_cross_slope,U,U,U,U,U,S,S,U,S,S,S,S
f104_crm_eval_group_0139,f104,crm_soil,tuned200,f104:0,hill_cross_slope,S,S,S,S,S,S,S,S,S,S,S,S
f104_crm_eval_group_0140,f104,crm_soil,tuned200,f104:0,hill_cross_slope,S,S,S,S,S,S,S,S,S,S,S,S
f104_crm_eval_group_0141,f104,crm_soil,tuned200,f104:1,hill_cross_slope,S,S,S,S,S,S,S,U,S,S,S,S
f104_crm_eval_group_0142,f104,crm_soil,tuned200,f104:2,hill_cross_slope,S,S,S,S,U,S,S,U,S,S,S,S
f104_crm_eval_group_0143,f104,crm_soil,tuned200,f104:7,hill_cross_slope,U,U,U,U,U,S,S,S,S,S,S,S
f104_crm_eval_group_0144,f104,crm_soil,tuned200,f104:4,hill_entry_cross_exit,S,S,S,U,U,S,S,S,S,S,S,S
f104_crm_eval_group_0145,f104,crm_soil,tuned200,f104:5,crater_entry_cross_exit,S,S,S,S,U,S,S,S,S,S,S,S
f104_crm_eval_group_0146,f104,crm_soil,tuned200,f104:6,crater_entry_cross_exit,S,S,S,S,S,S,S,S,S,S,S,S
f104_crm_eval_group_0147,f104,crm_soil,tuned200,f104:3,crater_entry_cross_exit,U,U,U,U,U,S,S,U,S,S,S,U
f104_crm_eval_group_0148,f104,crm_soil,tuned200,f104:8,crater_entry_cross_exit,s,U,U,U,U,S,S,U,S,S,S,S
f104_crm_eval_group_0149,f104,crm_soil,tuned200,f104:0,hill_entry_cross_exit,U,U,S,U,U,S,S,S,S,S,S,S
f104_crm_eval_group_0150,f104,crm_soil,tuned200,f104:0,hill_entry_cross_exit,S,S,S,S,S,S,S,S,S,S,S,S
f104_crm_eval_group_0151,f104,crm_soil,tuned200,f104:1,hill_entry_cross_exit,U,U,U,U,U,S,S,U,S,S,S,S
f104_crm_eval_group_0152,f104,crm_soil,tuned200,f104:2,hill_entry_cross_exit,S,S,S,S,U,S,S,S,S,S,S,S
f104_crm_eval_group_0153,f104,crm_soil,tuned200,f104:3,hill_entry_cross_exit,U,U,U,U,U,S,S,S,S,S,S,S
f104_crm_eval_group_0154,f104,crm_soil,tuned200,f104:4,hill_entry_cross_exit,S,U,S,U,U,S,S,S,S,S,S,S
f104_crm_eval_group_0155,f104,crm_soil,tuned200,f104:5,crater_entry_cross_exit,S,S,S,S,U,S,S,S,S,S,S,S
f104_crm_eval_group_0156,f104,crm_soil,tuned200,f104:6,crater_cross_slope,S,S,S,S,U,S,S,S,S,S,S,S
f104_crm_eval_group_0157,f104,crm_soil,tuned200,f104:7,crater_cross_slope,S,S,S,S,U,S,S,S,S,S,S,S
f104_crm_eval_group_0158,f104,crm_soil,tuned200,f104:8,crater_cross_slope,S,S,S,U,U,S,S,U,S,S,S,S
f104_crm_eval_group_0159,f104,crm_soil,tuned200,f104:0,hill_cross_slope,S,S,S,S,U,S,S,S,S,S,S,S
f104_crm_eval_group_0160,f104,crm_soil,tuned200,f104:0,hill_cross_slope,S,S,S,S,U,S,S,S,S,S,S,S
f104_crm_eval_group_0161,f104,crm_soil,tuned200,f104:1,hill_cross_slope,S,S,S,S,U,S,S,S,S,S,S,S
f104_crm_eval_group_0162,f104,crm_soil,tuned200,f104:2,hill_cross_slope,U,U,U,U,U,U,S,U,S,S,S,S
f104_crm_eval_group_0163,f104,crm_soil,tuned200,f104:3,hill_cross_slope,U,U,U,U,U,S,S,U,S,S,S,S
f104_crm_eval_group_0164,f104,crm_soil,tuned200,f104:4,hill_cross_slope,U,U,U,U,U,S,S,S,S,S,S,S
f104_crm_eval_group_0165,f104,crm_soil,tuned200,f104:5,crater_cross_slope,U,U,U,U,U,S,S,S,S,S,S,S
f104_crm_eval_group_0166,f104,crm_soil,tuned200,f104:7,crater_cross_slope,S,S,S,S,U,S,S,S,S,S,S,S
f104_crm_eval_group_0167,f104,crm_soil,tuned200,f104:7,crater_cross_slope,S,S,S,U,U,S,S,S,S,S,S,S
f104_crm_eval_group_0168,f104,crm_soil,tuned200,f104:8,crater_cross_slope,S,S,S,S,U,S,S,U,S,S,S,S
f104_crm_eval_group_0169,f104,crm_soil,tuned200,f104:0,hill_cross_slope,U,U,U,U,S,S,S,S,S,S,S,S
f104_crm_eval_group_0170,f104,crm_soil,tuned200,f104:0,hill_cross_slope,S,S,S,S,S,S,S,S,S,S,S,S
f104_crm_eval_group_0171,f104,crm_soil,tuned200,f104:1,hill_cross_slope,S,S,S,S,S,S,S,U,S,S,S,S
f104_crm_eval_group_0172,f104,crm_soil,tuned200,f104:2,hill_cross_slope,U,U,U,U,U,S,S,U,S,S,S,S
f104_crm_eval_group_0173,f104,crm_soil,tuned200,f104:1,hill_cross_slope,S,S,S,S,U,S,S,U,S,S,S,S
f104_crm_eval_group_0174,f104,crm_soil,tuned200,f104:4,hill_cross_slope,U,U,U,U,U,S,S,U,S,S,S,S
f104_crm_eval_group_0175,f104,crm_soil,tuned200,f104:6,crater_cross_slope,S,S,S,U,U,S,S,S,S,S,S,S
f104_crm_eval_group_0176,f104,crm_soil,tuned200,f104:6,crater_cross_slope,S,S,S,U,U,S,S,S,S,S,S,S
f104_crm_eval_group_0177,f104,crm_soil,tuned200,f104:7,crater_cross_slope,S,S,S,S,U,S,S,S,S,S,S,S
f104_crm_eval_group_0178,f104,crm_soil,tuned200,f104:8,crater_cross_slope,S,S,S,S,U,S,S,U,S,S,S,S
f104_crm_eval_group_0179,f104,crm_soil,tuned200,f104:0,hill_cross_slope,S,S,S,S,S,S,S,S,S,S,S,S
f104_crm_eval_group_0180,f104,crm_soil,tuned200,f104:0,hill_entry_cross_exit,S,S,S,S,S,S,S,S,S,S,S,S
f104_crm_eval_group_0181,f104,crm_soil,tuned200,f104:1,hill_entry_cross_exit,S,S,S,U,U,S,S,S,S,S,S,S
f104_crm_eval_group_0182,f104,crm_soil,tuned200,f104:2,hill_entry_cross_exit,S,S,S,S,U,S,S,S,S,S,S,S
f104_crm_eval_group_0183,f104,crm_soil,tuned200,f104:3,hill_entry_cross_exit,U,U,U,U,U,S,S,U,S,S,S,S
f104_crm_eval_group_0184,f104,crm_soil,tuned200,f104:5,hill_entry_cross_exit,U,U,U,U,U,S,S,S,S,S,S,S
f104_crm_eval_group_0185,f104,crm_soil,tuned200,f104:5,crater_entry_cross_exit,S,S,S,S,U,S,S,S,S,S,S,S
f104_crm_eval_group_0186,f104,crm_soil,tuned200,f104:6,crater_entry_cross_exit,U,U,U,U,U,S,S,S,S,S,S,S
f104_crm_eval_group_0187,f104,crm_soil,tuned200,f104:7,crater_entry_cross_exit,S,S,S,U,U,S,S,S,S,S,S,S
f104_crm_eval_group_0188,f104,crm_soil,tuned200,f104:8,crater_entry_cross_exit,U,U,U,U,U,U,U,S,S,S,S,S
f104_crm_eval_group_0189,f104,crm_soil,tuned200,f104:0,hill_entry_cross_exit,S,S,U,S,S,S,U,S,S,S,S,S
f104_crm_eval_group_0190,f104,crm_soil,tuned200,f104:0,hill_entry_cross_exit,S,S,S,S,U,S,S,S,S,S,S,S
f104_crm_eval_group_0191,f104,crm_soil,tuned200,f104:1,hill_entry_cross_exit,S,S,S,S,U,S,S,S,S,S,S,S
f104_crm_eval_group_0192,f104,crm_soil,tuned200,f104:2,hill_cross_slope,U,U,U,U,U,S,S,U,S,S,S,S
f104_crm_eval_group_0193,f104,crm_soil,tuned200,f104:3,hill_cross_slope,U,U,U,U,U,S,S,S,U,S,S,S
f104_crm_eval_group_0194,f104,crm_soil,tuned200,f104:4,hill_cross_slope,U,U,U,U,U,U,S,U,S,S,S,S
f104_crm_eval_group_0195,f104,crm_soil,tuned200,f104:5,crater_cross_slope,S,S,S,U,U,S,S,S,S,S,S,S
f104_crm_eval_group_0196,f104,crm_soil,tuned200,f104:6,crater_cross_slope,S,S,S,S,S,S,S,S,S,S,S,S
f104_crm_eval_group_0197,f104,crm_soil,tuned200,f104:7,crater_cross_slope,S,S,S,S,U,S,S,S,S,S,S,S
f104_crm_eval_group_0198,f104,crm_soil,tuned200,f104:8,crater_cross_slope,S,U,S,U,U,S,S,U,S,S,S,S
f104_crm_eval_group_0199,f104,crm_soil,tuned200,f104:0,hill_cross_slope,U,S,U,S,S,S,S,S,S,S,S,S
f104_pair_group_0000,f104,crm_soil,fresh600,f104:0,hill_entry_cross_exit,S,U,S,S,U,S,S,S,S,S,S,S
f104_pair_group_0001,f104,crm_soil,fresh600,f104:1,hill_entry_cross_exit,S,S,S,U,U,S,S,U,S,S,S,S
f104_pair_group_0002,f104,crm_soil,fresh600,f104:2,hill_entry_cross_exit,S,S,S,U,U,S,S,S,S,S,S,S
f104_pair_group_0003,f104,crm_soil,fresh600,f104:3,hill_entry_cross_exit,U,S,U,U,U,S,S,S,S,S,S,S
f104_pair_group_0004,f104,crm_soil,fresh600,f104:4,hill_entry_cross_exit,U,U,U,U,U,U,U,U,S,S,S,S
f104_pair_group_0005,f104,crm_soil,fresh600,f104:4,crater_entry_cross_exit,U,U,U,U,U,S,S,S,S,S,S,S
f104_pair_group_0006,f104,crm_soil,fresh600,f104:6,crater_entry_cross_exit,S,S,S,S,U,S,S,S,S,S,S,S
f104_pair_group_0007,f104,crm_soil,fresh600,f104:7,crater_entry_cross_exit,U,S,S,U,S,S,S,S,S,S,S,S
f104_pair_group_0008,f104,crm_soil,fresh600,f104:8,crater_entry_cross_exit,S,S,S,U,U,S,S,S,S,S,S,S
f104_pair_group_0009,f104,crm_soil,fresh600,f104:7,long_traverse,S,S,S,S,U,S,S,U,S,S,S,S
f104_pair_group_0010,f104,crm_soil,fresh600,f104:2,long_traverse,S,S,S,S,U,S,S,S,S,S,S,S
f104_pair_group_0011,f104,crm_soil,fresh600,f104:7,roughness_transfer,S,S,S,S,U,S,S,S,S,S,S,S
f104_pair_group_0012,f104,crm_soil,fresh600,f104:0,hill_cross_slope,S,S,S,S,U,S,S,S,S,S,S,S
f104_pair_group_0013,f104,crm_soil,fresh600,f104:1,hill_cross_slope,U,U,U,S,U,S,S,S,S,S,S,S
f104_pair_group_0014,f104,crm_soil,fresh600,f104:2,hill_cross_slope,U,U,U,U,U,S,S,U,S,S,S,S
f104_pair_group_0015,f104,crm_soil,fresh600,f104:3,hill_cross_slope,U,U,U,U,U,S,S,S,S,S,S,S
f104_pair_group_0016,f104,crm_soil,fresh600,f104:4,hill_cross_slope,U,U,U,U,U,S,S,U,S,S,S,S
f104_pair_group_0017,f104,crm_soil,fresh600,f104:5,crater_cross_slope,U,U,U,U,U,S,S,S,S,S,S,S
f104_pair_group_0018,f104,crm_soil,fresh600,f104:6,crater_cross_slope,S,S,S,S,S,S,S,S,S,S,S,S
f104_pair_group_0019,f104,crm_soil,fresh600,f104:7,crater_cross_slope,S,S,S,S,U,S,S,S,S,S,S,S
f104_pair_group_0020,f104,crm_soil,fresh600,f104:8,crater_cross_slope,S,S,S,U,U,S,S,U,S,S,S,S
f104_pair_group_0021,f104,crm_soil,fresh600,f104:4,long_traverse,U,U,S,U,U,S,U,S,S,S,S,S
f104_pair_group_0022,f104,crm_soil,fresh600,f104:8,long_traverse,S,S,S,S,U,S,S,S,S,S,S,S
f104_pair_group_0023,f104,crm_soil,fresh600,f104:0,roughness_transfer,S,S,S,S,S,S,S,S,S,S,S,S
f104_pair_group_0024,f104,crm_soil,fresh600,f104:0,hill_cross_slope,S,S,S,S,S,S,S,S,S,S,S,S
f104_pair_group_0025,f104,crm_soil,fresh600,f104:8,hill_cross_slope,U,U,U,U,U,S,S,S,S,S,S,S
f104_pair_group_0026,f104,crm_soil,fresh600,f104:2,hill_cross_slope,U,U,U,U,U,S,S,S,S,S,S,S
f104_pair_group_0027,f104,crm_soil,fresh600,f104:3,hill_cross_slope,U,U,U,U,U,S,S,U,S,S,S,S
f104_pair_group_0028,f104,crm_soil,fresh600,f104:4,hill_cross_slope,U,U,U,U,U,U,U,U,S,S,S,S
f104_pair_group_0029,f104,crm_soil,fresh600,f104:5,crater_cross_slope,S,S,S,U,U,S,S,S,S,S,S,S
f104_pair_group_0030,f104,crm_soil,fresh600,f104:6,crater_cross_slope,U,U,U,U,U,S,S,S,S,S,S,S
f104_pair_group_0031,f104,crm_soil,fresh600,f104:7,crater_cross_slope,S,S,S,U,U,S,U,U,S,S,U,S
f104_pair_group_0032,f104,crm_soil,fresh600,f104:8,crater_cross_slope,U,S,U,U,U,S,S,U,S,S,S,S
f104_pair_group_0033,f104,crm_soil,fresh600,f104:3,long_traverse,U,U,U,U,U,S,S,U,S,S,S,S
f104_pair_group_0034,f104,crm_soil,fresh600,f104:2,long_traverse,S,S,U,S,U,S,S,S,S,S,S,S
f104_pair_group_0035,f104,crm_soil,fresh600,f104:7,roughness_transfer,S,S,S,U,S,S,S,S,S,S,S,S
f104_pair_group_0036,f104,crm_soil,fresh600,f104:0,hill_entry_cross_exit,S,U,S,S,U,S,S,S,S,S,S,S
f104_pair_group_0037,f104,crm_soil,fresh600,f104:1,hill_entry_cross_exit,U,U,U,U,U,S,S,U,S,S,S,S
f104_pair_group_0038,f104,crm_soil,fresh600,f104:2,hill_entry_cross_exit,U,U,U,U,U,S,S,S,S,S,S,S
f104_pair_group_0039,f104,crm_soil,fresh600,f104:3,hill_entry_cross_exit,S,S,S,S,U,S,U,S,S,S,S,S
f104_pair_group_0040,f104,crm_soil,fresh600,f104:4,hill_entry_cross_exit,S,U,U,U,U,U,S,U,S,S,S,S
f104_pair_group_0041,f104,crm_soil,fresh600,f104:5,crater_entry_cross_exit,S,S,S,S,U,S,S,S,S,S,S,S
f104_pair_group_0042,f104,crm_soil,fresh600,f104:6,crater_entry_cross_exit,S,S,S,S,S,S,S,S,S,S,S,S
f104_pair_group_0043,f104,crm_soil,fresh600,f104:7,crater_entry_cross_exit,S,S,S,S,U,S,S,U,S,S,S,S
f104_pair_group_0044,f104,crm_soil,fresh600,f104:8,crater_entry_cross_exit,S,S,S,S,U,S,S,U,S,S,S,S
f104_pair_group_0045,f104,crm_soil,fresh600,f104:7,long_traverse,S,S,S,U,S,S,S,S,S,S,S,S
f104_pair_group_0046,f104,crm_soil,fresh600,f104:2,long_traverse,U,S,U,U,U,S,S,S,S,S,S,S
f104_pair_group_0047,f104,crm_soil,fresh600,f104:0,roughness_transfer,S,S,S,S,S,S,S,S,S,S,S,S
f104_pair_group_0048,f104,crm_soil,fresh600,f104:0,hill_cross_slope,S,S,S,S,S,S,S,S,S,S,S,S
f104_pair_group_0049,f104,crm_soil,fresh600,f104:1,hill_cross_slope,S,S,S,S,U,S,S,S,S,S,S,S
f104_pair_group_0050,f104,crm_soil,fresh600,f104:2,hill_cross_slope,S,S,S,S,U,S,S,S,S,S,S,S
f104_pair_group_0051,f104,crm_soil,fresh600,f104:7,hill_cross_slope,S,S,U,U,U,S,S,U,S,S,S,S
f104_pair_group_0052,f104,crm_soil,fresh600,f104:4,hill_cross_slope,U,U,U,U,U,S,S,S,S,S,S,S
f104_pair_group_0053,f104,crm_soil,fresh600,f104:5,crater_cross_slope,U,U,U,U,U,S,S,U,S,S,S,S
f104_pair_group_0054,f104,crm_soil,fresh600,f104:6,crater_cross_slope,S,S,S,U,U,S,S,S,S,S,S,S
f104_pair_group_0055,f104,crm_soil,fresh600,f104:7,crater_cross_slope,S,S,S,U,S,S,S,S,S,S,S,S
f104_pair_group_0056,f104,crm_soil,fresh600,f104:8,crater_cross_slope,S,S,S,U,U,S,S,U,S,S,S,S
f104_pair_group_0057,f104,crm_soil,fresh600,f104:4,long_traverse,S,S,S,U,U,S,S,S,S,S,S,S
f104_pair_group_0058,f104,crm_soil,fresh600,f104:7,long_traverse,S,S,S,S,U,S,S,S,S,S,S,S
f104_pair_group_0059,f104,crm_soil,fresh600,f104:8,roughness_transfer,S,S,S,S,U,S,S,S,S,S,S,S
f104_pair_group_0060,f104,crm_soil,fresh600,f104:0,hill_cross_slope,S,S,S,S,S,S,S,S,S,S,S,S
f104_pair_group_0061,f104,crm_soil,fresh600,f104:1,hill_cross_slope,S,S,U,U,U,S,S,S,S,S,S,S
f104_pair_group_0062,f104,crm_soil,fresh600,f104:2,hill_cross_slope,S,S,U,U,U,U,S,S,S,S,S,S
f104_pair_group_0063,f104,crm_soil,fresh600,f104:3,hill_cross_slope,U,U,S,U,U,S,U,S,S,S,S,S
f104_pair_group_0064,f104,crm_soil,fresh600,f104:5,hill_cross_slope,U,U,U,U,U,S,U,U,S,S,S,S
f104_pair_group_0065,f104,crm_soil,fresh600,f104:5,crater_cross_slope,U,S,U,U,U,S,S,S,S,S,S,S
f104_pair_group_0066,f104,crm_soil,fresh600,f104:6,crater_cross_slope,S,S,S,U,U,S,S,S,S,S,S,S
f104_pair_group_0067,f104,crm_soil,fresh600,f104:7,crater_cross_slope,S,S,S,S,U,S,S,S,S,S,S,S
f104_pair_group_0068,f104,crm_soil,fresh600,f104:8,crater_cross_slope,U,U,U,U,U,S,S,U,S,S,S,S
f104_pair_group_0069,f104,crm_soil,fresh600,f104:7,long_traverse,S,U,S,U,S,S,S,S,S,S,S,S
f104_pair_group_0070,f104,crm_soil,fresh600,f104:6,long_traverse,U,U,U,U,U,S,S,S,S,S,S,S
f104_pair_group_0071,f104,crm_soil,fresh600,f104:7,roughness_transfer,S,S,S,U,U,S,S,U,S,S,S,S
f104_pair_group_0072,f104,crm_soil,fresh600,f104:0,hill_entry_cross_exit,S,S,S,S,U,S,S,S,S,S,S,S
f104_pair_group_0073,f104,crm_soil,fresh600,f104:1,hill_entry_cross_exit,U,S,S,U,U,S,S,S,S,S,S,S
f104_pair_group_0074,f104,crm_soil,fresh600,f104:2,hill_entry_cross_exit,S,S,S,S,U,S,S,S,S,S,S,S
f104_pair_group_0075,f104,crm_soil,fresh600,f104:3,hill_entry_cross_exit,U,U,U,U,U,S,S,U,S,S,S,S
f104_pair_group_0076,f104,crm_soil,fresh600,f104:4,hill_entry_cross_exit,U,U,U,U,U,S,U,S,S,S,S,S
f104_pair_group_0077,f104,crm_soil,fresh600,f104:5,crater_entry_cross_exit,S,S,S,S,U,S,S,S,S,S,S,S
f104_pair_group_0078,f104,crm_soil,fresh600,f104:6,crater_entry_cross_exit,S,S,S,U,S,S,S,S,S,S,S,S
f104_pair_group_0079,f104,crm_soil,fresh600,f104:7,crater_entry_cross_exit,S,S,S,S,U,S,S,S,S,S,S,S
f104_pair_group_0080,f104,crm_soil,fresh600,f104:8,crater_entry_cross_exit,S,S,S,U,U,S,S,U,S,S,S,S
f104_pair_group_0081,f104,crm_soil,fresh600,f104:4,long_traverse,S,S,S,U,U,S,S,S,S,S,S,S
f104_pair_group_0082,f104,crm_soil,fresh600,f104:4,long_traverse,S,S,S,S,U,S,S,U,S,S,S,S
f104_pair_group_0083,f104,crm_soil,fresh600,f104:2,roughness_transfer,S,S,U,U,U,S,S,U,S,S,S,S
f104_pair_group_0084,f104,crm_soil,fresh600,f104:0,hill_cross_slope,S,S,S,S,U,S,S,S,S,S,S,S
f104_pair_group_0085,f104,crm_soil,fresh600,f104:1,hill_cross_slope,S,S,S,U,U,S,S,U,S,S,S,S
f104_pair_group_0086,f104,crm_soil,fresh600,f104:4,hill_cross_slope,S,S,S,U,U,S,S,U,S,S,S,S
f104_pair_group_0087,f104,crm_soil,fresh600,f104:6,hill_cross_slope,U,U,U,U,U,S,S,S,S,S,S,S
f104_pair_group_0088,f104,crm_soil,fresh600,f104:4,hill_cross_slope,U,U,U,U,U,S,S,S,S,S,S,S
f104_pair_group_0089,f104,crm_soil,fresh600,f104:5,crater_cross_slope,S,U,S,U,U,S,S,U,S,S,S,S
f104_pair_group_0090,f104,crm_soil,fresh600,f104:6,crater_cross_slope,S,S,S,S,U,S,S,S,S,S,S,S
f104_pair_group_0091,f104,crm_soil,fresh600,f104:7,crater_cross_slope,S,S,S,S,U,S,S,S,S,S,S,S
f104_pair_group_0092,f104,crm_soil,fresh600,f104:8,crater_cross_slope,U,U,U,U,U,S,S,U,S,S,S,S
f104_pair_group_0093,f104,crm_soil,fresh600,f104:7,long_traverse,S,S,S,S,U,S,S,S,S,S,S,S
f104_pair_group_0094,f104,crm_soil,fresh600,f104:2,long_traverse,S,S,S,S,U,S,S,S,S,S,S,S
f104_pair_group_0095,f104,crm_soil,fresh600,f104:7,roughness_transfer,S,S,S,S,U,S,S,S,S,S,S,S
f104_pair_group_0096,f104,crm_soil,fresh600,f104:0,hill_cross_slope,S,S,S,S,S,S,S,S,S,S,S,S
f104_pair_group_0097,f104,crm_soil,fresh600,f104:8,hill_cross_slope,S,S,S,S,U,S,S,U,S,S,S,S
f104_pair_group_0098,f104,crm_soil,fresh600,f104:4,hill_cross_slope,U,S,U,U,U,S,S,S,S,S,S,S
f104_pair_group_0099,f104,crm_soil,fresh600,f104:3,hill_cross_slope,S,S,S,S,U,S,S,U,S,S,S,S
f104_pair_group_0100,f104,crm_soil,fresh600,f104:4,hill_cross_slope,S,S,U,U,U,U,U,U,S,S,S,S
f104_pair_group_0101,f104,crm_soil,fresh600,f104:4,crater_cross_slope,U,S,U,U,U,S,S,S,S,S,S,S
f104_pair_group_0102,f104,crm_soil,fresh600,f104:6,crater_cross_slope,S,S,S,U,U,S,S,S,S,S,S,S
f104_pair_group_0103,f104,crm_soil,fresh600,f104:7,crater_cross_slope,U,U,U,U,U,S,S,U,S,S,S,S
f104_pair_group_0104,f104,crm_soil,fresh600,f104:8,crater_cross_slope,U,U,U,U,U,U,S,U,S,S,S,S
f104_pair_group_0105,f104,crm_soil,fresh600,f104:0,long_traverse,S,S,S,S,S,S,S,S,S,S,S,S
f104_pair_group_0106,f104,crm_soil,fresh600,f104:0,long_traverse,S,S,S,S,U,S,S,S,S,S,S,S
f104_pair_group_0107,f104,crm_soil,fresh600,f104:0,roughness_transfer,U,U,S,S,S,S,S,S,S,S,S,S
f104_pair_group_0108,f104,crm_soil,fresh600,f104:0,hill_entry_cross_exit,S,S,S,S,U,S,S,S,S,S,S,S
f104_pair_group_0109,f104,crm_soil,fresh600,f104:8,hill_entry_cross_exit,S,U,S,U,U,S,S,S,S,S,S,S
f104_pair_group_0110,f104,crm_soil,fresh600,f104:2,hill_entry_cross_exit,S,S,S,U,U,U,U,U,S,S,S,S
f104_pair_group_0111,f104,crm_soil,fresh600,f104:3,hill_entry_cross_exit,U,U,U,U,U,U,U,U,S,S,S,S
f104_pair_group_0112,f104,crm_soil,fresh600,f104:2,hill_entry_cross_exit,S,S,S,U,U,S,S,S,S,S,S,S
f104_pair_group_0113,f104,crm_soil,fresh600,f104:5,crater_entry_cross_exit,S,S,S,S,U,S,S,S,S,S,S,S
f104_pair_group_0114,f104,crm_soil,fresh600,f104:6,crater_entry_cross_exit,S,S,S,U,S,S,S,S,S,S,S,S
f104_pair_group_0115,f104,crm_soil,fresh600,f104:7,crater_entry_cross_exit,S,S,S,U,U,S,S,S,S,S,S,S
f104_pair_group_0116,f104,crm_soil,fresh600,f104:8,crater_entry_cross_exit,U,U,U,U,U,S,S,S,S,S,S,S
f104_pair_group_0117,f104,crm_soil,fresh600,f104:7,long_traverse,S,S,U,U,S,S,S,S,S,S,S,S
f104_pair_group_0118,f104,crm_soil,fresh600,f104:8,long_traverse,U,S,U,U,U,S,S,U,S,S,S,S
f104_pair_group_0119,f104,crm_soil,fresh600,f104:7,roughness_transfer,S,S,S,S,S,S,S,S,S,S,S,S
f104_pair_group_0120,f104,crm_soil,fresh600,f104:0,hill_cross_slope,U,S,U,U,U,S,S,S,S,S,S,S
f104_pair_group_0121,f104,crm_soil,fresh600,f104:8,hill_cross_slope,S,S,S,S,U,S,S,U,S,S,S,S
f104_pair_group_0122,f104,crm_soil,fresh600,f104:2,hill_cross_slope,S,S,S,S,U,S,S,S,S,S,S,S
f104_pair_group_0123,f104,crm_soil,fresh600,f104:3,hill_cross_slope,U,U,U,U,U,S,S,U,S,S,S,S
f104_pair_group_0124,f104,crm_soil,fresh600,f104:2,hill_cross_slope,U,U,U,U,U,S,S,U,S,S,S,S
f104_pair_group_0125,f104,crm_soil,fresh600,f104:5,crater_cross_slope,s,U,S,U,S,S,S,S,S,S,S,S
f104_pair_group_0126,f104,crm_soil,fresh600,f104:7,crater_cross_slope,S,S,S,S,U,S,S,S,S,S,S,S
f104_pair_group_0127,f104,crm_soil,fresh600,f104:7,crater_cross_slope,S,S,S,S,U,S,S,S,S,S,S,S
f104_pair_group_0128,f104,crm_soil,fresh600,f104:8,crater_cross_slope,S,S,S,S,U,S,S,U,S,S,S,S
f104_pair_group_0129,f104,crm_soil,fresh600,f104:7,long_traverse,S,S,S,S,S,S,S,S,S,S,S,S
f104_pair_group_0130,f104,crm_soil,fresh600,f104:7,long_traverse,S,S,S,U,U,S,S,S,S,S,S,S
f104_pair_group_0131,f104,crm_soil,fresh600,f104:7,roughness_transfer,S,S,S,S,U,S,S,S,S,S,S,S
f104_pair_group_0132,f104,crm_soil,fresh600,f104:0,hill_cross_slope,S,S,S,S,S,S,S,S,S,S,S,S
f104_pair_group_0133,f104,crm_soil,fresh600,f104:1,hill_cross_slope,U,U,U,U,U,S,S,S,S,S,S,S
f104_pair_group_0134,f104,crm_soil,fresh600,f104:2,hill_cross_slope,U,U,U,U,U,S,S,U,S,S,S,S
f104_pair_group_0135,f104,crm_soil,fresh600,f104:3,hill_cross_slope,S,S,S,S,U,S,S,S,S,S,S,S
f104_pair_group_0136,f104,crm_soil,fresh600,f104:4,hill_cross_slope,U,S,U,U,U,S,S,U,S,S,S,S
f104_pair_group_0137,f104,crm_soil,fresh600,f104:4,crater_cross_slope,S,S,U,U,U,S,S,S,S,S,S,S
f104_pair_group_0138,f104,crm_soil,fresh600,f104:6,crater_cross_slope,S,S,S,U,U,S,S,S,S,S,S,S
f104_pair_group_0139,f104,crm_soil,fresh600,f104:7,crater_cross_slope,S,S,U,U,S,S,S,S,S,S,S,S
f104_pair_group_0140,f104,crm_soil,fresh600,f104:8,crater_cross_slope,U,S,S,U,U,S,S,U,S,S,S,S
f104_pair_group_0141,f104,crm_soil,fresh600,f104:8,long_traverse,U,S,S,S,U,S,S,S,S,S,S,S
f104_pair_group_0142,f104,crm_soil,fresh600,f104:4,long_traverse,S,S,S,U,U,S,S,S,S,S,S,S
f104_pair_group_0143,f104,crm_soil,fresh600,f104:7,roughness_transfer,U,U,U,U,U,U,U,S,S,S,S,S
f104_pair_group_0144,f104,crm_soil,fresh600,f104:0,hill_entry_cross_exit,U,U,S,U,U,S,S,U,S,S,S,S
f104_pair_group_0145,f104,crm_soil,fresh600,f104:3,hill_entry_cross_exit,U,U,U,U,U,S,S,U,S,S,S,S
f104_pair_group_0146,f104,crm_soil,fresh600,f104:2,hill_entry_cross_exit,S,U,S,U,U,S,S,S,S,S,S,S
f104_pair_group_0147,f104,crm_soil,fresh600,f104:3,hill_entry_cross_exit,S,S,S,U,U,S,S,U,S,S,S,S
f104_pair_group_0148,f104,crm_soil,fresh600,f104:4,hill_entry_cross_exit,S,S,S,U,U,U,S,U,S,S,S,S
f104_pair_group_0149,f104,crm_soil,fresh600,f104:4,crater_entry_cross_exit,U,U,U,U,U,S,S,S,S,S,S,S
f104_pair_group_0150,f104,crm_soil,fresh600,f104:6,crater_entry_cross_exit,S,S,S,S,U,S,S,S,S,S,S,S
f104_pair_group_0151,f104,crm_soil,fresh600,f104:7,crater_entry_cross_exit,S,S,S,U,U,S,S,S,S,S,S,S
f104_pair_group_0152,f104,crm_soil,fresh600,f104:8,crater_entry_cross_exit,U,U,U,U,U,S,S,U,S,S,S,S
f104_pair_group_0153,f104,crm_soil,fresh600,f104:7,long_traverse,S,S,S,S,S,S,S,S,S,S,S,S
f104_pair_group_0154,f104,crm_soil,fresh600,f104:2,long_traverse,S,S,U,S,U,S,S,S,S,S,S,S
f104_pair_group_0155,f104,crm_soil,fresh600,f104:8,roughness_transfer,S,S,S,S,U,S,S,U,S,S,S,S
f104_pair_group_0156,f104,crm_soil,fresh600,f104:0,hill_cross_slope,S,S,S,S,U,S,S,S,S,S,S,S
f104_pair_group_0157,f104,crm_soil,fresh600,f104:1,hill_cross_slope,U,S,S,U,U,S,S,U,S,S,S,S
f104_pair_group_0158,f104,crm_soil,fresh600,f104:2,hill_cross_slope,U,U,U,U,U,S,S,S,S,S,S,S
f104_pair_group_0159,f104,crm_soil,fresh600,f104:7,hill_cross_slope,U,S,U,U,U,S,S,U,S,S,S,S
f104_pair_group_0160,f104,crm_soil,fresh600,f104:2,hill_cross_slope,U,U,U,U,U,S,S,U,S,S,S,S
f104_pair_group_0161,f104,crm_soil,fresh600,f104:5,crater_cross_slope,S,s,S,U,U,S,S,U,S,S,S,S
f104_pair_group_0162,f104,crm_soil,fresh600,f104:6,crater_cross_slope,S,S,S,U,U,S,S,S,S,S,S,S
f104_pair_group_0163,f104,crm_soil,fresh600,f104:3,crater_cross_slope,S,S,U,U,U,S,S,U,S,S,S,S
f104_pair_group_0164,f104,crm_soil,fresh600,f104:8,crater_cross_slope,S,S,S,U,U,S,S,U,S,S,S,S
f104_pair_group_0165,f104,crm_soil,fresh600,f104:0,long_traverse,S,S,S,S,U,S,S,S,S,S,S,S
f104_pair_group_0166,f104,crm_soil,fresh600,f104:8,long_traverse,S,S,S,U,U,S,S,U,S,S,S,S
f104_pair_group_0167,f104,crm_soil,fresh600,f104:7,roughness_transfer,S,S,S,U,U,S,U,U,S,S,S,S
f104_pair_group_0168,f104,crm_soil,fresh600,f104:0,hill_cross_slope,S,S,S,S,S,S,S,S,S,S,S,S
f104_pair_group_0169,f104,crm_soil,fresh600,f104:1,hill_cross_slope,U,U,S,U,U,S,S,S,S,S,S,S
f104_pair_group_0170,f104,crm_soil,fresh600,f104:4,hill_cross_slope,S,S,S,U,U,U,S,U,S,S,S,S
f104_pair_group_0171,f104,crm_soil,fresh600,f104:7,hill_cross_slope,S,S,S,S,U,S,S,S,S,S,S,S
f104_pair_group_0172,f104,crm_soil,fresh600,f104:4,hill_cross_slope,U,U,U,U,U,S,S,S,S,S,S,S
f104_pair_group_0173,f104,crm_soil,fresh600,f104:5,crater_cross_slope,U,U,U,U,U,S,S,S,S,S,S,S
f104_pair_group_0174,f104,crm_soil,fresh600,f104:6,crater_cross_slope,S,S,S,S,U,S,S,S,S,S,S,S
f104_pair_group_0175,f104,crm_soil,fresh600,f104:7,crater_cross_slope,S,S,S,U,U,S,S,S,S,S,S,S
f104_pair_group_0176,f104,crm_soil,fresh600,f104:8,crater_cross_slope,U,U,U,U,U,S,S,U,S,S,S,S
f104_pair_group_0177,f104,crm_soil,fresh600,f104:7,long_traverse,S,S,S,S,U,S,S,S,S,S,S,S
f104_pair_group_0178,f104,crm_soil,fresh600,f104:3,long_traverse,U,U,U,U,U,U,S,U,S,S,S,S
f104_pair_group_0179,f104,crm_soil,fresh600,f104:2,roughness_transfer,U,U,U,U,U,S,S,S,S,S,S,S
f104_pair_group_0180,f104,crm_soil,fresh600,f104:0,hill_entry_cross_exit,S,S,S,U,U,S,S,S,S,S,S,S
f104_pair_group_0181,f104,crm_soil,fresh600,f104:1,hill_entry_cross_exit,S,S,S,S,U,S,S,S,S,S,S,S
f104_pair_group_0182,f104,crm_soil,fresh600,f104:4,hill_entry_cross_exit,S,S,U,U,U,S,S,U,S,S,S,S
f104_pair_group_0183,f104,crm_soil,fresh600,f104:3,hill_entry_cross_exit,U,U,U,U,U,U,U,S,S,S,S,S
f104_pair_group_0184,f104,crm_soil,fresh600,f104:4,hill_entry_cross_exit,U,S,S,U,U,S,S,U,S,S,S,S
f104_pair_group_0185,f104,crm_soil,fresh600,f104:5,crater_entry_cross_exit,U,U,U,U,U,S,S,S,S,S,S,S
f104_pair_group_0186,f104,crm_soil,fresh600,f104:6,crater_entry_cross_exit,S,S,S,U,U,S,S,S,S,S,S,S
f104_pair_group_0187,f104,crm_soil,fresh600,f104:7,crater_entry_cross_exit,U,U,U,U,U,S,S,U,S,S,S,S
f104_pair_group_0188,f104,crm_soil,fresh600,f104:8,crater_entry_cross_exit,U,U,U,U,U,S,S,S,S,S,S,S
f104_pair_group_0189,f104,crm_soil,fresh600,f104:7,long_traverse,U,U,U,U,U,S,S,S,S,S,S,S
f104_pair_group_0190,f104,crm_soil,fresh600,f104:1,long_traverse,S,S,S,S,S,S,S,S,S,S,S,S
f104_pair_group_0191,f104,crm_soil,fresh600,f104:0,roughness_transfer,S,S,S,S,U,S,S,S,S,S,S,S
f104_pair_group_0192,f104,crm_soil,fresh600,f104:0,hill_cross_slope,S,S,S,S,U,S,S,S,S,S,S,S
f104_pair_group_0193,f104,crm_soil,fresh600,f104:1,hill_cross_slope,U,U,U,U,U,S,S,S,S,S,S,S
f104_pair_group_0194,f104,crm_soil,fresh600,f104:2,hill_cross_slope,S,S,S,S,U,S,S,U,S,S,S,S
f104_pair_group_0195,f104,crm_soil,fresh600,f104:3,hill_cross_slope,U,U,U,U,U,S,S,S,S,S,S,S
f104_pair_group_0196,f104,crm_soil,fresh600,f104:4,hill_cross_slope,U,U,U,U,U,S,S,U,S,S,S,S
f104_pair_group_0197,f104,crm_soil,fresh600,f104:5,crater_cross_slope,U,S,U,U,U,S,S,U,S,S,S,S
f104_pair_group_0198,f104,crm_soil,fresh600,f104:7,crater_cross_slope,U,U,U,U,U,S,S,S,S,S,S,S
f104_pair_group_0199,f104,crm_soil,fresh600,f104:7,crater_cross_slope,S,S,S,S,U,S,S,S,S,S,S,S
f104_pair_group_0200,f104,crm_soil,fresh600,f104:8,crater_cross_slope,S,S,U,U,U,S,S,U,S,S,S,S
f104_pair_group_0201,f104,crm_soil,fresh600,f104:2,long_traverse,U,U,U,U,U,S,S,U,S,S,S,S
f104_pair_group_0202,f104,crm_soil,fresh600,f104:8,long_traverse,S,S,S,S,U,S,S,S,S,S,S,S
f104_pair_group_0203,f104,crm_soil,fresh600,f104:7,roughness_transfer,U,U,U,U,U,S,S,U,S,S,S,S
f104_pair_group_0204,f104,crm_soil,fresh600,f104:0,hill_cross_slope,S,S,S,S,S,S,S,S,S,S,S,S
f104_pair_group_0205,f104,crm_soil,fresh600,f104:1,hill_cross_slope,S,S,U,S,U,S,S,S,S,S,S,S
f104_pair_group_0206,f104,crm_soil,fresh600,f104:2,hill_cross_slope,U,S,U,U,U,S,S,S,S,S,S,S
f104_pair_group_0207,f104,crm_soil,fresh600,f104:3,hill_cross_slope,S,S,S,S,U,S,S,U,S,S,S,S
f104_pair_group_0208,f104,crm_soil,fresh600,f104:5,hill_cross_slope,U,U,U,U,U,S,S,U,S,S,S,S
f104_pair_group_0209,f104,crm_soil,fresh600,f104:5,crater_cross_slope,S,S,S,S,U,S,S,S,S,S,S,S
f104_pair_group_0210,f104,crm_soil,fresh600,f104:6,crater_cross_slope,U,U,S,S,U,S,S,S,S,S,S,S
f104_pair_group_0211,f104,crm_soil,fresh600,f104:7,crater_cross_slope,U,U,U,U,U,S,S,U,S,S,S,S
f104_pair_group_0212,f104,crm_soil,fresh600,f104:8,crater_cross_slope,S,U,U,S,U,S,S,U,S,S,S,S
f104_pair_group_0213,f104,crm_soil,fresh600,f104:4,long_traverse,S,U,U,U,U,U,S,S,S,S,S,S
f104_pair_group_0214,f104,crm_soil,fresh600,f104:3,long_traverse,U,U,U,U,U,S,S,S,S,S,S,S
f104_pair_group_0215,f104,crm_soil,fresh600,f104:2,roughness_transfer,U,S,U,U,U,S,S,S,S,S,S,S
f104_pair_group_0216,f104,crm_soil,fresh600,f104:0,hill_entry_cross_exit,U,S,S,S,U,S,S,S,S,S,S,S
f104_pair_group_0217,f104,crm_soil,fresh600,f104:1,hill_entry_cross_exit,S,U,S,U,U,S,S,U,S,S,S,S
f104_pair_group_0218,f104,crm_soil,fresh600,f104:2,hill_entry_cross_exit,S,S,S,S,U,S,S,S,S,S,S,S
f104_pair_group_0219,f104,crm_soil,fresh600,f104:3,hill_entry_cross_exit,U,U,U,U,U,S,S,S,S,S,S,S
f104_pair_group_0220,f104,crm_soil,fresh600,f104:4,hill_entry_cross_exit,U,U,U,U,U,U,U,S,S,S,S,S
f104_pair_group_0221,f104,crm_soil,fresh600,f104:5,crater_entry_cross_exit,S,S,S,S,U,S,S,S,S,S,S,S
f104_pair_group_0222,f104,crm_soil,fresh600,f104:6,crater_entry_cross_exit,S,S,S,U,S,S,S,S,S,S,S,S
f104_pair_group_0223,f104,crm_soil,fresh600,f104:7,crater_entry_cross_exit,S,S,S,S,U,S,S,S,S,S,S,S
f104_pair_group_0224,f104,crm_soil,fresh600,f104:8,crater_entry_cross_exit,U,S,S,U,U,S,S,U,S,S,S,S
f104_pair_group_0225,f104,crm_soil,fresh600,f104:8,long_traverse,S,S,U,U,U,S,S,U,S,S,S,S
f104_pair_group_0226,f104,crm_soil,fresh600,f104:0,long_traverse,S,S,S,U,U,S,S,S,S,S,S,S
f104_pair_group_0227,f104,crm_soil,fresh600,f104:6,roughness_transfer,S,S,S,S,U,S,S,S,S,S,S,S
f104_pair_group_0228,f104,crm_soil,fresh600,f104:0,hill_cross_slope,S,S,S,S,U,S,S,S,S,S,S,S
f104_pair_group_0229,f104,crm_soil,fresh600,f104:1,hill_cross_slope,S,S,S,U,U,S,S,S,S,S,S,S
f104_pair_group_0230,f104,crm_soil,fresh600,f104:2,hill_cross_slope,S,S,S,S,U,S,S,S,S,S,S,S
f104_pair_group_0231,f104,crm_soil,fresh600,f104:3,hill_cross_slope,U,U,U,U,U,S,S,S,S,S,S,S
f104_pair_group_0232,f104,crm_soil,fresh600,f104:4,hill_cross_slope,U,U,U,U,U,S,S,U,S,S,S,S
f104_pair_group_0233,f104,crm_soil,fresh600,f104:6,crater_cross_slope,U,U,U,U,U,S,S,S,S,S,S,S
f104_pair_group_0234,f104,crm_soil,fresh600,f104:3,crater_cross_slope,S,S,S,S,S,S,S,S,S,S,S,S
f104_pair_group_0235,f104,crm_soil,fresh600,f104:7,crater_cross_slope,S,U,U,U,U,S,S,S,S,S,S,S
f104_pair_group_0236,f104,crm_soil,fresh600,f104:8,crater_cross_slope,S,S,S,S,U,S,S,U,S,S,S,S
f104_pair_group_0237,f104,crm_soil,fresh600,f104:4,long_traverse,S,S,s,S,U,S,S,S,S,S,S,S
f104_pair_group_0238,f104,crm_soil,fresh600,f104:0,long_traverse,U,U,U,U,U,S,S,S,S,S,S,S
f104_pair_group_0239,f104,crm_soil,fresh600,f104:2,roughness_transfer,S,S,S,S,S,S,S,S,S,S,S,S
f104_pair_group_0240,f104,crm_soil,fresh600,f104:0,hill_cross_slope,S,S,S,S,S,S,S,S,S,S,S,S
f104_pair_group_0241,f104,crm_soil,fresh600,f104:8,hill_cross_slope,S,S,S,U,U,S,S,S,S,S,S,S
f104_pair_group_0242,f104,crm_soil,fresh600,f104:2,hill_cross_slope,U,U,U,U,U,S,S,U,S,S,S,S
f104_pair_group_0243,f104,crm_soil,fresh600,f104:3,hill_cross_slope,U,U,S,U,U,S,S,U,S,S,S,S
f104_pair_group_0244,f104,crm_soil,fresh600,f104:4,hill_cross_slope,U,U,U,U,U,S,S,S,S,S,S,S
f104_pair_group_0245,f104,crm_soil,fresh600,f104:4,crater_cross_slope,S,S,S,U,U,S,S,S,S,S,S,S
f104_pair_group_0246,f104,crm_soil,fresh600,f104:6,crater_cross_slope,S,S,S,U,U,S,S,S,S,S,S,S
f104_pair_group_0247,f104,crm_soil,fresh600,f104:7,crater_cross_slope,U,S,S,S,U,S,U,U,S,S,S,S
f104_pair_group_0248,f104,crm_soil,fresh600,f104:8,crater_cross_slope,S,S,U,S,U,S,S,U,S,S,S,S
f104_pair_group_0249,f104,crm_soil,fresh600,f104:7,long_traverse,S,S,S,S,U,S,S,S,S,S,S,S
f104_pair_group_0250,f104,crm_soil,fresh600,f104:0,long_traverse,U,U,U,U,U,S,S,S,S,S,S,S
f104_pair_group_0251,f104,crm_soil,fresh600,f104:7,roughness_transfer,S,S,S,S,S,S,S,S,S,S,S,S
f104_pair_group_0252,f104,crm_soil,fresh600,f104:0,hill_entry_cross_exit,S,S,S,S,U,S,S,S,S,S,S,S
f104_pair_group_0253,f104,crm_soil,fresh600,f104:1,hill_entry_cross_exit,S,S,S,S,U,S,S,U,S,S,S,S
f104_pair_group_0254,f104,crm_soil,fresh600,f104:2,hill_entry_cross_exit,S,S,S,S,U,S,S,S,S,S,S,S
f104_pair_group_0255,f104,crm_soil,fresh600,f104:3,hill_entry_cross_exit,S,S,S,S,U,S,S,S,S,S,S,S
f104_pair_group_0256,f104,crm_soil,fresh600,f104:4,hill_entry_cross_exit,S,S,S,S,U,S,S,U,S,S,S,S
f104_pair_group_0257,f104,crm_soil,fresh600,f104:6,crater_entry_cross_exit,S,S,S,S,U,S,S,S,S,S,S,S
f104_pair_group_0258,f104,crm_soil,fresh600,f104:6,crater_entry_cross_exit,S,S,S,U,S,S,S,S,S,S,S,S
f104_pair_group_0259,f104,crm_soil,fresh600,f104:7,crater_entry_cross_exit,S,S,S,U,U,S,S,S,S,S,S,S
f104_pair_group_0260,f104,crm_soil,fresh600,f104:8,crater_entry_cross_exit,U,U,U,U,U,S,S,S,S,S,S,S
f104_pair_group_0261,f104,crm_soil,fresh600,f104:2,long_traverse,S,U,S,S,U,S,S,S,S,S,S,S
f104_pair_group_0262,f104,crm_soil,fresh600,f104:1,long_traverse,S,S,S,S,U,S,S,U,S,S,S,S
f104_pair_group_0263,f104,crm_soil,fresh600,f104:6,roughness_transfer,S,S,S,S,S,S,S,S,S,S,S,S
f104_pair_group_0264,f104,crm_soil,fresh600,f104:0,hill_cross_slope,S,S,S,S,U,S,S,S,S,S,S,S
f104_pair_group_0265,f104,crm_soil,fresh600,f104:1,hill_cross_slope,S,S,S,S,U,S,S,S,S,S,S,S
f104_pair_group_0266,f104,crm_soil,fresh600,f104:2,hill_cross_slope,U,U,U,U,U,S,S,U,S,S,S,S
f104_pair_group_0267,f104,crm_soil,fresh600,f104:3,hill_cross_slope,S,S,S,S,U,S,S,U,S,S,S,S
f104_pair_group_0268,f104,crm_soil,fresh600,f104:4,hill_cross_slope,S,S,S,S,U,S,S,S,S,S,S,S
f104_pair_group_0269,f104,crm_soil,fresh600,f104:5,crater_cross_slope,U,U,U,U,U,S,S,S,S,S,S,S
f104_pair_group_0270,f104,crm_soil,fresh600,f104:6,crater_cross_slope,S,S,S,U,U,S,S,S,S,S,S,S
f104_pair_group_0271,f104,crm_soil,fresh600,f104:7,crater_cross_slope,S,S,S,U,U,S,S,S,S,S,S,S
f104_pair_group_0272,f104,crm_soil,fresh600,f104:8,crater_cross_slope,U,U,S,U,U,S,S,S,S,S,S,S
f104_pair_group_0273,f104,crm_soil,fresh600,f104:7,long_traverse,S,S,S,S,S,S,S,S,S,S,S,S
f104_pair_group_0274,f104,crm_soil,fresh600,f104:4,long_traverse,S,S,S,S,U,S,S,S,S,S,S,S
f104_pair_group_0275,f104,crm_soil,fresh600,f104:4,roughness_transfer,S,S,S,S,U,S,S,S,S,S,S,S
f104_pair_group_0276,f104,crm_soil,fresh600,f104:0,hill_cross_slope,S,S,S,S,S,S,S,S,S,S,S,S
f104_pair_group_0277,f104,crm_soil,fresh600,f104:3,hill_cross_slope,U,U,U,U,U,S,S,U,S,S,S,S
f104_pair_group_0278,f104,crm_soil,fresh600,f104:4,hill_cross_slope,U,U,U,U,U,S,S,U,S,S,S,S
f104_pair_group_0279,f104,crm_soil,fresh600,f104:3,hill_cross_slope,S,S,S,S,U,S,S,U,S,S,S,S
f104_pair_group_0280,f104,crm_soil,fresh600,f104:4,hill_cross_slope,U,U,U,U,U,S,S,U,S,S,S,S
f104_pair_group_0281,f104,crm_soil,fresh600,f104:4,crater_cross_slope,S,S,S,U,U,S,S,S,S,S,S,S
f104_pair_group_0282,f104,crm_soil,fresh600,f104:6,crater_cross_slope,S,S,S,U,U,S,S,S,S,S,S,S
f104_pair_group_0283,f104,crm_soil,fresh600,f104:7,crater_cross_slope,S,S,S,U,U,S,S,S,S,S,S,S
f104_pair_group_0284,f104,crm_soil,fresh600,f104:8,crater_cross_slope,U,U,U,U,U,S,S,U,S,S,S,S
f104_pair_group_0285,f104,crm_soil,fresh600,f104:3,long_traverse,U,U,U,U,U,S,S,U,S,S,S,S
f104_pair_group_0286,f104,crm_soil,fresh600,f104:4,long_traverse,S,S,U,U,U,S,U,S,S,S,S,S
f104_pair_group_0287,f104,crm_soil,fresh600,f104:4,roughness_transfer,U,S,S,U,U,S,S,U,S,S,S,S
f104_pair_group_0288,f104,crm_soil,fresh600,f104:0,hill_entry_cross_exit,S,S,S,S,U,S,S,S,S,S,S,S
f104_pair_group_0289,f104,crm_soil,fresh600,f104:8,hill_entry_cross_exit,S,S,S,S,U,S,S,U,S,S,S,S
f104_pair_group_0290,f104,crm_soil,fresh600,f104:2,hill_entry_cross_exit,U,U,U,U,U,S,S,S,S,S,S,S
f104_pair_group_0291,f104,crm_soil,fresh600,f104:3,hill_entry_cross_exit,S,S,S,S,U,S,S,S,S,S,S,S
f104_pair_group_0292,f104,crm_soil,fresh600,f104:4,hill_entry_cross_exit,S,S,U,U,U,S,S,S,S,S,S,S
f104_pair_group_0293,f104,crm_soil,fresh600,f104:5,crater_entry_cross_exit,S,S,S,U,U,S,S,S,S,S,S,S
f104_pair_group_0294,f104,crm_soil,fresh600,f104:6,crater_entry_cross_exit,U,U,U,U,U,S,S,S,S,S,S,S
f104_pair_group_0295,f104,crm_soil,fresh600,f104:7,crater_entry_cross_exit,S,S,S,S,U,S,S,S,S,S,S,S
f104_pair_group_0296,f104,crm_soil,fresh600,f104:8,crater_entry_cross_exit,U,U,S,U,U,U,U,U,S,S,S,S
f104_pair_group_0297,f104,crm_soil,fresh600,f104:2,long_traverse,S,S,S,S,S,S,S,S,S,S,S,S
f104_pair_group_0298,f104,crm_soil,fresh600,f104:7,long_traverse,S,S,S,S,U,S,S,S,S,S,S,S
f104_pair_group_0299,f104,crm_soil,fresh600,f104:2,roughness_transfer,S,S,S,U,U,S,S,S,S,S,S,S
f104_pair_group_0300,f104,crm_soil,fresh600,f104:0,hill_cross_slope,S,S,S,S,U,S,S,S,S,S,S,S
f104_pair_group_0301,f104,crm_soil,fresh600,f104:1,hill_cross_slope,S,S,S,S,U,S,S,S,S,S,S,S
f104_pair_group_0302,f104,crm_soil,fresh600,f104:2,hill_cross_slope,U,U,U,U,U,S,S,S,S,S,S,S
f104_pair_group_0303,f104,crm_soil,fresh600,f104:3,hill_cross_slope,S,S,S,S,U,S,S,U,S,S,S,S
f104_pair_group_0304,f104,crm_soil,fresh600,f104:4,hill_cross_slope,U,U,U,U,U,S,S,U,S,S,S,S
f104_pair_group_0305,f104,crm_soil,fresh600,f104:6,crater_cross_slope,S,S,S,S,S,S,S,S,S,S,S,S
f104_pair_group_0306,f104,crm_soil,fresh600,f104:6,crater_cross_slope,S,S,S,S,U,S,S,S,S,S,S,S
f104_pair_group_0307,f104,crm_soil,fresh600,f104:7,crater_cross_slope,S,S,S,S,U,S,S,S,S,S,S,S
f104_pair_group_0308,f104,crm_soil,fresh600,f104:8,crater_cross_slope,U,U,U,U,U,S,S,U,S,S,S,S
f104_pair_group_0309,f104,crm_soil,fresh600,f104:6,long_traverse,S,S,S,U,U,S,S,S,S,S,S,S
f104_pair_group_0310,f104,crm_soil,fresh600,f104:7,long_traverse,S,S,S,U,U,S,S,S,S,S,S,S
f104_pair_group_0311,f104,crm_soil,fresh600,f104:4,roughness_transfer,S,S,S,S,U,S,S,S,S,S,S,S
f104_pair_group_0312,f104,crm_soil,fresh600,f104:0,hill_cross_slope,S,S,S,S,S,S,S,S,S,S,S,S
f104_pair_group_0313,f104,crm_soil,fresh600,f104:8,hill_cross_slope,S,S,S,U,U,S,S,U,S,S,S,S
f104_pair_group_0314,f104,crm_soil,fresh600,f104:2,hill_cross_slope,S,S,S,U,U,S,U,S,S,S,S,S
f104_pair_group_0315,f104,crm_soil,fresh600,f104:3,hill_cross_slope,U,U,U,U,U,S,S,U,S,S,S,S
f104_pair_group_0316,f104,crm_soil,fresh600,f104:4,hill_cross_slope,S,S,S,U,U,S,S,S,S,S,S,S
f104_pair_group_0317,f104,crm_soil,fresh600,f104:5,crater_cross_slope,S,S,S,S,U,S,S,S,S,S,S,S
f104_pair_group_0318,f104,crm_soil,fresh600,f104:6,crater_cross_slope,S,S,S,U,U,S,S,S,S,S,S,S
f104_pair_group_0319,f104,crm_soil,fresh600,f104:7,crater_cross_slope,S,S,S,U,U,S,S,S,S,S,S,S
f104_pair_group_0320,f104,crm_soil,fresh600,f104:8,crater_cross_slope,U,U,U,U,U,S,S,U,S,S,S,S
f104_pair_group_0321,f104,crm_soil,fresh600,f104:4,long_traverse,U,U,U,U,U,S,S,S,S,S,S,S
f104_pair_group_0322,f104,crm_soil,fresh600,f104:7,long_traverse,S,S,S,S,U,S,S,S,S,S,S,S
f104_pair_group_0323,f104,crm_soil,fresh600,f104:8,roughness_transfer,S,S,S,U,U,S,S,U,S,S,S,S
f104_pair_group_0324,f104,crm_soil,fresh600,f104:0,hill_entry_cross_exit,S,S,S,S,U,S,S,S,S,S,S,S
f104_pair_group_0325,f104,crm_soil,fresh600,f104:1,hill_entry_cross_exit,S,S,S,S,U,S,S,S,S,S,S,S
f104_pair_group_0326,f104,crm_soil,fresh600,f104:2,hill_entry_cross_exit,S,S,S,U,U,S,S,S,S,S,S,S
f104_pair_group_0327,f104,crm_soil,fresh600,f104:7,hill_entry_cross_exit,S,S,S,S,U,S,S,S,S,S,S,S
f104_pair_group_0328,f104,crm_soil,fresh600,f104:4,hill_entry_cross_exit,U,U,U,U,U,S,S,S,S,S,S,S
f104_pair_group_0329,f104,crm_soil,fresh600,f104:6,crater_entry_cross_exit,S,S,S,S,S,S,S,S,S,S,S,S
f104_pair_group_0330,f104,crm_soil,fresh600,f104:6,crater_entry_cross_exit,U,U,U,U,S,S,S,S,S,S,S,S
f104_pair_group_0331,f104,crm_soil,fresh600,f104:7,crater_entry_cross_exit,S,S,S,S,U,S,S,S,S,S,S,S
f104_pair_group_0332,f104,crm_soil,fresh600,f104:8,crater_entry_cross_exit,S,U,S,U,U,S,S,U,S,S,S,S
f104_pair_group_0333,f104,crm_soil,fresh600,f104:4,long_traverse,S,S,S,S,U,S,S,U,S,S,S,S
f104_pair_group_0334,f104,crm_soil,fresh600,f104:0,long_traverse,S,S,S,S,U,S,S,S,S,S,S,S
f104_pair_group_0335,f104,crm_soil,fresh600,f104:7,roughness_transfer,U,U,S,U,U,S,S,S,S,S,S,S
f104_pair_group_0336,f104,crm_soil,fresh600,f104:0,hill_cross_slope,S,S,S,S,U,S,S,S,S,S,S,S
f104_pair_group_0337,f104,crm_soil,fresh600,f104:8,hill_cross_slope,S,S,S,U,U,S,S,U,S,S,S,S
f104_pair_group_0338,f104,crm_soil,fresh600,f104:2,hill_cross_slope,S,S,S,S,U,S,S,S,S,S,S,S
f104_pair_group_0339,f104,crm_soil,fresh600,f104:7,hill_cross_slope,S,S,U,U,U,S,S,U,S,S,S,S
f104_pair_group_0340,f104,crm_soil,fresh600,f104:4,hill_cross_slope,U,U,U,U,U,U,S,U,S,S,S,S
f104_pair_group_0341,f104,crm_soil,fresh600,f104:5,crater_cross_slope,U,U,U,U,U,S,S,U,S,S,S,S
f104_pair_group_0342,f104,crm_soil,fresh600,f104:6,crater_cross_slope,S,S,S,S,S,U,S,S,S,S,S,S
f104_pair_group_0343,f104,crm_soil,fresh600,f104:7,crater_cross_slope,U,S,U,U,U,S,S,U,S,S,S,S
f104_pair_group_0344,f104,crm_soil,fresh600,f104:8,crater_cross_slope,U,U,U,U,U,S,S,S,S,S,S,S
f104_pair_group_0345,f104,crm_soil,fresh600,f104:7,long_traverse,S,S,S,S,S,S,S,S,S,S,S,S
f104_pair_group_0346,f104,crm_soil,fresh600,f104:3,long_traverse,S,S,S,S,S,S,S,S,S,S,S,S
f104_pair_group_0347,f104,crm_soil,fresh600,f104:7,roughness_transfer,S,S,S,U,U,S,S,S,S,S,S,S
f104_pair_group_0348,f104,crm_soil,fresh600,f104:0,hill_cross_slope,S,S,S,S,S,S,S,S,S,S,S,S
f104_pair_group_0349,f104,crm_soil,fresh600,f104:8,hill_cross_slope,U,U,U,U,U,S,S,S,S,S,S,S
f104_pair_group_0350,f104,crm_soil,fresh600,f104:2,hill_cross_slope,U,U,U,U,U,S,S,S,S,S,S,S
f104_pair_group_0351,f104,crm_soil,fresh600,f104:3,hill_cross_slope,U,U,U,U,U,S,S,U,S,S,S,S
f104_pair_group_0352,f104,crm_soil,fresh600,f104:4,hill_cross_slope,S,S,S,S,U,S,U,S,S,S,S,S
f104_pair_group_0353,f104,crm_soil,fresh600,f104:4,crater_cross_slope,S,S,S,U,U,S,S,U,S,S,S,S
f104_pair_group_0354,f104,crm_soil,fresh600,f104:6,crater_cross_slope,U,U,U,U,U,S,S,S,S,S,S,S
f104_pair_group_0355,f104,crm_soil,fresh600,f104:7,crater_cross_slope,U,U,U,U,U,S,S,U,S,S,S,S
f104_pair_group_0356,f104,crm_soil,fresh600,f104:8,crater_cross_slope,U,U,U,U,U,S,S,U,S,S,S,S
f104_pair_group_0357,f104,crm_soil,fresh600,f104:3,long_traverse,U,S,S,S,S,S,S,S,S,S,S,S
f104_pair_group_0358,f104,crm_soil,fresh600,f104:4,long_traverse,U,U,U,U,U,U,S,U,S,S,S,S
f104_pair_group_0359,f104,crm_soil,fresh600,f104:7,roughness_transfer,S,S,S,U,S,S,S,S,S,S,S,S
f104_pair_group_0360,f104,crm_soil,fresh600,f104:0,hill_entry_cross_exit,S,S,U,S,U,S,S,S,S,S,S,S
f104_pair_group_0361,f104,crm_soil,fresh600,f104:8,hill_entry_cross_exit,S,S,S,U,U,S,S,U,S,S,S,S
f104_pair_group_0362,f104,crm_soil,fresh600,f104:2,hill_entry_cross_exit,U,U,U,U,U,S,S,S,S,S,S,S
f104_pair_group_0363,f104,crm_soil,fresh600,f104:3,hill_entry_cross_exit,U,U,U,U,U,S,S,S,S,S,S,S
f104_pair_group_0364,f104,crm_soil,fresh600,f104:4,hill_entry_cross_exit,S,S,S,U,U,S,S,S,S,S,S,S
f104_pair_group_0365,f104,crm_soil,fresh600,f104:5,crater_entry_cross_exit,S,S,S,U,U,S,U,S,S,S,S,S
f104_pair_group_0366,f104,crm_soil,fresh600,f104:6,crater_entry_cross_exit,S,U,S,S,S,S,S,S,S,S,S,S
f104_pair_group_0367,f104,crm_soil,fresh600,f104:7,crater_entry_cross_exit,S,S,S,U,U,S,S,S,S,S,S,S
f104_pair_group_0368,f104,crm_soil,fresh600,f104:1,crater_entry_cross_exit,S,S,U,S,U,S,S,U,S,S,S,S
f104_pair_group_0369,f104,crm_soil,fresh600,f104:8,long_traverse,S,S,S,U,U,S,S,U,S,S,S,S
f104_pair_group_0370,f104,crm_soil,fresh600,f104:8,long_traverse,S,S,S,S,S,S,S,S,S,S,S,S
f104_pair_group_0371,f104,crm_soil,fresh600,f104:8,roughness_transfer,S,S,S,U,U,S,S,S,S,S,S,S
f104_pair_group_0372,f104,crm_soil,fresh600,f104:0,hill_cross_slope,S,S,S,S,U,S,S,S,S,S,S,S
f104_pair_group_0373,f104,crm_soil,fresh600,f104:1,hill_cross_slope,U,U,U,U,U,S,S,U,S,S,S,S
f104_pair_group_0374,f104,crm_soil,fresh600,f104:2,hill_cross_slope,S,S,S,S,U,S,S,S,S,S,S,S
f104_pair_group_0375,f104,crm_soil,fresh600,f104:3,hill_cross_slope,S,S,S,S,U,S,S,U,S,S,S,S
f104_pair_group_0376,f104,crm_soil,fresh600,f104:4,hill_cross_slope,U,U,U,U,U,U,S,U,S,S,S,S
f104_pair_group_0377,f104,crm_soil,fresh600,f104:5,crater_cross_slope,S,S,S,U,S,S,S,S,S,S,S,S
f104_pair_group_0378,f104,crm_soil,fresh600,f104:6,crater_cross_slope,S,S,S,S,U,S,S,S,S,S,S,S
f104_pair_group_0379,f104,crm_soil,fresh600,f104:7,crater_cross_slope,S,S,S,U,U,S,S,S,S,S,S,S
f104_pair_group_0380,f104,crm_soil,fresh600,f104:8,crater_cross_slope,S,S,S,S,U,S,S,U,S,S,S,S
f104_pair_group_0381,f104,crm_soil,fresh600,f104:2,long_traverse,S,S,S,U,U,S,S,S,S,S,S,S
f104_pair_group_0382,f104,crm_soil,fresh600,f104:0,long_traverse,S,S,S,S,U,S,S,S,S,S,S,S
f104_pair_group_0383,f104,crm_soil,fresh600,f104:7,roughness_transfer,S,S,S,S,S,S,S,S,S,S,S,S
f104_pair_group_0384,f104,crm_soil,fresh600,f104:0,hill_cross_slope,S,S,S,S,S,S,S,S,S,S,S,S
f104_pair_group_0385,f104,crm_soil,fresh600,f104:1,hill_cross_slope,S,U,U,S,U,S,S,U,S,S,S,S
f104_pair_group_0386,f104,crm_soil,fresh600,f104:2,hill_cross_slope,U,S,U,U,U,S,S,S,S,S,S,S
f104_pair_group_0387,f104,crm_soil,fresh600,f104:3,hill_cross_slope,S,S,S,S,U,S,S,U,S,S,S,S
f104_pair_group_0388,f104,crm_soil,fresh600,f104:4,hill_cross_slope,S,S,S,S,U,S,S,S,S,S,S,S
f104_pair_group_0389,f104,crm_soil,fresh600,f104:5,crater_cross_slope,S,S,S,U,U,S,S,S,S,S,S,S
f104_pair_group_0390,f104,crm_soil,fresh600,f104:6,crater_cross_slope,S,S,S,U,U,S,S,S,S,S,S,S
f104_pair_group_0391,f104,crm_soil,fresh600,f104:7,crater_cross_slope,S,S,S,S,U,S,S,S,S,S,S,S
f104_pair_group_0392,f104,crm_soil,fresh600,f104:8,crater_cross_slope,S,S,S,S,U,S,S,S,S,S,S,S
f104_pair_group_0393,f104,crm_soil,fresh600,f104:1,long_traverse,S,S,S,S,U,S,S,U,S,S,S,S
f104_pair_group_0394,f104,crm_soil,fresh600,f104:0,long_traverse,S,S,S,S,S,S,S,S,S,S,S,S
f104_pair_group_0395,f104,crm_soil,fresh600,f104:4,roughness_transfer,S,S,S,S,U,S,S,U,S,S,S,S
f104_pair_group_0396,f104,crm_soil,fresh600,f104:0,hill_entry_cross_exit,U,S,S,U,U,S,S,S,S,S,S,S
f104_pair_group_0397,f104,crm_soil,fresh600,f104:1,hill_entry_cross_exit,U,U,S,U,U,S,S,S,S,S,S,S
f104_pair_group_0398,f104,crm_soil,fresh600,f104:2,hill_entry_cross_exit,S,S,S,S,U,S,S,S,S,S,S,S
f104_pair_group_0399,f104,crm_soil,fresh600,f104:3,hill_entry_cross_exit,S,S,S,S,U,S,S,U,S,S,S,S
f104_pair_group_0400,f104,crm_soil,fresh600,f104:2,hill_entry_cross_exit,U,U,U,U,U,S,S,S,S,S,S,S
f104_pair_group_0401,f104,crm_soil,fresh600,f104:5,crater_entry_cross_exit,S,S,S,S,U,S,S,S,S,S,S,S
f104_pair_group_0402,f104,crm_soil,fresh600,f104:6,crater_entry_cross_exit,U,U,U,U,U,S,S,S,S,S,S,S
f104_pair_group_0403,f104,crm_soil,fresh600,f104:7,crater_entry_cross_exit,S,S,S,U,U,S,S,S,S,S,S,S
f104_pair_group_0404,f104,crm_soil,fresh600,f104:8,crater_entry_cross_exit,S,S,U,U,U,S,S,S,S,S,S,S
f104_pair_group_0405,f104,crm_soil,fresh600,f104:0,long_traverse,S,S,S,S,U,S,S,S,S,S,S,S
f104_pair_group_0406,f104,crm_soil,fresh600,f104:7,long_traverse,S,S,U,S,U,S,S,S,S,S,S,S
f104_pair_group_0407,f104,crm_soil,fresh600,f104:7,roughness_transfer,U,U,U,U,U,S,S,S,S,S,S,S
f104_pair_group_0408,f104,crm_soil,fresh600,f104:0,hill_cross_slope,S,S,S,S,U,S,S,S,S,S,S,S
f104_pair_group_0409,f104,crm_soil,fresh600,f104:1,hill_cross_slope,S,S,S,S,S,S,S,S,S,S,S,S
f104_pair_group_0410,f104,crm_soil,fresh600,f104:2,hill_cross_slope,S,S,S,U,U,S,S,S,S,S,S,S
f104_pair_group_0411,f104,crm_soil,fresh600,f104:3,hill_cross_slope,U,U,U,U,U,S,S,U,S,S,S,S
f104_pair_group_0412,f104,crm_soil,fresh600,f104:4,hill_cross_slope,S,S,S,S,U,S,S,U,S,S,S,S
f104_pair_group_0413,f104,crm_soil,fresh600,f104:5,crater_cross_slope,S,S,S,S,U,S,S,S,S,S,S,S
f104_pair_group_0414,f104,crm_soil,fresh600,f104:6,crater_cross_slope,S,S,S,S,S,S,S,S,S,S,S,S
f104_pair_group_0415,f104,crm_soil,fresh600,f104:7,crater_cross_slope,S,S,S,U,U,S,S,S,S,S,S,S
f104_pair_group_0416,f104,crm_soil,fresh600,f104:8,crater_cross_slope,U,S,U,U,U,S,S,U,S,S,S,S
f104_pair_group_0417,f104,crm_soil,fresh600,f104:4,long_traverse,U,S,U,U,U,S,S,U,S,S,S,S
f104_pair_group_0418,f104,crm_soil,fresh600,f104:0,long_traverse,S,S,S,U,S,S,S,S,S,S,S,S
f104_pair_group_0419,f104,crm_soil,fresh600,f104:0,roughness_transfer,U,U,U,U,U,S,S,S,S,S,S,S
f104_pair_group_0420,f104,crm_soil,fresh600,f104:0,hill_cross_slope,S,S,S,S,S,S,S,S,S,S,S,S
f104_pair_group_0421,f104,crm_soil,fresh600,f104:8,hill_cross_slope,S,U,U,U,U,S,S,U,S,S,S,S
f104_pair_group_0422,f104,crm_soil,fresh600,f104:4,hill_cross_slope,U,U,U,U,U,S,S,S,S,S,S,S
f104_pair_group_0423,f104,crm_soil,fresh600,f104:3,hill_cross_slope,U,U,U,U,U,S,S,U,U,S,S,S
f104_pair_group_0424,f104,crm_soil,fresh600,f104:2,hill_cross_slope,S,S,S,U,U,S,S,S,S,S,S,S
f104_pair_group_0425,f104,crm_soil,fresh600,f104:6,crater_cross_slope,S,S,S,U,U,S,S,S,S,S,S,S
f104_pair_group_0426,f104,crm_soil,fresh600,f104:6,crater_cross_slope,S,S,S,U,U,S,S,S,S,S,S,S
f104_pair_group_0427,f104,crm_soil,fresh600,f104:7,crater_cross_slope,S,S,S,S,S,S,S,S,S,S,S,S
f104_pair_group_0428,f104,crm_soil,fresh600,f104:8,crater_cross_slope,S,S,S,S,U,S,S,U,S,S,S,S
f104_pair_group_0429,f104,crm_soil,fresh600,f104:7,long_traverse,S,S,S,S,S,S,S,S,S,S,S,S
f104_pair_group_0430,f104,crm_soil,fresh600,f104:8,long_traverse,S,S,U,U,U,S,S,S,S,S,S,S
f104_pair_group_0431,f104,crm_soil,fresh600,f104:0,roughness_transfer,S,S,S,S,S,S,S,S,S,S,S,S
f104_pair_group_0432,f104,crm_soil,fresh600,f104:0,hill_entry_cross_exit,S,S,S,S,S,S,S,S,S,S,S,S
f104_pair_group_0433,f104,crm_soil,fresh600,f104:1,hill_entry_cross_exit,U,U,U,U,U,S,S,S,S,S,S,S
f104_pair_group_0434,f104,crm_soil,fresh600,f104:2,hill_entry_cross_exit,U,U,U,U,U,S,S,U,S,S,S,S
f104_pair_group_0435,f104,crm_soil,fresh600,f104:3,hill_entry_cross_exit,U,U,U,U,U,U,U,S,S,S,S,S
f104_pair_group_0436,f104,crm_soil,fresh600,f104:4,hill_entry_cross_exit,U,U,U,U,U,U,U,U,S,S,S,S
f104_pair_group_0437,f104,crm_soil,fresh600,f104:5,crater_entry_cross_exit,S,U,S,U,U,S,S,S,S,S,S,S
f104_pair_group_0438,f104,crm_soil,fresh600,f104:6,crater_entry_cross_exit,S,S,S,S,U,S,S,S,S,S,S,S
f104_pair_group_0439,f104,crm_soil,fresh600,f104:7,crater_entry_cross_exit,S,S,S,U,S,S,S,S,S,S,S,S
f104_pair_group_0440,f104,crm_soil,fresh600,f104:8,crater_entry_cross_exit,U,U,U,U,U,S,S,U,S,S,S,S
f104_pair_group_0441,f104,crm_soil,fresh600,f104:7,long_traverse,S,U,S,U,U,S,S,S,S,S,S,S
f104_pair_group_0442,f104,crm_soil,fresh600,f104:2,long_traverse,S,S,S,S,U,S,S,U,S,S,S,S
f104_pair_group_0443,f104,crm_soil,fresh600,f104:8,roughness_transfer,S,S,S,S,S,S,S,S,S,S,S,S
f104_pair_group_0444,f104,crm_soil,fresh600,f104:0,hill_cross_slope,S,S,S,S,U,S,S,S,S,S,S,S
f104_pair_group_0445,f104,crm_soil,fresh600,f104:1,hill_cross_slope,U,S,U,U,U,S,S,U,S,S,S,S
f104_pair_group_0446,f104,crm_soil,fresh600,f104:2,hill_cross_slope,U,U,U,U,U,S,S,S,S,S,S,S
f104_pair_group_0447,f104,crm_soil,fresh600,f104:3,hill_cross_slope,S,U,U,U,U,S,S,U,S,S,S,S
f104_pair_group_0448,f104,crm_soil,fresh600,f104:4,hill_cross_slope,U,U,U,U,U,U,S,U,S,S,S,S
f104_pair_group_0449,f104,crm_soil,fresh600,f104:5,crater_cross_slope,S,S,S,S,U,S,S,S,S,S,S,S
f104_pair_group_0450,f104,crm_soil,fresh600,f104:6,crater_cross_slope,S,S,S,S,U,S,S,S,S,S,S,S
f104_pair_group_0451,f104,crm_soil,fresh600,f104:7,crater_cross_slope,S,S,S,U,U,U,S,S,S,S,S,S
f104_pair_group_0452,f104,crm_soil,fresh600,f104:8,crater_cross_slope,U,U,U,U,U,S,S,U,S,S,S,S
f104_pair_group_0453,f104,crm_soil,fresh600,f104:6,long_traverse,S,U,U,U,U,S,S,U,S,S,S,S
f104_pair_group_0454,f104,crm_soil,fresh600,f104:8,long_traverse,S,S,S,S,S,S,S,S,S,S,S,S
f104_pair_group_0455,f104,crm_soil,fresh600,f104:7,roughness_transfer,S,S,S,S,U,S,S,S,S,S,S,S
f104_pair_group_0456,f104,crm_soil,fresh600,f104:0,hill_cross_slope,S,S,S,S,S,S,S,S,S,S,S,S
f104_pair_group_0457,f104,crm_soil,fresh600,f104:1,hill_cross_slope,S,S,S,S,U,S,S,S,S,S,S,S
f104_pair_group_0458,f104,crm_soil,fresh600,f104:2,hill_cross_slope,U,U,U,U,U,S,S,S,S,S,S,S
f104_pair_group_0459,f104,crm_soil,fresh600,f104:3,hill_cross_slope,U,U,U,U,U,U,S,U,S,S,S,S
f104_pair_group_0460,f104,crm_soil,fresh600,f104:4,hill_cross_slope,S,S,U,U,U,S,S,U,S,S,S,S
f104_pair_group_0461,f104,crm_soil,fresh600,f104:5,crater_cross_slope,U,U,U,U,U,S,S,S,S,S,S,S
f104_pair_group_0462,f104,crm_soil,fresh600,f104:6,crater_cross_slope,U,S,S,U,U,S,S,S,S,S,S,S
f104_pair_group_0463,f104,crm_soil,fresh600,f104:7,crater_cross_slope,S,S,S,S,U,S,S,S,S,S,S,S
f104_pair_group_0464,f104,crm_soil,fresh600,f104:8,crater_cross_slope,U,U,U,U,U,S,S,U,S,S,S,S
f104_pair_group_0465,f104,crm_soil,fresh600,f104:4,long_traverse,S,S,S,S,U,S,S,S,S,S,S,S
f104_pair_group_0466,f104,crm_soil,fresh600,f104:8,long_traverse,S,S,S,S,U,S,S,U,S,S,S,S
f104_pair_group_0467,f104,crm_soil,fresh600,f104:0,roughness_transfer,S,S,S,U,S,S,S,S,S,S,S,S
f104_pair_group_0468,f104,crm_soil,fresh600,f104:0,hill_entry_cross_exit,S,S,S,S,U,S,S,S,S,S,S,S
f104_pair_group_0469,f104,crm_soil,fresh600,f104:1,hill_entry_cross_exit,S,S,S,U,U,S,S,U,S,S,S,S
f104_pair_group_0470,f104,crm_soil,fresh600,f104:2,hill_entry_cross_exit,S,S,S,S,U,S,S,S,S,S,S,S
f104_pair_group_0471,f104,crm_soil,fresh600,f104:3,hill_entry_cross_exit,S,S,S,S,U,S,S,U,S,S,S,S
f104_pair_group_0472,f104,crm_soil,fresh600,f104:4,hill_entry_cross_exit,S,S,S,U,U,S,S,S,S,S,S,S
f104_pair_group_0473,f104,crm_soil,fresh600,f104:5,crater_entry_cross_exit,S,S,S,U,U,S,S,S,S,S,S,S
f104_pair_group_0474,f104,crm_soil,fresh600,f104:6,crater_entry_cross_exit,S,U,U,S,S,S,S,S,S,S,S,S
f104_pair_group_0475,f104,crm_soil,fresh600,f104:7,crater_entry_cross_exit,S,S,S,U,U,S,S,S,S,S,S,S
f104_pair_group_0476,f104,crm_soil,fresh600,f104:8,crater_entry_cross_exit,S,U,S,S,U,S,S,U,S,S,S,S
f104_pair_group_0477,f104,crm_soil,fresh600,f104:2,long_traverse,S,S,S,S,U,S,S,S,S,S,S,S
f104_pair_group_0478,f104,crm_soil,fresh600,f104:4,long_traverse,S,S,S,S,U,S,S,S,S,S,S,S
f104_pair_group_0479,f104,crm_soil,fresh600,f104:2,roughness_transfer,S,S,S,S,U,S,S,S,S,S,S,S
f104_pair_group_0480,f104,crm_soil,fresh600,f104:0,hill_cross_slope,S,S,S,S,U,S,S,S,S,S,S,S
f104_pair_group_0481,f104,crm_soil,fresh600,f104:1,hill_cross_slope,S,S,S,S,U,S,S,S,S,S,S,S
f104_pair_group_0482,f104,crm_soil,fresh600,f104:4,hill_cross_slope,U,U,U,U,U,S,S,U,S,S,S,S
f104_pair_group_0483,f104,crm_soil,fresh600,f104:7,hill_cross_slope,U,U,U,U,U,S,S,U,S,S,S,S
f104_pair_group_0484,f104,crm_soil,fresh600,f104:4,hill_cross_slope,U,U,U,U,U,S,S,U,S,S,S,S
f104_pair_group_0485,f104,crm_soil,fresh600,f104:5,crater_cross_slope,S,S,S,U,S,S,U,S,S,S,S,S
f104_pair_group_0486,f104,crm_soil,fresh600,f104:6,crater_cross_slope,S,S,S,U,U,S,S,S,S,S,S,S
f104_pair_group_0487,f104,crm_soil,fresh600,f104:7,crater_cross_slope,S,S,S,U,U,S,S,S,S,S,S,S
f104_pair_group_0488,f104,crm_soil,fresh600,f104:8,crater_cross_slope,S,S,S,S,U,S,S,U,S,S,S,S
f104_pair_group_0489,f104,crm_soil,fresh600,f104:7,long_traverse,S,S,S,U,U,S,S,S,S,S,S,S
f104_pair_group_0490,f104,crm_soil,fresh600,f104:8,long_traverse,S,S,S,S,S,S,S,S,S,S,S,S
f104_pair_group_0491,f104,crm_soil,fresh600,f104:8,roughness_transfer,S,S,S,S,U,S,S,U,S,S,S,S
f104_pair_group_0492,f104,crm_soil,fresh600,f104:0,hill_cross_slope,S,U,S,U,S,S,S,S,S,S,S,S
f104_pair_group_0493,f104,crm_soil,fresh600,f104:1,hill_cross_slope,U,S,U,S,U,S,S,U,S,S,S,S
f104_pair_group_0494,f104,crm_soil,fresh600,f104:2,hill_cross_slope,U,U,U,U,U,S,S,U,S,S,S,S
f104_pair_group_0495,f104,crm_soil,fresh600,f104:3,hill_cross_slope,U,U,U,U,U,S,S,U,S,S,S,S
f104_pair_group_0496,f104,crm_soil,fresh600,f104:4,hill_cross_slope,S,S,U,U,U,S,S,U,S,S,S,S
f104_pair_group_0497,f104,crm_soil,fresh600,f104:6,crater_cross_slope,S,S,S,U,U,S,S,S,S,S,S,S
f104_pair_group_0498,f104,crm_soil,fresh600,f104:6,crater_cross_slope,S,S,S,U,U,S,S,S,S,S,S,S
f104_pair_group_0499,f104,crm_soil,fresh600,f104:4,crater_cross_slope,U,U,U,U,U,U,S,U,S,S,U,S
f104_pair_group_0500,f104,crm_soil,fresh600,f104:8,crater_cross_slope,U,U,U,U,U,S,S,U,S,S,S,S
f104_pair_group_0501,f104,crm_soil,fresh600,f104:7,long_traverse,U,U,U,U,U,S,S,U,S,S,S,S
f104_pair_group_0502,f104,crm_soil,fresh600,f104:7,long_traverse,S,S,S,S,S,S,S,S,S,S,S,S
f104_pair_group_0503,f104,crm_soil,fresh600,f104:0,roughness_transfer,S,S,S,S,S,S,S,S,S,S,S,S
f104_pair_group_0504,f104,crm_soil,fresh600,f104:0,hill_entry_cross_exit,S,S,S,S,U,S,S,S,S,S,S,S
f104_pair_group_0505,f104,crm_soil,fresh600,f104:1,hill_entry_cross_exit,U,U,S,U,U,S,S,S,S,S,S,S
f104_pair_group_0506,f104,crm_soil,fresh600,f104:2,hill_entry_cross_exit,U,U,U,U,U,S,U,U,S,S,S,S
f104_pair_group_0507,f104,crm_soil,fresh600,f104:6,hill_entry_cross_exit,U,U,U,U,U,S,S,S,S,S,S,S
f104_pair_group_0508,f104,crm_soil,fresh600,f104:4,hill_entry_cross_exit,U,U,U,S,U,S,S,S,S,S,S,S
f104_pair_group_0509,f104,crm_soil,fresh600,f104:6,crater_entry_cross_exit,S,S,S,S,S,S,S,S,S,S,S,S
f104_pair_group_0510,f104,crm_soil,fresh600,f104:6,crater_entry_cross_exit,S,S,S,U,U,S,S,S,S,S,S,S
f104_pair_group_0511,f104,crm_soil,fresh600,f104:7,crater_entry_cross_exit,S,S,S,S,U,S,S,S,S,S,S,S
f104_pair_group_0512,f104,crm_soil,fresh600,f104:8,crater_entry_cross_exit,S,S,S,S,U,S,S,U,S,S,S,S
f104_pair_group_0513,f104,crm_soil,fresh600,f104:7,long_traverse,S,S,S,S,U,S,S,S,S,S,S,S
f104_pair_group_0514,f104,crm_soil,fresh600,f104:8,long_traverse,S,S,S,U,U,S,S,S,S,S,S,S
f104_pair_group_0515,f104,crm_soil,fresh600,f104:7,roughness_transfer,U,U,U,U,U,S,S,S,S,S,S,S
f104_pair_group_0516,f104,crm_soil,fresh600,f104:0,hill_cross_slope,S,S,S,S,S,S,S,S,S,S,S,S
f104_pair_group_0517,f104,crm_soil,fresh600,f104:3,hill_cross_slope,U,U,U,U,U,S,S,U,S,S,U,S
f104_pair_group_0518,f104,crm_soil,fresh600,f104:2,hill_cross_slope,S,S,S,S,U,S,S,U,S,S,S,S
f104_pair_group_0519,f104,crm_soil,fresh600,f104:3,hill_cross_slope,U,U,U,U,U,S,S,S,S,S,S,S
f104_pair_group_0520,f104,crm_soil,fresh600,f104:2,hill_cross_slope,U,U,U,U,U,S,S,U,S,S,S,S
f104_pair_group_0521,f104,crm_soil,fresh600,f104:5,crater_cross_slope,S,U,S,U,U,S,S,S,S,S,S,S
f104_pair_group_0522,f104,crm_soil,fresh600,f104:6,crater_cross_slope,S,S,S,S,S,S,S,S,S,S,S,S
f104_pair_group_0523,f104,crm_soil,fresh600,f104:7,crater_cross_slope,S,S,S,S,U,S,S,S,S,S,S,S
f104_pair_group_0524,f104,crm_soil,fresh600,f104:8,crater_cross_slope,S,S,S,S,U,S,S,U,S,S,S,S
f104_pair_group_0525,f104,crm_soil,fresh600,f104:4,long_traverse,S,S,S,S,U,S,S,U,S,S,S,S
f104_pair_group_0526,f104,crm_soil,fresh600,f104:8,long_traverse,S,U,U,U,U,S,S,S,S,S,S,S
f104_pair_group_0527,f104,crm_soil,fresh600,f104:8,roughness_transfer,S,S,S,S,U,S,S,S,S,S,S,S
f104_pair_group_0528,f104,crm_soil,fresh600,f104:0,hill_cross_slope,S,S,S,S,S,S,S,S,S,S,S,S
f104_pair_group_0529,f104,crm_soil,fresh600,f104:1,hill_cross_slope,S,S,S,S,U,S,S,S,S,S,S,S
f104_pair_group_0530,f104,crm_soil,fresh600,f104:2,hill_cross_slope,S,S,S,S,U,S,S,U,S,S,S,S
f104_pair_group_0531,f104,crm_soil,fresh600,f104:3,hill_cross_slope,U,U,U,U,U,S,S,U,S,S,S,S
f104_pair_group_0532,f104,crm_soil,fresh600,f104:4,hill_cross_slope,U,U,S,U,U,S,S,U,S,S,S,S
f104_pair_group_0533,f104,crm_soil,fresh600,f104:5,crater_cross_slope,U,S,S,S,U,S,S,S,S,S,S,S
f104_pair_group_0534,f104,crm_soil,fresh600,f104:6,crater_cross_slope,S,S,S,U,U,S,S,S,S,S,S,S
f104_pair_group_0535,f104,crm_soil,fresh600,f104:7,crater_cross_slope,S,S,S,S,U,S,S,S,S,S,S,S
f104_pair_group_0536,f104,crm_soil,fresh600,f104:8,crater_cross_slope,S,S,S,S,U,S,S,U,S,S,S,S
f104_pair_group_0537,f104,crm_soil,fresh600,f104:4,long_traverse,S,S,S,U,U,S,S,S,S,S,S,S
f104_pair_group_0538,f104,crm_soil,fresh600,f104:8,long_traverse,S,S,S,S,U,S,S,U,S,S,S,S
f104_pair_group_0539,f104,crm_soil,fresh600,f104:8,roughness_transfer,S,S,S,U,U,S,S,S,S,S,S,S
f104_pair_group_0540,f104,crm_soil,fresh600,f104:0,hill_entry_cross_exit,S,S,S,S,U,S,S,S,S,S,S,S
f104_pair_group_0541,f104,crm_soil,fresh600,f104:1,hill_entry_cross_exit,S,S,S,S,U,S,S,U,S,S,S,S
f104_pair_group_0542,f104,crm_soil,fresh600,f104:2,hill_entry_cross_exit,U,U,U,U,U,S,S,S,S,S,S,S
f104_pair_group_0543,f104,crm_soil,fresh600,f104:3,hill_entry_cross_exit,S,S,S,S,U,S,S,U,S,S,S,S
f104_pair_group_0544,f104,crm_soil,fresh600,f104:4,hill_entry_cross_exit,U,U,U,U,U,U,U,U,S,S,S,S
f104_pair_group_0545,f104,crm_soil,fresh600,f104:6,crater_entry_cross_exit,S,S,S,S,S,S,S,S,S,S,S,S
f104_pair_group_0546,f104,crm_soil,fresh600,f104:6,crater_entry_cross_exit,S,S,S,S,S,S,S,S,S,S,S,S
f104_pair_group_0547,f104,crm_soil,fresh600,f104:7,crater_entry_cross_exit,S,S,U,U,U,S,S,S,S,S,S,S
f104_pair_group_0548,f104,crm_soil,fresh600,f104:8,crater_entry_cross_exit,U,U,U,U,U,S,S,S,S,S,S,S
f104_pair_group_0549,f104,crm_soil,fresh600,f104:7,long_traverse,U,U,S,U,S,S,S,S,S,S,S,S
f104_pair_group_0550,f104,crm_soil,fresh600,f104:5,long_traverse,S,S,S,U,U,S,S,S,S,S,S,S
f104_pair_group_0551,f104,crm_soil,fresh600,f104:4,roughness_transfer,S,S,S,S,U,S,S,S,S,S,S,S
f104_pair_group_0552,f104,crm_soil,fresh600,f104:0,hill_cross_slope,U,U,U,S,U,S,S,S,S,S,S,S
f104_pair_group_0553,f104,crm_soil,fresh600,f104:1,hill_cross_slope,S,S,S,S,S,S,S,S,S,S,S,S
f104_pair_group_0554,f104,crm_soil,fresh600,f104:2,hill_cross_slope,S,S,S,S,U,S,S,S,S,S,S,S
f104_pair_group_0555,f104,crm_soil,fresh600,f104:3,hill_cross_slope,U,U,U,U,U,S,S,U,S,S,S,S
f104_pair_group_0556,f104,crm_soil,fresh600,f104:4,hill_cross_slope,U,U,U,U,U,S,S,U,S,S,S,S
f104_pair_group_0557,f104,crm_soil,fresh600,f104:5,crater_cross_slope,U,U,U,S,S,S,S,U,S,S,S,S
f104_pair_group_0558,f104,crm_soil,fresh600,f104:3,crater_cross_slope,U,U,U,U,U,S,S,U,S,S,S,U
f104_pair_group_0559,f104,crm_soil,fresh600,f104:7,crater_cross_slope,S,S,S,U,U,S,S,S,S,S,S,S
f104_pair_group_0560,f104,crm_soil,fresh600,f104:8,crater_cross_slope,U,U,U,U,U,S,S,U,S,S,S,S
f104_pair_group_0561,f104,crm_soil,fresh600,f104:7,long_traverse,S,S,S,U,U,S,S,U,S,S,S,S
f104_pair_group_0562,f104,crm_soil,fresh600,f104:7,long_traverse,S,S,S,S,S,S,S,S,S,S,S,S
f104_pair_group_0563,f104,crm_soil,fresh600,f104:0,roughness_transfer,S,S,S,U,S,S,S,S,S,S,S,S
f104_pair_group_0564,f104,crm_soil,fresh600,f104:0,hill_cross_slope,S,S,S,S,S,S,S,S,S,S,S,S
f104_pair_group_0565,f104,crm_soil,fresh600,f104:8,hill_cross_slope,S,S,S,S,U,S,S,U,S,S,S,S
f104_pair_group_0566,f104,crm_soil,fresh600,f104:4,hill_cross_slope,S,S,U,U,U,S,S,S,S,S,S,S
f104_pair_group_0567,f104,crm_soil,fresh600,f104:7,hill_cross_slope,S,S,S,S,U,S,S,S,S,S,U,S
f104_pair_group_0568,f104,crm_soil,fresh600,f104:4,hill_cross_slope,S,S,S,S,U,S,S,S,S,S,S,S
f104_pair_group_0569,f104,crm_soil,fresh600,f104:5,crater_cross_slope,S,S,S,S,U,S,S,S,S,S,S,S
f104_pair_group_0570,f104,crm_soil,fresh600,f104:6,crater_cross_slope,U,S,U,S,U,S,S,S,S,S,S,S
f104_pair_group_0571,f104,crm_soil,fresh600,f104:7,crater_cross_slope,S,S,S,U,U,S,S,S,S,S,S,S
f104_pair_group_0572,f104,crm_soil,fresh600,f104:8,crater_cross_slope,U,U,U,U,U,S,S,S,S,S,S,S
f104_pair_group_0573,f104,crm_soil,fresh600,f104:7,long_traverse,S,S,S,U,U,S,S,S,S,S,S,S
f104_pair_group_0574,f104,crm_soil,fresh600,f104:0,long_traverse,S,S,S,S,U,S,S,S,S,S,S,S
f104_pair_group_0575,f104,crm_soil,fresh600,f104:4,roughness_transfer,s,U,S,U,U,S,S,S,S,S,S,S
f104_pair_group_0576,f104,crm_soil,fresh600,f104:0,hill_entry_cross_exit,U,U,U,U,U,S,S,S,S,S,S,S
f104_pair_group_0577,f104,crm_soil,fresh600,f104:1,hill_entry_cross_exit,S,S,S,U,U,S,S,S,S,S,S,S
f104_pair_group_0578,f104,crm_soil,fresh600,f104:2,hill_entry_cross_exit,S,S,S,U,U,S,S,S,S,S,S,S
f104_pair_group_0579,f104,crm_soil,fresh600,f104:3,hill_entry_cross_exit,S,S,S,U,U,S,S,U,S,S,S,U
f104_pair_group_0580,f104,crm_soil,fresh600,f104:4,hill_entry_cross_exit,U,U,U,U,U,S,S,S,S,S,S,S
f104_pair_group_0581,f104,crm_soil,fresh600,f104:5,crater_entry_cross_exit,S,S,U,U,U,S,S,S,S,S,S,S
f104_pair_group_0582,f104,crm_soil,fresh600,f104:6,crater_entry_cross_exit,S,S,S,U,U,S,S,S,S,S,S,S
f104_pair_group_0583,f104,crm_soil,fresh600,f104:7,crater_entry_cross_exit,S,S,S,U,U,S,S,S,S,S,S,S
f104_pair_group_0584,f104,crm_soil,fresh600,f104:8,crater_entry_cross_exit,U,S,S,S,U,S,S,U,S,S,S,S
f104_pair_group_0585,f104,crm_soil,fresh600,f104:7,long_traverse,S,S,S,S,U,S,S,S,S,S,S,S
f104_pair_group_0586,f104,crm_soil,fresh600,f104:0,long_traverse,U,S,S,U,U,S,S,S,S,S,S,S
f104_pair_group_0587,f104,crm_soil,fresh600,f104:1,roughness_transfer,S,S,S,S,U,S,S,U,S,S,S,S
f104_pair_group_0588,f104,crm_soil,fresh600,f104:0,hill_cross_slope,S,S,S,U,U,S,S,S,S,S,S,S
f104_pair_group_0589,f104,crm_soil,fresh600,f104:1,hill_cross_slope,S,S,S,S,U,S,S,S,S,S,S,S
f104_pair_group_0590,f104,crm_soil,fresh600,f104:2,hill_cross_slope,S,S,U,S,U,S,S,S,S,S,S,S
f104_pair_group_0591,f104,crm_soil,fresh600,f104:3,hill_cross_slope,U,U,U,U,U,S,S,U,S,S,S,S
f104_pair_group_0592,f104,crm_soil,fresh600,f104:4,hill_cross_slope,S,S,S,S,U,S,S,S,S,S,S,S
f104_pair_group_0593,f104,crm_soil,fresh600,f104:5,crater_cross_slope,S,U,S,U,S,S,S,S,S,S,S,S
f104_pair_group_0594,f104,crm_soil,fresh600,f104:7,crater_cross_slope,U,S,U,U,U,S,S,S,S,S,S,S
f104_pair_group_0595,f104,crm_soil,fresh600,f104:7,crater_cross_slope,S,S,S,U,U,S,S,S,S,S,S,S
f104_pair_group_0596,f104,crm_soil,fresh600,f104:8,crater_cross_slope,U,U,U,U,U,S,S,U,S,S,S,S
f104_pair_group_0597,f104,crm_soil,fresh600,f104:7,long_traverse,S,S,U,S,U,S,S,S,S,S,S,S
f104_pair_group_0598,f104,crm_soil,fresh600,f104:8,long_traverse,U,U,S,U,U,S,S,U,S,S,S,S
f104_pair_group_0599,f104,crm_soil,fresh600,f104:7,roughness_transfer,S,S,S,U,S,S,S,S,S,S,U,S
