route_id,group_id,route_kind,speed_profile,task_type,gator_redrive_1ms,gator_redrive_0p5ms,hmmwv_stored,polaris_stock,polaris_power_corrected,polaris_open_diff,polaris_soil_wheels_0p33m,m113_stock_gearing,m113_regeared_4x
f104_v2_group_0177_op_01,f104_v2_group_0177,planner_proposal,planner_proposal,long_traverse,S,U,U,S,S,S,S,S,S
f104_v2_group_0177_op_04,f104_v2_group_0177,planner_proposal,planner_proposal,long_traverse,U,U,U,S,S,S,S,U,S
f104_v2_group_0177_op_06,f104_v2_group_0177,planner_proposal,planner_proposal,long_traverse,S,S,S,S,S,S,S,S,S
f104_v2_group_0177_op_07,f104_v2_group_0177,planner_proposal,planner_proposal,long_traverse,U,U,U,U,U,U,U,U,U
f104_v2_group_0177_route_08,f104_v2_group_0177,designed,constant_2,long_traverse,U,U,U,S,S,U,S,U,S
f104_v2_group_0177_route_11,f104_v2_group_0177,designed,smooth_2_6_2,long_traverse,U,U,S,S,S,S,S,U,S
f104_v2_group_0188_op_04,f104_v2_group_0188,planner_proposal,planner_proposal,crater_entry_cross_exit,U,U,U,S,S,S,S,U,U
f104_v2_group_0188_op_05,f104_v2_group_0188,planner_proposal,planner_proposal,crater_entry_cross_exit,U,U,U,S,S,U,U,U,U
f104_v2_group_0188_route_01,f104_v2_group_0188,designed,constant_4,crater_entry_cross_exit,U,U,U,S,S,S,S,U,U
f104_v2_group_0188_route_06,f104_v2_group_0188,designed,constant_6,crater_entry_cross_exit,U,U,U,S,S,S,S,U,U
f104_v2_group_0188_route_08,f104_v2_group_0188,designed,constant_2,crater_entry_cross_exit,U,U,U,S,S,U,U,U,U
f104_v2_group_0188_route_09,f104_v2_group_0188,designed,constant_4,crater_entry_cross_exit,U,U,U,S,S,S,S,U,U
f104_v2_group_0213_op_03,f104_v2_group_0213,planner_proposal,planner_proposal,long_traverse,U,U,U,S,S,S,S,U,U
f104_v2_group_0213_op_05,f104_v2_group_0213,planner_proposal,planner_proposal,long_traverse,S,S,S,S,S,S,S,S,S
f104_v2_group_0213_op_07,f104_v2_group_0213,planner_proposal,planner_proposal,long_traverse,U,U,U,S,S,S,U,U,U
f104_v2_group_0213_route_02,f104_v2_group_0213,designed,constant_6,long_traverse,U,U,S,S,S,S,S,S,S
f104_v2_group_0213_route_05,f104_v2_group_0213,designed,constant_4,long_traverse,U,U,U,S,S,S,S,S,S
f104_v2_group_0213_route_10,f104_v2_group_0213,designed,constant_6,long_traverse,U,U,S,S,S,S,S,U,S
f104_v2_group_0259_op_01,f104_v2_group_0259,planner_proposal,planner_proposal,crater_entry_cross_exit,U,U,U,S,S,U,S,U,S
f104_v2_group_0259_op_04,f104_v2_group_0259,planner_proposal,planner_proposal,crater_entry_cross_exit,U,U,U,U,U,U,U,U,U
f104_v2_group_0259_op_06,f104_v2_group_0259,planner_proposal,planner_proposal,crater_entry_cross_exit,U,U,U,U,U,U,U,U,U
f104_v2_group_0259_route_06,f104_v2_group_0259,designed,constant_6,crater_entry_cross_exit,U,U,U,S,S,S,U,U,U
f104_v2_group_0259_route_07,f104_v2_group_0259,designed,smooth_2_6_2,crater_entry_cross_exit,U,U,U,S,S,S,S,U,U
f104_v2_group_0259_route_10,f104_v2_group_0259,designed,constant_6,crater_entry_cross_exit,U,U,U,S,S,S,U,U,U
f104_v2_group_0286_op_02,f104_v2_group_0286,planner_proposal,planner_proposal,long_traverse,U,U,U,S,S,S,S,U,S
f104_v2_group_0286_op_04,f104_v2_group_0286,planner_proposal,planner_proposal,long_traverse,U,U,U,S,S,S,S,U,S
f104_v2_group_0286_op_06,f104_v2_group_0286,planner_proposal,planner_proposal,long_traverse,U,U,S,S,S,S,S,U,S
f104_v2_group_0286_route_02,f104_v2_group_0286,designed,constant_6,long_traverse,U,U,S,S,S,S,S,U,S
f104_v2_group_0286_route_08,f104_v2_group_0286,designed,constant_2,long_traverse,U,U,U,S,S,S,S,U,S
f104_v2_group_0286_route_10,f104_v2_group_0286,designed,constant_6,long_traverse,U,U,S,S,S,S,S,U,S
f104_v2_group_0295_op_05,f104_v2_group_0295,planner_proposal,planner_proposal,crater_entry_cross_exit,U,U,U,S,S,U,S,U,U
f104_v2_group_0295_route_03,f104_v2_group_0295,designed,smooth_2_6_2,crater_entry_cross_exit,U,U,U,S,S,S,S,U,U
f104_v2_group_0295_route_06,f104_v2_group_0295,designed,constant_6,crater_entry_cross_exit,U,U,U,S,S,S,S,U,U
f104_v2_group_0295_route_07,f104_v2_group_0295,designed,smooth_2_6_2,crater_entry_cross_exit,U,U,U,S,S,S,S,U,U
f104_v2_group_0295_route_08,f104_v2_group_0295,designed,constant_2,crater_entry_cross_exit,U,U,U,S,S,U,S,U,U
f104_v2_group_0295_route_11,f104_v2_group_0295,designed,smooth_2_6_2,crater_entry_cross_exit,U,U,U,S,S,S,S,U,U
f104_v2_group_0362_op_01,f104_v2_group_0362,planner_proposal,planner_proposal,hill_entry_cross_exit,U,U,U,S,S,U,U,U,U
f104_v2_group_0362_op_04,f104_v2_group_0362,planner_proposal,planner_proposal,hill_entry_cross_exit,U,U,U,U,U,U,U,U,U
f104_v2_group_0362_op_05,f104_v2_group_0362,planner_proposal,planner_proposal,hill_entry_cross_exit,U,U,U,S,S,U,U,U,U
f104_v2_group_0362_route_01,f104_v2_group_0362,designed,constant_4,hill_entry_cross_exit,U,U,U,S,S,S,S,U,U
f104_v2_group_0362_route_02,f104_v2_group_0362,designed,constant_6,hill_entry_cross_exit,U,U,S,S,S,S,S,U,U
f104_v2_group_0362_route_04,f104_v2_group_0362,designed,constant_2,hill_entry_cross_exit,U,U,U,S,S,S,S,U,U
f104_v2_group_0404_op_02,f104_v2_group_0404,planner_proposal,planner_proposal,crater_entry_cross_exit,U,U,U,U,U,U,U,U,U
f104_v2_group_0404_op_03,f104_v2_group_0404,planner_proposal,planner_proposal,crater_entry_cross_exit,U,U,U,U,S,U,U,U,S
f104_v2_group_0404_op_05,f104_v2_group_0404,planner_proposal,planner_proposal,crater_entry_cross_exit,U,U,U,U,U,U,U,U,U
f104_v2_group_0404_route_07,f104_v2_group_0404,designed,smooth_2_6_2,crater_entry_cross_exit,U,U,U,S,S,S,S,U,U
f104_v2_group_0404_route_09,f104_v2_group_0404,designed,constant_4,crater_entry_cross_exit,U,U,U,S,S,S,S,U,U
f104_v2_group_0404_route_10,f104_v2_group_0404,designed,constant_6,crater_entry_cross_exit,U,U,S,S,S,S,S,U,U
f104_v2_group_0426_op_00,f104_v2_group_0426,planner_proposal,planner_proposal,crater_cross_slope,U,U,U,U,U,U,U,U,S
f104_v2_group_0426_op_06,f104_v2_group_0426,planner_proposal,planner_proposal,crater_cross_slope,U,U,S,S,S,S,S,U,U
f104_v2_group_0426_route_00,f104_v2_group_0426,designed,constant_2,crater_cross_slope,U,U,U,S,S,S,S,U,U
f104_v2_group_0426_route_03,f104_v2_group_0426,designed,smooth_2_6_2,crater_cross_slope,U,U,S,S,S,S,S,U,U
f104_v2_group_0426_route_07,f104_v2_group_0426,designed,smooth_2_6_2,crater_cross_slope,U,U,S,S,S,S,S,U,U
f104_v2_group_0426_route_10,f104_v2_group_0426,designed,constant_6,crater_cross_slope,U,U,S,S,S,S,S,U,S
f104_v2_group_0427_op_01,f104_v2_group_0427,planner_proposal,planner_proposal,crater_cross_slope,U,S,U,S,S,S,S,U,S
f104_v2_group_0427_op_03,f104_v2_group_0427,planner_proposal,planner_proposal,crater_cross_slope,U,U,U,U,U,U,S,U,S
f104_v2_group_0427_op_06,f104_v2_group_0427,planner_proposal,planner_proposal,crater_cross_slope,U,U,U,U,U,U,U,U,U
f104_v2_group_0427_route_01,f104_v2_group_0427,designed,constant_4,crater_cross_slope,U,U,S,S,S,S,S,S,U
f104_v2_group_0427_route_04,f104_v2_group_0427,designed,constant_2,crater_cross_slope,U,U,U,S,S,S,S,S,S
f104_v2_group_0427_route_11,f104_v2_group_0427,designed,smooth_2_6_2,crater_cross_slope,U,U,S,S,S,S,S,U,-
f104_v2_group_0563_op_00,f104_v2_group_0563,planner_proposal,planner_proposal,roughness_transfer,S,S,S,S,S,S,S,S,S
f104_v2_group_0563_op_01,f104_v2_group_0563,planner_proposal,planner_proposal,roughness_transfer,U,U,U,S,S,S,S,U,S
f104_v2_group_0563_route_00,f104_v2_group_0563,designed,constant_2,roughness_transfer,U,U,U,S,S,S,S,U,U
f104_v2_group_0563_route_04,f104_v2_group_0563,designed,constant_2,roughness_transfer,U,U,U,S,S,S,S,U,U
f104_v2_group_0563_route_09,f104_v2_group_0563,designed,constant_4,roughness_transfer,U,U,U,S,S,S,S,S,S
f104_v2_group_0563_route_11,f104_v2_group_0563,designed,smooth_2_6_2,roughness_transfer,U,U,U,S,S,S,S,S,S
f104_v2_group_0575_op_01,f104_v2_group_0575,planner_proposal,planner_proposal,roughness_transfer,U,U,U,U,S,U,U,U,U
f104_v2_group_0575_op_07,f104_v2_group_0575,planner_proposal,planner_proposal,roughness_transfer,U,U,U,S,S,S,S,U,S
f104_v2_group_0575_route_00,f104_v2_group_0575,designed,constant_2,roughness_transfer,U,U,U,S,S,S,S,U,U
f104_v2_group_0575_route_06,f104_v2_group_0575,designed,constant_6,roughness_transfer,U,U,U,S,S,S,S,U,S
f104_v2_group_0575_route_10,f104_v2_group_0575,designed,constant_6,roughness_transfer,U,U,U,S,S,S,S,U,S
f104_v2_group_0575_route_11,f104_v2_group_0575,designed,smooth_2_6_2,roughness_transfer,U,U,U,S,S,S,S,U,S
f104_v2_group_0594_op_03,f104_v2_group_0594,planner_proposal,planner_proposal,crater_cross_slope,U,U,U,S,S,S,S,U,S
f104_v2_group_0594_op_07,f104_v2_group_0594,planner_proposal,planner_proposal,crater_cross_slope,U,S,S,S,S,S,S,U,S
f104_v2_group_0594_route_01,f104_v2_group_0594,designed,constant_4,crater_cross_slope,S,U,S,S,S,S,S,U,S
f104_v2_group_0594_route_04,f104_v2_group_0594,designed,constant_2,crater_cross_slope,U,U,U,S,S,S,S,U,S
f104_v2_group_0594_route_05,f104_v2_group_0594,designed,constant_4,crater_cross_slope,U,S,S,S,S,S,S,U,S
f104_v2_group_0594_route_06,f104_v2_group_0594,designed,constant_6,crater_cross_slope,S,S,S,S,S,S,S,U,S
f104_v2_group_0621_op_02,f104_v2_group_0621,planner_proposal,planner_proposal,long_traverse,U,U,U,S,S,S,S,U,S
f104_v2_group_0621_op_04,f104_v2_group_0621,planner_proposal,planner_proposal,long_traverse,U,U,U,S,S,U,S,U,U
f104_v2_group_0621_route_06,f104_v2_group_0621,designed,constant_6,long_traverse,U,U,S,S,S,S,S,U,S
f104_v2_group_0621_route_08,f104_v2_group_0621,designed,constant_2,long_traverse,U,U,U,S,S,S,S,U,U
f104_v2_group_0621_route_09,f104_v2_group_0621,designed,constant_4,long_traverse,U,U,S,S,S,S,S,U,S
f104_v2_group_0621_route_10,f104_v2_group_0621,designed,constant_6,long_traverse,U,U,S,S,S,S,S,U,S
f104_v2_group_0685_op_01,f104_v2_group_0685,planner_proposal,planner_proposal,hill_entry_cross_exit,U,U,S,S,S,S,S,U,S
f104_v2_group_0685_op_05,f104_v2_group_0685,planner_proposal,planner_proposal,hill_entry_cross_exit,U,U,U,U,U,U,U,U,S
f104_v2_group_0685_route_02,f104_v2_group_0685,designed,constant_6,hill_entry_cross_exit,U,U,U,S,S,S,S,U,U
f104_v2_group_0685_route_03,f104_v2_group_0685,designed,smooth_2_6_2,hill_entry_cross_exit,U,U,U,S,S,S,S,U,U
f104_v2_group_0685_route_04,f104_v2_group_0685,designed,constant_2,hill_entry_cross_exit,U,U,U,S,S,U,S,U,U
f104_v2_group_0685_route_07,f104_v2_group_0685,designed,smooth_2_6_2,hill_entry_cross_exit,U,U,U,S,S,S,S,U,U
f104_v2_group_0829_op_02,f104_v2_group_0829,planner_proposal,planner_proposal,hill_entry_cross_exit,U,U,U,U,U,U,U,U,S
f104_v2_group_0829_op_05,f104_v2_group_0829,planner_proposal,planner_proposal,hill_entry_cross_exit,U,U,U,U,U,S,S,U,S
f104_v2_group_0829_route_02,f104_v2_group_0829,designed,constant_6,hill_entry_cross_exit,U,U,S,S,S,S,S,U,S
f104_v2_group_0829_route_05,f104_v2_group_0829,designed,constant_4,hill_entry_cross_exit,U,U,S,S,S,S,S,U,S
f104_v2_group_0829_route_06,f104_v2_group_0829,designed,constant_6,hill_entry_cross_exit,U,U,S,S,S,S,S,U,S
f104_v2_group_0829_route_10,f104_v2_group_0829,designed,constant_6,hill_entry_cross_exit,U,U,S,S,S,S,S,U,S
f104_v2_group_0868_op_04,f104_v2_group_0868,planner_proposal,planner_proposal,hill_entry_cross_exit,U,U,U,S,S,U,S,U,S
f104_v2_group_0868_op_05,f104_v2_group_0868,planner_proposal,planner_proposal,hill_entry_cross_exit,U,U,U,S,S,S,S,U,S
f104_v2_group_0868_route_00,f104_v2_group_0868,designed,constant_2,hill_entry_cross_exit,U,U,U,S,S,S,S,U,U
f104_v2_group_0868_route_02,f104_v2_group_0868,designed,constant_6,hill_entry_cross_exit,U,U,S,S,S,S,S,U,U
f104_v2_group_0868_route_03,f104_v2_group_0868,designed,smooth_2_6_2,hill_entry_cross_exit,U,U,S,S,S,S,S,U,S
f104_v2_group_0868_route_06,f104_v2_group_0868,designed,constant_6,hill_entry_cross_exit,U,U,S,S,S,S,S,U,S
f104_v2_group_0894_op_03,f104_v2_group_0894,planner_proposal,planner_proposal,crater_cross_slope,U,U,S,S,S,S,S,U,S
f104_v2_group_0894_op_06,f104_v2_group_0894,planner_proposal,planner_proposal,crater_cross_slope,U,U,U,S,S,S,S,U,S
f104_v2_group_0894_route_02,f104_v2_group_0894,designed,constant_6,crater_cross_slope,U,U,S,S,S,S,S,U,S
f104_v2_group_0894_route_03,f104_v2_group_0894,designed,smooth_2_6_2,crater_cross_slope,U,U,S,S,S,S,S,U,S
f104_v2_group_0894_route_10,f104_v2_group_0894,designed,constant_6,crater_cross_slope,S,S,S,S,S,S,S,U,S
f104_v2_group_0894_route_11,f104_v2_group_0894,designed,smooth_2_6_2,crater_cross_slope,S,S,S,S,S,S,S,U,S
f104_v2_group_0916_op_02,f104_v2_group_0916,planner_proposal,planner_proposal,hill_cross_slope,U,U,U,S,S,U,S,U,S
f104_v2_group_0916_op_03,f104_v2_group_0916,planner_proposal,planner_proposal,hill_cross_slope,U,U,U,S,S,S,S,U,U
f104_v2_group_0916_op_04,f104_v2_group_0916,planner_proposal,planner_proposal,hill_cross_slope,U,U,U,U,S,U,U,U,U
f104_v2_group_0916_op_05,f104_v2_group_0916,planner_proposal,planner_proposal,hill_cross_slope,U,U,U,U,U,U,U,U,U
f104_v2_group_0916_op_06,f104_v2_group_0916,planner_proposal,planner_proposal,hill_cross_slope,U,U,U,U,S,U,S,U,U
f104_v2_group_0916_route_11,f104_v2_group_0916,designed,smooth_2_6_2,hill_cross_slope,U,U,U,S,S,S,S,U,S
f104_v2_group_0926_op_02,f104_v2_group_0926,planner_proposal,planner_proposal,hill_cross_slope,U,U,U,S,S,S,S,U,U
f104_v2_group_0926_op_03,f104_v2_group_0926,planner_proposal,planner_proposal,hill_cross_slope,U,U,U,U,U,U,U,U,U
f104_v2_group_0926_op_06,f104_v2_group_0926,planner_proposal,planner_proposal,hill_cross_slope,U,U,U,U,U,S,S,U,U
f104_v2_group_0926_op_07,f104_v2_group_0926,planner_proposal,planner_proposal,hill_cross_slope,U,U,U,S,S,U,S,U,U
f104_v2_group_0926_route_03,f104_v2_group_0926,designed,smooth_2_6_2,hill_cross_slope,U,U,S,S,S,S,S,U,U
f104_v2_group_0926_route_11,f104_v2_group_0926,designed,smooth_2_6_2,hill_cross_slope,U,U,S,S,S,S,S,U,U
f104_v2_group_1060_op_05,f104_v2_group_1060,planner_proposal,planner_proposal,hill_cross_slope,U,U,U,U,U,U,U,U,U
f104_v2_group_1060_op_07,f104_v2_group_1060,planner_proposal,planner_proposal,hill_cross_slope,U,U,U,S,S,U,S,U,S
f104_v2_group_1060_route_01,f104_v2_group_1060,designed,constant_4,hill_cross_slope,U,U,U,S,S,S,S,U,S
f104_v2_group_1060_route_06,f104_v2_group_1060,designed,constant_6,hill_cross_slope,U,U,S,S,S,S,S,U,U
f104_v2_group_1060_route_08,f104_v2_group_1060,designed,constant_2,hill_cross_slope,U,U,U,S,S,S,S,S,S
f104_v2_group_1060_route_11,f104_v2_group_1060,designed,smooth_2_6_2,hill_cross_slope,U,U,U,S,S,S,S,S,S
f104_v2_group_1103_op_01,f104_v2_group_1103,planner_proposal,planner_proposal,roughness_transfer,U,U,U,U,U,U,U,U,U
f104_v2_group_1103_op_06,f104_v2_group_1103,planner_proposal,planner_proposal,roughness_transfer,U,U,U,U,U,U,U,U,U
f104_v2_group_1103_route_02,f104_v2_group_1103,designed,constant_6,roughness_transfer,U,U,U,S,S,S,S,U,U
f104_v2_group_1103_route_03,f104_v2_group_1103,designed,smooth_2_6_2,roughness_transfer,U,U,U,S,S,S,S,U,U
f104_v2_group_1103_route_05,f104_v2_group_1103,designed,constant_4,roughness_transfer,U,U,U,S,S,S,S,U,U
f104_v2_group_1103_route_07,f104_v2_group_1103,designed,smooth_2_6_2,roughness_transfer,U,U,U,S,S,S,S,U,U
f104_v2_group_1144_op_02,f104_v2_group_1144,planner_proposal,planner_proposal,hill_cross_slope,U,U,U,U,U,U,U,U,U
f104_v2_group_1144_route_00,f104_v2_group_1144,designed,constant_2,hill_cross_slope,U,U,U,S,S,S,S,U,S
f104_v2_group_1144_route_01,f104_v2_group_1144,designed,constant_4,hill_cross_slope,U,U,U,S,S,S,S,U,S
f104_v2_group_1144_route_06,f104_v2_group_1144,designed,constant_6,hill_cross_slope,S,U,S,S,S,S,S,S,S
f104_v2_group_1144_route_08,f104_v2_group_1144,designed,constant_2,hill_cross_slope,U,U,U,S,S,U,S,U,S
f104_v2_group_1144_route_11,f104_v2_group_1144,designed,smooth_2_6_2,hill_cross_slope,U,U,U,S,S,S,S,U,S
f104_v2_group_1187_op_00,f104_v2_group_1187,planner_proposal,planner_proposal,roughness_transfer,U,U,U,U,U,U,U,S,S
f104_v2_group_1187_route_03,f104_v2_group_1187,designed,smooth_2_6_2,roughness_transfer,U,U,S,S,S,S,S,U,U
f104_v2_group_1187_route_05,f104_v2_group_1187,designed,constant_4,roughness_transfer,U,U,U,S,S,S,S,U,S
f104_v2_group_1187_route_06,f104_v2_group_1187,designed,constant_6,roughness_transfer,U,U,S,S,S,S,S,S,S
f104_v2_group_1187_route_08,f104_v2_group_1187,designed,constant_2,roughness_transfer,U,U,U,S,S,S,S,U,S
f104_v2_group_1187_route_09,f104_v2_group_1187,designed,constant_4,roughness_transfer,U,U,S,S,S,S,S,U,S
