"Name","Calls","TotalDurationNs","AverageNs","Percentage","MinNs","MaxNs","StdDev"
"chrono::fsi::sph::CrmRHS(chrono::fsi::sph::Real4 const*, chrono::fsi::sph::Real3 const*, chrono::fsi::sph::Real4 const*, chrono::fsi::sph::Real3 const*, chrono::fsi::sph::Real3 const*, unsigned int const*, unsigned int const*, unsigned int, chrono::fsi::sph::Real4*, chrono::fsi::sph::Real3*, chrono::fsi::sph::Real3*, chrono::fsi::sph::Real3*, unsigned int*, float*, float*)",28000,10501573047,375056.180250,32.37,153122,13413926,935988.878713
"chrono::fsi::sph::neighborSearchID(chrono::fsi::sph::Real4 const*, chrono::fsi::sph::Real4 const*, unsigned int const*, unsigned int const*, unsigned int, unsigned int const*, unsigned int*)",14000,6378091231,455577.945071,19.66,214083,15674274,1229954.175817
"chrono::fsi::sph::CrmAdamiBC(unsigned int const*, unsigned int const*, chrono::fsi::sph::Real4 const*, unsigned int, chrono::fsi::sph::Real3*, chrono::fsi::sph::Real4*, chrono::fsi::sph::Real3*, chrono::fsi::sph::Real3*, chrono::fsi::sph::Real3*)",28000,2595699936,92703.569143,8.00,73121,1157615,123697.610812
"chrono::fsi::sph::UpdateActivityD(chrono::fsi::sph::Real4 const*, chrono::fsi::sph::Real3*, chrono::fsi::sph::Real3 const*, chrono::fsi::sph::Real3 const*, chrono::fsi::sph::Real3 const*, bool, chrono::fsi::sph::ActiveDomain const*, chrono::fsi::sph::ActiveDomain const*, chrono::fsi::sph::ActiveDomain const*, int*, int*, chrono::fsi::sph::Real4 const*, double)",14000,2137221900,152658.707143,6.59,58081,20652735,173625.541296
"chrono::fsi::sph::neighborSearchNum(chrono::fsi::sph::Real4 const*, chrono::fsi::sph::Real4 const*, unsigned int const*, unsigned int const*, unsigned int, unsigned int*)",14000,2109647076,150689.076857,6.50,120802,6115116,156654.935757
"chrono::fsi::sph::CopySortedToOriginalWCSPH_D(chrono::fsi::sph::MarkerGroup, chrono::fsi::sph::Real4 const*, chrono::fsi::sph::Real3 const*, chrono::fsi::sph::Real4 const*, chrono::fsi::sph::Real3 const*, chrono::fsi::sph::Real3 const*, chrono::fsi::sph::Real3 const*, chrono::fsi::sph::Real4 const*, unsigned int, chrono::fsi::sph::Real4*, chrono::fsi::sph::Real3*, chrono::fsi::sph::Real4*, chrono::fsi::sph::Real3*, chrono::fsi::sph::Real3*, chrono::fsi::sph::Real3*, chrono::fsi::sph::Real4*, unsigned int*)",17500,1561585172,89233.438400,4.81,8480,5086463,223731.959718
"__amd_rocclr_copyBuffer",312445,1247035757,3991.216877,3.84,2560,270723,2399.397316
"chrono::fsi::sph::reorderDataD(unsigned int const*, chrono::fsi::sph::Real4*, chrono::fsi::sph::Real3*, chrono::fsi::sph::Real4*, chrono::fsi::sph::Real3*, chrono::fsi::sph::Real3*, chrono::fsi::sph::Real3*, int*, chrono::fsi::sph::Real4 const*, chrono::fsi::sph::Real3 const*, chrono::fsi::sph::Real4 const*, chrono::fsi::sph::Real3 const*, chrono::fsi::sph::Real3 const*, chrono::fsi::sph::Real3 const*, int const*, unsigned int)",14000,864101297,61721.521214,2.66,33440,1027533,115344.755571
"chrono::fsi::sph::EulerStep_D(chrono::fsi::sph::Real4*, chrono::fsi::sph::Real3*, chrono::fsi::sph::Real4*, chrono::fsi::sph::Real3*, chrono::fsi::sph::Real3*, chrono::fsi::sph::Real3*, chrono::fsi::sph::Real3 const*, chrono::fsi::sph::Real4 const*, chrono::fsi::sph::Real3 const*, chrono::fsi::sph::Real3 const*, unsigned int const*, int const*, unsigned int, float, bool volatile*)",28000,594265981,21223.785036,1.83,10560,402405,44668.387293
"void rocprim::ROCPRIM_400200_NS::detail::trampoline_kernel<rocprim::ROCPRIM_400200_NS::detail::wrapped_reduce_config<rocprim::ROCPRIM_400200_NS::default_config, thrust::THRUST_200805_400200_NS::tuple<bool, long, thrust::THRUST_200805_400200_NS::null_type, thrust::THRUST_200805_400200_NS::null_type, thrust::THRUST_200805_400200_NS::null_type, thrust::THRUST_200805_400200_NS::null_type, thrust::THRUST_200805_400200_NS::null_type, thrust::THRUST_200805_400200_NS::null_type, thrust::THRUST_200805_400200_NS::null_type, thrust::THRUST_200805_400200_NS::null_type> >, (rocprim::ROCPRIM_400200_NS::detail::target_arch)910, rocprim::ROCPRIM_400200_NS::detail::reduce_impl<true, rocprim::ROCPRIM_400200_NS::default_config, thrust::THRUST_200805_400200_NS::zip_iterator<thrust::THRUST_200805_400200_NS::tuple<thrust::THRUST_200805_400200_NS::hip_rocprim::__find_if::transform_input_iterator_t<bool, thrust::THRUST_200805_400200_NS::detail::normal_iterator<thrust::THRUST_200805_400200_NS::device_ptr<chrono::fsi::sph::Real4> >, chrono::fsi::sph::check_infinite<chrono::fsi::sph::Real4> >, thrust::THRUST_200805_400200_NS::counting_iterator<long, thrust::THRUST_200805_400200_NS::use_default, thrust::THRUST_200805_400200_NS::use_default, thrust::THRUST_200805_400200_NS::use_default>, thrust::THRUST_200805_400200_NS::null_type, thrust::THRUST_200805_400200_NS::null_type, thrust::THRUST_200805_400200_NS::null_type, thrust::THRUST_200805_400200_NS::null_type, thrust::THRUST_200805_400200_NS::null_type, thrust::THRUST_200805_400200_NS::null_type, thrust::THRUST_200805_400200_NS::null_type, thrust::THRUST_200805_400200_NS::null_type> >, thrust::THRUST_200805_400200_NS::tuple<bool, long, thrust::THRUST_200805_400200_NS::null_type, thrust::THRUST_200805_400200_NS::null_type, thrust::THRUST_200805_400200_NS::null_type, thrust::THRUST_200805_400200_NS::null_type, thrust::THRUST_200805_400200_NS::null_type, thrust::THRUST_200805_400200_NS::null_type, thrust::THRUST_200805_400200_NS::null_type, thrust::THRUST_200805_400200_NS::null_type>*, thrust::THRUST_200805_400200_NS::tuple<bool, long, thrust::THRUST_200805_400200_NS::null_type, thrust::THRUST_200805_400200_NS::null_type, thrust::THRUST_200805_400200_NS::null_type, thrust::THRUST_200805_400200_NS::null_type, thrust::THRUST_200805_400200_NS::null_type, thrust::THRUST_200805_400200_NS::null_type, thrust::THRUST_200805_400200_NS::null_type, thrust::THRUST_200805_400200_NS::null_type>, thrust::THRUST_200805_400200_NS::hip_rocprim::__find_if::functor<thrust::THRUST_200805_400200_NS::tuple<bool, long, thrust::THRUST_200805_400200_NS::null_type, thrust::THRUST_200805_400200_NS::null_type, thrust::THRUST_200805_400200_NS::null_type, thrust::THRUST_200805_400200_NS::null_type, thrust::THRUST_200805_400200_NS::null_type, thrust::THRUST_200805_400200_NS::null_type, thrust::THRUST_200805_400200_NS::null_type, thrust::THRUST_200805_400200_NS::null_type> > >(void*, unsigned long&, thrust::THRUST_200805_400200_NS::zip_iterator<thrust::THRUST_200805_400200_NS::tuple<thrust::THRUST_200805_400200_NS::hip_rocprim::__find_if::transform_input_iterator_t<bool, thrust::THRUST_200805_400200_NS::detail::normal_iterator<thrust::THRUST_200805_400200_NS::device_ptr<chrono::fsi::sph::Real4> >, chrono::fsi::sph::check_infinite<chrono::fsi::sph::Real4> >, thrust::THRUST_200805_400200_NS::counting_iterator<long, thrust::THRUST_200805_400200_NS::use_default, thrust::THRUST_200805_400200_NS::use_default, thrust::THRUST_200805_400200_NS::use_default>, thrust::THRUST_200805_400200_NS::null_type, thrust::THRUST_200805_400200_NS::null_type, thrust::THRUST_200805_400200_NS::null_type, thrust::THRUST_200805_400200_NS::null_type, thrust::THRUST_200805_400200_NS::null_type, thrust::THRUST_200805_400200_NS::null_type, thrust::THRUST_200805_400200_NS::null_type, thrust::THRUST_200805_400200_NS::null_type> >, thrust::THRUST_200805_400200_NS::tuple<bool, long, thrust::THRUST_200805_400200_NS::null_type, thrust::THRUST_200805_400200_NS::null_type, thrust::THRUST_200805_400200_NS::null_type, thrust::THRUST_200805_400200_NS::null_type, thrust::THRUST_200805_400200_NS::null_type, thrust::THRUST_200805_400200_NS::null_type, thrust::THRUST_200805_400200_NS::null_type, thrust::THRUST_200805_400200_NS::null_type>*, thrust::THRUST_200805_400200_NS::tuple<bool, long, thrust::THRUST_200805_400200_NS::null_type, thrust::THRUST_200805_400200_NS::null_type, thrust::THRUST_200805_400200_NS::null_type, thrust::THRUST_200805_400200_NS::null_type, thrust::THRUST_200805_400200_NS::null_type, thrust::THRUST_200805_400200_NS::null_type, thrust::THRUST_200805_400200_NS::null_type, thrust::THRUST_200805_400200_NS::null_type>, unsigned long, thrust::THRUST_200805_400200_NS::hip_rocprim::__find_if::functor<thrust::THRUST_200805_400200_NS::tuple<bool, long, thrust::THRUST_200805_400200_NS::null_type, thrust::THRUST_200805_400200_NS::null_type, thrust::THRUST_200805_400200_NS::null_type, thrust::THRUST_200805_400200_NS::null_type, thrust::THRUST_200805_400200_NS::null_type, thrust::THRUST_200805_400200_NS::null_type, thrust::THRUST_200805_400200_NS::null_type, thrust::THRUST_200805_400200_NS::null_type> >, ihipStream_t*, bool)::{lambda(auto:1)#1}, rocprim::ROCPRIM_400200_NS::detail::default_config_selector>(rocprim::ROCPRIM_400200_NS::detail::reduce_impl<true, rocprim::ROCPRIM_400200_NS::default_config, thrust::THRUST_200805_400200_NS::zip_iterator<thrust::THRUST_200805_400200_NS::tuple<thrust::THRUST_200805_400200_NS::hip_rocprim::__find_if::transform_input_iterator_t<bool, thrust::THRUST_200805_400200_NS::detail::normal_iterator<thrust::THRUST_200805_400200_NS::device_ptr<chrono::fsi::sph::Real4> >, chrono::fsi::sph::check_infinite<chrono::fsi::sph::Real4> >, thrust::THRUST_200805_400200_NS::counting_iterator<long, thrust::THRUST_200805_400200_NS::use_default, thrust::THRUST_200805_400200_NS::use_default, thrust::THRUST_200805_400200_NS::use_default>, thrust::THRUST_200805_400200_NS::null_type, thrust::THRUST_200805_400200_NS::null_type, thrust::THRUST_200805_400200_NS::null_type, thrust::THRUST_200805_400200_NS::null_type, thrust::THRUST_200805_400200_NS::null_type, thrust::THRUST_200805_400200_NS::null_type, thrust::THRUST_200805_400200_NS::null_type, thrust::THRUST_200805_400200_NS::null_type> >, thrust::THRUST_200805_400200_NS::tuple<bool, long, thrust::THRUST_200805_400200_NS::null_type, thrust::THRUST_200805_400200_NS::null_type, thrust::THRUST_200805_400200_NS::null_type, thrust::THRUST_200805_400200_NS::null_type, thrust::THRUST_200805_400200_NS::null_type, thrust::THRUST_200805_400200_NS::null_type, thrust::THRUST_200805_400200_NS::null_type, thrust::THRUST_200805_400200_NS::null_type>*, thrust::THRUST_200805_400200_NS::tuple<bool, long, thrust::THRUST_200805_400200_NS::null_type, thrust::THRUST_200805_400200_NS::null_type, thrust::THRUST_200805_400200_NS::null_type, thrust::THRUST_200805_400200_NS::null_type, thrust::THRUST_200805_400200_NS::null_type, thrust::THRUST_200805_400200_NS::null_type, thrust::THRUST_200805_400200_NS::null_type, thrust::THRUST_200805_400200_NS::null_type>, thrust::THRUST_200805_400200_NS::hip_rocprim::__find_if::functor<thrust::THRUST_200805_400200_NS::tuple<bool, long, thrust::THRUST_200805_400200_NS::null_type, thrust::THRUST_200805_400200_NS::null_type, thrust::THRUST_200805_400200_NS::null_type, thrust::THRUST_200805_400200_NS::null_type, thrust::THRUST_200805_400200_NS::null_type, thrust::THRUST_200805_400200_NS::null_type, thrust::THRUST_200805_400200_NS::null_type, thrust::THRUST_200805_400200_NS::null_type> > >(void*, unsigned long&, thrust::THRUST_200805_400200_NS::zip_iterator<thrust::THRUST_200805_400200_NS::tuple<thrust::THRUST_200805_400200_NS::hip_rocprim::__find_if::transform_input_iterator_t<bool, thrust::THRUST_200805_400200_NS::detail::normal_iterator<thrust::THRUST_200805_400200_NS::device_ptr<chrono::fsi::sph::Real4> >, chrono::fsi::sph::check_infinite<chrono::fsi::sph::Real4> >, thrust::THRUST_200805_400200_NS::counting_iterator<long, thrust::THRUST_200805_400200_NS::use_default, thrust::THRUST_200805_400200_NS::use_default, thrust::THRUST_200805_400200_NS::use_default>, thrust::THRUST_200805_400200_NS::null_type, thrust::THRUST_200805_400200_NS::null_type, thrust::THRUST_200805_400200_NS::null_type, thrust::THRUST_200805_400200_NS::null_type, thrust::THRUST_200805_400200_NS::null_type, thrust::THRUST_200805_400200_NS::null_type, thrust::THRUST_200805_400200_NS::null_type, thrust::THRUST_200805_400200_NS::null_type> >, thrust::THRUST_200805_400200_NS::tuple<bool, long, thrust::THRUST_200805_400200_NS::null_type, thrust::THRUST_200805_400200_NS::null_type, thrust::THRUST_200805_400200_NS::null_type, thrust::THRUST_200805_400200_NS::null_type, thrust::THRUST_200805_400200_NS::null_type, thrust::THRUST_200805_400200_NS::null_type, thrust::THRUST_200805_400200_NS::null_type, thrust::THRUST_200805_400200_NS::null_type>*, thrust::THRUST_200805_400200_NS::tuple<bool, long, thrust::THRUST_200805_400200_NS::null_type, thrust::THRUST_200805_400200_NS::null_type, thrust::THRUST_200805_400200_NS::null_type, thrust::THRUST_200805_400200_NS::null_type, thrust::THRUST_200805_400200_NS::null_type, thrust::THRUST_200805_400200_NS::null_type, thrust::THRUST_200805_400200_NS::null_type, thrust::THRUST_200805_400200_NS::null_type>, unsigned long, thrust::THRUST_200805_400200_NS::hip_rocprim::__find_if::functor<thrust::THRUST_200805_400200_NS::tuple<bool, long, thrust::THRUST_200805_400200_NS::null_type, thrust::THRUST_200805_400200_NS::null_type, thrust::THRUST_200805_400200_NS::null_type, thrust::THRUST_200805_400200_NS::null_type, thrust::THRUST_200805_400200_NS::null_type, thrust::THRUST_200805_400200_NS::null_type, thrust::THRUST_200805_400200_NS::null_type, thrust::THRUST_200805_400200_NS::null_type> >, ihipStream_t*, bool)::{lambda(auto:1)#1})",56804,511556855,9005.648458,1.58,5920,20800,1773.524813
"void thrust::THRUST_200805_400200_NS::hip_rocprim::__parallel_for::kernel<256u, thrust::THRUST_200805_400200_NS::hip_rocprim::__fill::functor<thrust::THRUST_200805_400200_NS::detail::normal_iterator<thrust::THRUST_200805_400200_NS::device_ptr<unsigned int> >, int>, long, 1u>(thrust::THRUST_200805_400200_NS::hip_rocprim::__fill::functor<thrust::THRUST_200805_400200_NS::detail::normal_iterator<thrust::THRUST_200805_400200_NS::device_ptr<unsigned int> >, int>, long, long)",70000,442893119,6327.044557,1.37,1760,230403,12602.641068
"void thrust::THRUST_200805_400200_NS::hip_rocprim::__parallel_for::kernel<256u, thrust::THRUST_200805_400200_NS::hip_rocprim::__fill::functor<thrust::THRUST_200805_400200_NS::detail::normal_iterator<thrust::THRUST_200805_400200_NS::device_ptr<chrono::fsi::sph::Real3> >, chrono::fsi::sph::Real3>, long, 1u>(thrust::THRUST_200805_400200_NS::hip_rocprim::__fill::functor<thrust::THRUST_200805_400200_NS::detail::normal_iterator<thrust::THRUST_200805_400200_NS::device_ptr<chrono::fsi::sph::Real3> >, chrono::fsi::sph::Real3>, long, long)",63000,328250113,5210.319254,1.01,1600,15840,4958.899630
"void thrust::THRUST_200805_400200_NS::hip_rocprim::__parallel_for::kernel<256u, thrust::THRUST_200805_400200_NS::hip_rocprim::__fill::functor<thrust::THRUST_200805_400200_NS::detail::normal_iterator<thrust::THRUST_200805_400200_NS::device_ptr<chrono::fsi::sph::Real4> >, chrono::fsi::sph::Real4>, long, 1u>(thrust::THRUST_200805_400200_NS::hip_rocprim::__fill::functor<thrust::THRUST_200805_400200_NS::detail::normal_iterator<thrust::THRUST_200805_400200_NS::device_ptr<chrono::fsi::sph::Real4> >, chrono::fsi::sph::Real4>, long, long)",28000,321758040,11491.358571,0.9917,3520,29280,7541.946904
"void rocprim::ROCPRIM_400200_NS::detail::trampoline_kernel<rocprim::ROCPRIM_400200_NS::detail::wrapped_merge_sort_block_merge_config<rocprim::ROCPRIM_400200_NS::default_config, unsigned int, unsigned int>, (rocprim::ROCPRIM_400200_NS::detail::target_arch)910, rocprim::ROCPRIM_400200_NS::detail::merge_sort_block_merge_impl<rocprim::ROCPRIM_400200_NS::default_config, thrust::THRUST_200805_400200_NS::detail::normal_iterator<thrust::THRUST_200805_400200_NS::device_ptr<unsigned int> >, thrust::THRUST_200805_400200_NS::detail::normal_iterator<thrust::THRUST_200805_400200_NS::device_ptr<unsigned int> >, unsigned int, rocprim::ROCPRIM_400200_NS::detail::radix_merge_compare<false, false, unsigned int, rocprim::ROCPRIM_400200_NS::identity_decomposer> >(thrust::THRUST_200805_400200_NS::detail::normal_iterator<thrust::THRUST_200805_400200_NS::device_ptr<unsigned int> >, thrust::THRUST_200805_400200_NS::detail::normal_iterator<thrust::THRUST_200805_400200_NS::device_ptr<unsigned int> >, unsigned int, unsigned int, rocprim::ROCPRIM_400200_NS::detail::radix_merge_compare<false, false, unsigned int, rocprim::ROCPRIM_400200_NS::identity_decomposer>, ihipStream_t*, bool, std::iterator_traits<thrust::THRUST_200805_400200_NS::detail::normal_iterator<thrust::THRUST_200805_400200_NS::device_ptr<unsigned int> > >::value_type*, std::iterator_traits<thrust::THRUST_200805_400200_NS::detail::normal_iterator<thrust::THRUST_200805_400200_NS::device_ptr<unsigned int> > >::value_type*, unsigned int*, rocprim::ROCPRIM_400200_NS::detail::vsmem_t)::{lambda(auto:1, auto:2, auto:3, auto:4)#1}::operator()<thrust::THRUST_200805_400200_NS::detail::normal_iterator<thrust::THRUST_200805_400200_NS::device_ptr<unsigned int> >, unsigned int*, thrust::THRUST_200805_400200_NS::detail::normal_iterator<thrust::THRUST_200805_400200_NS::device_ptr<unsigned int> >, unsigned int*>(thrust::THRUST_200805_400200_NS::detail::normal_iterator<thrust::THRUST_200805_400200_NS::device_ptr<unsigned int> >, unsigned int*, thrust::THRUST_200805_400200_NS::detail::normal_iterator<thrust::THRUST_200805_400200_NS::device_ptr<unsigned int> >, unsigned int*) const::{lambda(auto:1)#3}, rocprim::ROCPRIM_400200_NS::detail::merge_oddeven_config_selector>(rocprim::ROCPRIM_400200_NS::detail::merge_sort_block_merge_impl<rocprim::ROCPRIM_400200_NS::default_config, thrust::THRUST_200805_400200_NS::detail::normal_iterator<thrust::THRUST_200805_400200_NS::device_ptr<unsigned int> >, thrust::THRUST_200805_400200_NS::detail::normal_iterator<thrust::THRUST_200805_400200_NS::device_ptr<unsigned int> >, unsigned int, rocprim::ROCPRIM_400200_NS::detail::radix_merge_compare<false, false, unsigned int, rocprim::ROCPRIM_400200_NS::identity_decomposer> >(thrust::THRUST_200805_400200_NS::detail::normal_iterator<thrust::THRUST_200805_400200_NS::device_ptr<unsigned int> >, thrust::THRUST_200805_400200_NS::detail::normal_iterator<thrust::THRUST_200805_400200_NS::device_ptr<unsigned int> >, unsigned int, unsigned int, rocprim::ROCPRIM_400200_NS::detail::radix_merge_compare<false, false, unsigned int, rocprim::ROCPRIM_400200_NS::identity_decomposer>, ihipStream_t*, bool, std::iterator_traits<thrust::THRUST_200805_400200_NS::detail::normal_iterator<thrust::THRUST_200805_400200_NS::device_ptr<unsigned int> > >::value_type*, std::iterator_traits<thrust::THRUST_200805_400200_NS::detail::normal_iterator<thrust::THRUST_200805_400200_NS::device_ptr<unsigned int> > >::value_type*, unsigned int*, rocprim::ROCPRIM_400200_NS::detail::vsmem_t)::{lambda(auto:1, auto:2, auto:3, auto:4)#1}::operator()<thrust::THRUST_200805_400200_NS::detail::normal_iterator<thrust::THRUST_200805_400200_NS::device_ptr<unsigned int> >, unsigned int*, thrust::THRUST_200805_400200_NS::detail::normal_iterator<thrust::THRUST_200805_400200_NS::device_ptr<unsigned int> >, unsigned int*>(thrust::THRUST_200805_400200_NS::detail::normal_iterator<thrust::THRUST_200805_400200_NS::device_ptr<unsigned int> >, unsigned int*, thrust::THRUST_200805_400200_NS::detail::normal_iterator<thrust::THRUST_200805_400200_NS::device_ptr<unsigned int> >, unsigned int*) const::{lambda(auto:1)#3})",50917,312533877,6138.104700,0.9633,4640,9600,742.455586
"void rocprim::ROCPRIM_400200_NS::detail::trampoline_kernel<rocprim::ROCPRIM_400200_NS::detail::wrapped_reduce_config<rocprim::ROCPRIM_400200_NS::default_config, thrust::THRUST_200805_400200_NS::tuple<bool, long, thrust::THRUST_200805_400200_NS::null_type, thrust::THRUST_200805_400200_NS::null_type, thrust::THRUST_200805_400200_NS::null_type, thrust::THRUST_200805_400200_NS::null_type, thrust::THRUST_200805_400200_NS::null_type, thrust::THRUST_200805_400200_NS::null_type, thrust::THRUST_200805_400200_NS::null_type, thrust::THRUST_200805_400200_NS::null_type> >, (rocprim::ROCPRIM_400200_NS::detail::target_arch)910, rocprim::ROCPRIM_400200_NS::detail::reduce_impl<true, rocprim::ROCPRIM_400200_NS::default_config, thrust::THRUST_200805_400200_NS::tuple<bool, long, thrust::THRUST_200805_400200_NS::null_type, thrust::THRUST_200805_400200_NS::null_type, thrust::THRUST_200805_400200_NS::null_type, thrust::THRUST_200805_400200_NS::null_type, thrust::THRUST_200805_400200_NS::null_type, thrust::THRUST_200805_400200_NS::null_type, thrust::THRUST_200805_400200_NS::null_type, thrust::THRUST_200805_400200_NS::null_type>*, thrust::THRUST_200805_400200_NS::tuple<bool, long, thrust::THRUST_200805_400200_NS::null_type, thrust::THRUST_200805_400200_NS::null_type, thrust::THRUST_200805_400200_NS::null_type, thrust::THRUST_200805_400200_NS::null_type, thrust::THRUST_200805_400200_NS::null_type, thrust::THRUST_200805_400200_NS::null_type, thrust::THRUST_200805_400200_NS::null_type, thrust::THRUST_200805_400200_NS::null_type>*, thrust::THRUST_200805_400200_NS::tuple<bool, long, thrust::THRUST_200805_400200_NS::null_type, thrust::THRUST_200805_400200_NS::null_type, thrust::THRUST_200805_400200_NS::null_type, thrust::THRUST_200805_400200_NS::null_type, thrust::THRUST_200805_400200_NS::null_type, thrust::THRUST_200805_400200_NS::null_type, thrust::THRUST_200805_400200_NS::null_type, thrust::THRUST_200805_400200_NS::null_type>, thrust::THRUST_200805_400200_NS::hip_rocprim::__find_if::functor<thrust::THRUST_200805_400200_NS::tuple<bool, long, thrust::THRUST_200805_400200_NS::null_type, thrust::THRUST_200805_400200_NS::null_type, thrust::THRUST_200805_400200_NS::null_type, thrust::THRUST_200805_400200_NS::null_type, thrust::THRUST_200805_400200_NS::null_type, thrust::THRUST_200805_400200_NS::null_type, thrust::THRUST_200805_400200_NS::null_type, thrust::THRUST_200805_400200_NS::null_type> > >(void*, unsigned long&, thrust::THRUST_200805_400200_NS::tuple<bool, long, thrust::THRUST_200805_400200_NS::null_type, thrust::THRUST_200805_400200_NS::null_type, thrust::THRUST_200805_400200_NS::null_type, thrust::THRUST_200805_400200_NS::null_type, thrust::THRUST_200805_400200_NS::null_type, thrust::THRUST_200805_400200_NS::null_type, thrust::THRUST_200805_400200_NS::null_type, thrust::THRUST_200805_400200_NS::null_type>*, thrust::THRUST_200805_400200_NS::tuple<bool, long, thrust::THRUST_200805_400200_NS::null_type, thrust::THRUST_200805_400200_NS::null_type, thrust::THRUST_200805_400200_NS::null_type, thrust::THRUST_200805_400200_NS::null_type, thrust::THRUST_200805_400200_NS::null_type, thrust::THRUST_200805_400200_NS::null_type, thrust::THRUST_200805_400200_NS::null_type, thrust::THRUST_200805_400200_NS::null_type>*, thrust::THRUST_200805_400200_NS::tuple<bool, long, thrust::THRUST_200805_400200_NS::null_type, thrust::THRUST_200805_400200_NS::null_type, thrust::THRUST_200805_400200_NS::null_type, thrust::THRUST_200805_400200_NS::null_type, thrust::THRUST_200805_400200_NS::null_type, thrust::THRUST_200805_400200_NS::null_type, thrust::THRUST_200805_400200_NS::null_type, thrust::THRUST_200805_400200_NS::null_type>, unsigned long, thrust::THRUST_200805_400200_NS::hip_rocprim::__find_if::functor<thrust::THRUST_200805_400200_NS::tuple<bool, long, thrust::THRUST_200805_400200_NS::null_type, thrust::THRUST_200805_400200_NS::null_type, thrust::THRUST_200805_400200_NS::null_type, thrust::THRUST_200805_400200_NS::null_type, thrust::THRUST_200805_400200_NS::null_type, thrust::THRUST_200805_400200_NS::null_type, thrust::THRUST_200805_400200_NS::null_type, thrust::THRUST_200805_400200_NS::null_type> >, ihipStream_t*, bool)::{lambda(auto:1)#9}, rocprim::ROCPRIM_400200_NS::detail::default_config_selector>(rocprim::ROCPRIM_400200_NS::detail::reduce_impl<true, rocprim::ROCPRIM_400200_NS::default_config, thrust::THRUST_200805_400200_NS::tuple<bool, long, thrust::THRUST_200805_400200_NS::null_type, thrust::THRUST_200805_400200_NS::null_type, thrust::THRUST_200805_400200_NS::null_type, thrust::THRUST_200805_400200_NS::null_type, thrust::THRUST_200805_400200_NS::null_type, thrust::THRUST_200805_400200_NS::null_type, thrust::THRUST_200805_400200_NS::null_type, thrust::THRUST_200805_400200_NS::null_type>*, thrust::THRUST_200805_400200_NS::tuple<bool, long, thrust::THRUST_200805_400200_NS::null_type, thrust::THRUST_200805_400200_NS::null_type, thrust::THRUST_200805_400200_NS::null_type, thrust::THRUST_200805_400200_NS::null_type, thrust::THRUST_200805_400200_NS::null_type, thrust::THRUST_200805_400200_NS::null_type, thrust::THRUST_200805_400200_NS::null_type, thrust::THRUST_200805_400200_NS::null_type>*, thrust::THRUST_200805_400200_NS::tuple<bool, long, thrust::THRUST_200805_400200_NS::null_type, thrust::THRUST_200805_400200_NS::null_type, thrust::THRUST_200805_400200_NS::null_type, thrust::THRUST_200805_400200_NS::null_type, thrust::THRUST_200805_400200_NS::null_type, thrust::THRUST_200805_400200_NS::null_type, thrust::THRUST_200805_400200_NS::null_type, thrust::THRUST_200805_400200_NS::null_type>, thrust::THRUST_200805_400200_NS::hip_rocprim::__find_if::functor<thrust::THRUST_200805_400200_NS::tuple<bool, long, thrust::THRUST_200805_400200_NS::null_type, thrust::THRUST_200805_400200_NS::null_type, thrust::THRUST_200805_400200_NS::null_type, thrust::THRUST_200805_400200_NS::null_type, thrust::THRUST_200805_400200_NS::null_type, thrust::THRUST_200805_400200_NS::null_type, thrust::THRUST_200805_400200_NS::null_type, thrust::THRUST_200805_400200_NS::null_type> > >(void*, unsigned long&, thrust::THRUST_200805_400200_NS::tuple<bool, long, thrust::THRUST_200805_400200_NS::null_type, thrust::THRUST_200805_400200_NS::null_type, thrust::THRUST_200805_400200_NS::null_type, thrust::THRUST_200805_400200_NS::null_type, thrust::THRUST_200805_400200_NS::null_type, thrust::THRUST_200805_400200_NS::null_type, thrust::THRUST_200805_400200_NS::null_type, thrust::THRUST_200805_400200_NS::null_type>*, thrust::THRUST_200805_400200_NS::tuple<bool, long, thrust::THRUST_200805_400200_NS::null_type, thrust::THRUST_200805_400200_NS::null_type, thrust::THRUST_200805_400200_NS::null_type, thrust::THRUST_200805_400200_NS::null_type, thrust::THRUST_200805_400200_NS::null_type, thrust::THRUST_200805_400200_NS::null_type, thrust::THRUST_200805_400200_NS::null_type, thrust::THRUST_200805_400200_NS::null_type>*, thrust::THRUST_200805_400200_NS::tuple<bool, long, thrust::THRUST_200805_400200_NS::null_type, thrust::THRUST_200805_400200_NS::null_type, thrust::THRUST_200805_400200_NS::null_type, thrust::THRUST_200805_400200_NS::null_type, thrust::THRUST_200805_400200_NS::null_type, thrust::THRUST_200805_400200_NS::null_type, thrust::THRUST_200805_400200_NS::null_type, thrust::THRUST_200805_400200_NS::null_type>, unsigned long, thrust::THRUST_200805_400200_NS::hip_rocprim::__find_if::functor<thrust::THRUST_200805_400200_NS::tuple<bool, long, thrust::THRUST_200805_400200_NS::null_type, thrust::THRUST_200805_400200_NS::null_type, thrust::THRUST_200805_400200_NS::null_type, thrust::THRUST_200805_400200_NS::null_type, thrust::THRUST_200805_400200_NS::null_type, thrust::THRUST_200805_400200_NS::null_type, thrust::THRUST_200805_400200_NS::null_type, thrust::THRUST_200805_400200_NS::null_type> >, ihipStream_t*, bool)::{lambda(auto:1)#9})",38080,262702000,6898.686975,0.8097,4000,8960,540.701495
"void rocprim::ROCPRIM_400200_NS::detail::trampoline_kernel<rocprim::ROCPRIM_400200_NS::detail::wrapped_merge_sort_block_merge_config<rocprim::ROCPRIM_400200_NS::default_config, unsigned int, unsigned int>, (rocprim::ROCPRIM_400200_NS::detail::target_arch)910, rocprim::ROCPRIM_400200_NS::detail::merge_sort_block_merge_impl<rocprim::ROCPRIM_400200_NS::default_config, thrust::THRUST_200805_400200_NS::detail::normal_iterator<thrust::THRUST_200805_400200_NS::device_ptr<unsigned int> >, thrust::THRUST_200805_400200_NS::detail::normal_iterator<thrust::THRUST_200805_400200_NS::device_ptr<unsigned int> >, unsigned int, rocprim::ROCPRIM_400200_NS::detail::radix_merge_compare<false, false, unsigned int, rocprim::ROCPRIM_400200_NS::identity_decomposer> >(thrust::THRUST_200805_400200_NS::detail::normal_iterator<thrust::THRUST_200805_400200_NS::device_ptr<unsigned int> >, thrust::THRUST_200805_400200_NS::detail::normal_iterator<thrust::THRUST_200805_400200_NS::device_ptr<unsigned int> >, unsigned int, unsigned int, rocprim::ROCPRIM_400200_NS::detail::radix_merge_compare<false, false, unsigned int, rocprim::ROCPRIM_400200_NS::identity_decomposer>, ihipStream_t*, bool, std::iterator_traits<thrust::THRUST_200805_400200_NS::detail::normal_iterator<thrust::THRUST_200805_400200_NS::device_ptr<unsigned int> > >::value_type*, std::iterator_traits<thrust::THRUST_200805_400200_NS::detail::normal_iterator<thrust::THRUST_200805_400200_NS::device_ptr<unsigned int> > >::value_type*, unsigned int*, rocprim::ROCPRIM_400200_NS::detail::vsmem_t)::{lambda(auto:1, auto:2, auto:3, auto:4)#1}::operator()<unsigned int*, thrust::THRUST_200805_400200_NS::detail::normal_iterator<thrust::THRUST_200805_400200_NS::device_ptr<unsigned int> >, unsigned int*, thrust::THRUST_200805_400200_NS::detail::normal_iterator<thrust::THRUST_200805_400200_NS::device_ptr<unsigned int> > >(unsigned int*, thrust::THRUST_200805_400200_NS::detail::normal_iterator<thrust::THRUST_200805_400200_NS::device_ptr<unsigned int> >, unsigned int*, thrust::THRUST_200805_400200_NS::detail::normal_iterator<thrust::THRUST_200805_400200_NS::device_ptr<unsigned int> >) const::{lambda(auto:1)#3}, rocprim::ROCPRIM_400200_NS::detail::merge_oddeven_config_selector>(rocprim::ROCPRIM_400200_NS::detail::merge_sort_block_merge_impl<rocprim::ROCPRIM_400200_NS::default_config, thrust::THRUST_200805_400200_NS::detail::normal_iterator<thrust::THRUST_200805_400200_NS::device_ptr<unsigned int> >, thrust::THRUST_200805_400200_NS::detail::normal_iterator<thrust::THRUST_200805_400200_NS::device_ptr<unsigned int> >, unsigned int, rocprim::ROCPRIM_400200_NS::detail::radix_merge_compare<false, false, unsigned int, rocprim::ROCPRIM_400200_NS::identity_decomposer> >(thrust::THRUST_200805_400200_NS::detail::normal_iterator<thrust::THRUST_200805_400200_NS::device_ptr<unsigned int> >, thrust::THRUST_200805_400200_NS::detail::normal_iterator<thrust::THRUST_200805_400200_NS::device_ptr<unsigned int> >, unsigned int, unsigned int, rocprim::ROCPRIM_400200_NS::detail::radix_merge_compare<false, false, unsigned int, rocprim::ROCPRIM_400200_NS::identity_decomposer>, ihipStream_t*, bool, std::iterator_traits<thrust::THRUST_200805_400200_NS::detail::normal_iterator<thrust::THRUST_200805_400200_NS::device_ptr<unsigned int> > >::value_type*, std::iterator_traits<thrust::THRUST_200805_400200_NS::detail::normal_iterator<thrust::THRUST_200805_400200_NS::device_ptr<unsigned int> > >::value_type*, unsigned int*, rocprim::ROCPRIM_400200_NS::detail::vsmem_t)::{lambda(auto:1, auto:2, auto:3, auto:4)#1}::operator()<unsigned int*, thrust::THRUST_200805_400200_NS::detail::normal_iterator<thrust::THRUST_200805_400200_NS::device_ptr<unsigned int> >, unsigned int*, thrust::THRUST_200805_400200_NS::detail::normal_iterator<thrust::THRUST_200805_400200_NS::device_ptr<unsigned int> > >(unsigned int*, thrust::THRUST_200805_400200_NS::detail::normal_iterator<thrust::THRUST_200805_400200_NS::device_ptr<unsigned int> >, unsigned int*, thrust::THRUST_200805_400200_NS::detail::normal_iterator<thrust::THRUST_200805_400200_NS::device_ptr<unsigned int> >) const::{lambda(auto:1)#3})",41397,241815402,5841.375027,0.7453,4480,8000,479.229065
"void rocprim::ROCPRIM_400200_NS::detail::trampoline_kernel<rocprim::ROCPRIM_400200_NS::detail::wrapped_radix_sort_block_sort_config<rocprim::ROCPRIM_400200_NS::kernel_config<256u, 4u, 4294967295u>, unsigned int, unsigned int>, (rocprim::ROCPRIM_400200_NS::detail::target_arch)910, rocprim::ROCPRIM_400200_NS::detail::radix_sort_block_sort<rocprim::ROCPRIM_400200_NS::kernel_config<256u, 4u, 4294967295u>, false, thrust::THRUST_200805_400200_NS::detail::normal_iterator<thrust::THRUST_200805_400200_NS::device_ptr<unsigned int> >, thrust::THRUST_200805_400200_NS::detail::normal_iterator<thrust::THRUST_200805_400200_NS::device_ptr<unsigned int> >, thrust::THRUST_200805_400200_NS::detail::normal_iterator<thrust::THRUST_200805_400200_NS::device_ptr<unsigned int> >, thrust::THRUST_200805_400200_NS::detail::normal_iterator<thrust::THRUST_200805_400200_NS::device_ptr<unsigned int> >, rocprim::ROCPRIM_400200_NS::identity_decomposer>(thrust::THRUST_200805_400200_NS::detail::normal_iterator<thrust::THRUST_200805_400200_NS::device_ptr<unsigned int> >, thrust::THRUST_200805_400200_NS::detail::normal_iterator<thrust::THRUST_200805_400200_NS::device_ptr<unsigned int> >, thrust::THRUST_200805_400200_NS::detail::normal_iterator<thrust::THRUST_200805_400200_NS::device_ptr<unsigned int> >, thrust::THRUST_200805_400200_NS::detail::normal_iterator<thrust::THRUST_200805_400200_NS::device_ptr<unsigned int> >, unsigned int, unsigned int&, rocprim::ROCPRIM_400200_NS::identity_decomposer, unsigned int, unsigned int, ihipStream_t*, bool)::{lambda(auto:1)#1}, rocprim::ROCPRIM_400200_NS::detail::radix_sort_config_selector>(rocprim::ROCPRIM_400200_NS::detail::radix_sort_block_sort<rocprim::ROCPRIM_400200_NS::kernel_config<256u, 4u, 4294967295u>, false, thrust::THRUST_200805_400200_NS::detail::normal_iterator<thrust::THRUST_200805_400200_NS::device_ptr<unsigned int> >, thrust::THRUST_200805_400200_NS::detail::normal_iterator<thrust::THRUST_200805_400200_NS::device_ptr<unsigned int> >, thrust::THRUST_200805_400200_NS::detail::normal_iterator<thrust::THRUST_200805_400200_NS::device_ptr<unsigned int> >, thrust::THRUST_200805_400200_NS::detail::normal_iterator<thrust::THRUST_200805_400200_NS::device_ptr<unsigned int> >, rocprim::ROCPRIM_400200_NS::identity_decomposer>(thrust::THRUST_200805_400200_NS::detail::normal_iterator<thrust::THRUST_200805_400200_NS::device_ptr<unsigned int> >, thrust::THRUST_200805_400200_NS::detail::normal_iterator<thrust::THRUST_200805_400200_NS::device_ptr<unsigned int> >, thrust::THRUST_200805_400200_NS::detail::normal_iterator<thrust::THRUST_200805_400200_NS::device_ptr<unsigned int> >, thrust::THRUST_200805_400200_NS::detail::normal_iterator<thrust::THRUST_200805_400200_NS::device_ptr<unsigned int> >, unsigned int, unsigned int&, rocprim::ROCPRIM_400200_NS::identity_decomposer, unsigned int, unsigned int, ihipStream_t*, bool)::{lambda(auto:1)#1})",13799,234658621,17005.480180,0.7233,14720,20640,558.930561
"void rocprim::ROCPRIM_400200_NS::detail::trampoline_kernel<rocprim::ROCPRIM_400200_NS::detail::wrapped_scan_config<rocprim::ROCPRIM_400200_NS::default_config, int>, (rocprim::ROCPRIM_400200_NS::detail::target_arch)910, rocprim::ROCPRIM_400200_NS::detail::scan_impl<(rocprim::ROCPRIM_400200_NS::detail::lookback_scan_determinism)0, true, true, rocprim::ROCPRIM_400200_NS::default_config, thrust::THRUST_200805_400200_NS::detail::normal_iterator<thrust::THRUST_200805_400200_NS::device_ptr<int> >, thrust::THRUST_200805_400200_NS::detail::normal_iterator<thrust::THRUST_200805_400200_NS::device_ptr<unsigned int> >, int, chrono::fsi::sph::ActivityScanOp, int>(void*, unsigned long&, thrust::THRUST_200805_400200_NS::detail::normal_iterator<thrust::THRUST_200805_400200_NS::device_ptr<int> >, thrust::THRUST_200805_400200_NS::detail::normal_iterator<thrust::THRUST_200805_400200_NS::device_ptr<unsigned int> >, int, unsigned long, chrono::fsi::sph::ActivityScanOp, ihipStream_t*, bool)::{lambda(auto:1, auto:2)#1}::operator()<std::integral_constant<bool, false>, std::integral_constant<bool, false> >(std::integral_constant<bool, false>, std::integral_constant<bool, false>) const::{lambda(auto:1)#1}, rocprim::ROCPRIM_400200_NS::detail::default_config_selector>(rocprim::ROCPRIM_400200_NS::detail::scan_impl<(rocprim::ROCPRIM_400200_NS::detail::lookback_scan_determinism)0, true, true, rocprim::ROCPRIM_400200_NS::default_config, thrust::THRUST_200805_400200_NS::detail::normal_iterator<thrust::THRUST_200805_400200_NS::device_ptr<int> >, thrust::THRUST_200805_400200_NS::detail::normal_iterator<thrust::THRUST_200805_400200_NS::device_ptr<unsigned int> >, int, chrono::fsi::sph::ActivityScanOp, int>(void*, unsigned long&, thrust::THRUST_200805_400200_NS::detail::normal_iterator<thrust::THRUST_200805_400200_NS::device_ptr<int> >, thrust::THRUST_200805_400200_NS::detail::normal_iterator<thrust::THRUST_200805_400200_NS::device_ptr<unsigned int> >, int, unsigned long, chrono::fsi::sph::ActivityScanOp, ihipStream_t*, bool)::{lambda(auto:1, auto:2)#1}::operator()<std::integral_constant<bool, false>, std::integral_constant<bool, false> >(std::integral_constant<bool, false>, std::integral_constant<bool, false>) const::{lambda(auto:1)#1})",14000,229056305,16361.164643,0.7060,15200,19201,320.154594
"chrono::fsi::sph::fillActiveListD(unsigned int const*, int const*, unsigned int*, unsigned int)",14000,222073748,15862.410571,0.6845,13600,21440,744.619572
"void rocprim::ROCPRIM_400200_NS::detail::trampoline_kernel<rocprim::ROCPRIM_400200_NS::detail::wrapped_scan_config<rocprim::ROCPRIM_400200_NS::default_config, unsigned int>, (rocprim::ROCPRIM_400200_NS::detail::target_arch)910, rocprim::ROCPRIM_400200_NS::detail::scan_impl<(rocprim::ROCPRIM_400200_NS::detail::lookback_scan_determinism)0, true, true, rocprim::ROCPRIM_400200_NS::default_config, thrust::THRUST_200805_400200_NS::detail::normal_iterator<thrust::THRUST_200805_400200_NS::device_ptr<unsigned int> >, thrust::THRUST_200805_400200_NS::detail::normal_iterator<thrust::THRUST_200805_400200_NS::device_ptr<unsigned int> >, unsigned int, thrust::THRUST_200805_400200_NS::plus<void>, unsigned int>(void*, unsigned long&, thrust::THRUST_200805_400200_NS::detail::normal_iterator<thrust::THRUST_200805_400200_NS::device_ptr<unsigned int> >, thrust::THRUST_200805_400200_NS::detail::normal_iterator<thrust::THRUST_200805_400200_NS::device_ptr<unsigned int> >, unsigned int, unsigned long, thrust::THRUST_200805_400200_NS::plus<void>, ihipStream_t*, bool)::{lambda(auto:1, auto:2)#1}::operator()<std::integral_constant<bool, false>, std::integral_constant<bool, false> >(std::integral_constant<bool, false>, std::integral_constant<bool, false>) const::{lambda(auto:1)#1}, rocprim::ROCPRIM_400200_NS::detail::default_config_selector>(rocprim::ROCPRIM_400200_NS::detail::scan_impl<(rocprim::ROCPRIM_400200_NS::detail::lookback_scan_determinism)0, true, true, rocprim::ROCPRIM_400200_NS::default_config, thrust::THRUST_200805_400200_NS::detail::normal_iterator<thrust::THRUST_200805_400200_NS::device_ptr<unsigned int> >, thrust::THRUST_200805_400200_NS::detail::normal_iterator<thrust::THRUST_200805_400200_NS::device_ptr<unsigned int> >, unsigned int, thrust::THRUST_200805_400200_NS::plus<void>, unsigned int>(void*, unsigned long&, thrust::THRUST_200805_400200_NS::detail::normal_iterator<thrust::THRUST_200805_400200_NS::device_ptr<unsigned int> >, thrust::THRUST_200805_400200_NS::detail::normal_iterator<thrust::THRUST_200805_400200_NS::device_ptr<unsigned int> >, unsigned int, unsigned long, thrust::THRUST_200805_400200_NS::plus<void>, ihipStream_t*, bool)::{lambda(auto:1, auto:2)#1}::operator()<std::integral_constant<bool, false>, std::integral_constant<bool, false> >(std::integral_constant<bool, false>, std::integral_constant<bool, false>) const::{lambda(auto:1)#1})",14000,213998992,15285.642286,0.6596,13280,18241,555.357766
"void thrust::THRUST_200805_400200_NS::hip_rocprim::__parallel_for::kernel<256u, thrust::THRUST_200805_400200_NS::hip_rocprim::__uninitialized_copy::functor<thrust::THRUST_200805_400200_NS::tuple<bool, long, thrust::THRUST_200805_400200_NS::null_type, thrust::THRUST_200805_400200_NS::null_type, thrust::THRUST_200805_400200_NS::null_type, thrust::THRUST_200805_400200_NS::null_type, thrust::THRUST_200805_400200_NS::null_type, thrust::THRUST_200805_400200_NS::null_type, thrust::THRUST_200805_400200_NS::null_type, thrust::THRUST_200805_400200_NS::null_type>*, thrust::THRUST_200805_400200_NS::pointer<thrust::THRUST_200805_400200_NS::tuple<bool, long, thrust::THRUST_200805_400200_NS::null_type, thrust::THRUST_200805_400200_NS::null_type, thrust::THRUST_200805_400200_NS::null_type, thrust::THRUST_200805_400200_NS::null_type, thrust::THRUST_200805_400200_NS::null_type, thrust::THRUST_200805_400200_NS::null_type, thrust::THRUST_200805_400200_NS::null_type, thrust::THRUST_200805_400200_NS::null_type>, thrust::THRUST_200805_400200_NS::hip_rocprim::tag, thrust::THRUST_200805_400200_NS::use_default, thrust::THRUST_200805_400200_NS::use_default> >, long, 1u>(thrust::THRUST_200805_400200_NS::hip_rocprim::__uninitialized_copy::functor<thrust::THRUST_200805_400200_NS::tuple<bool, long, thrust::THRUST_200805_400200_NS::null_type, thrust::THRUST_200805_400200_NS::null_type, thrust::THRUST_200805_400200_NS::null_type, thrust::THRUST_200805_400200_NS::null_type, thrust::THRUST_200805_400200_NS::null_type, thrust::THRUST_200805_400200_NS::null_type, thrust::THRUST_200805_400200_NS::null_type, thrust::THRUST_200805_400200_NS::null_type>*, thrust::THRUST_200805_400200_NS::pointer<thrust::THRUST_200805_400200_NS::tuple<bool, long, thrust::THRUST_200805_400200_NS::null_type, thrust::THRUST_200805_400200_NS::null_type, thrust::THRUST_200805_400200_NS::null_type, thrust::THRUST_200805_400200_NS::null_type, thrust::THRUST_200805_400200_NS::null_type, thrust::THRUST_200805_400200_NS::null_type, thrust::THRUST_200805_400200_NS::null_type, thrust::THRUST_200805_400200_NS::null_type>, thrust::THRUST_200805_400200_NS::hip_rocprim::tag, thrust::THRUST_200805_400200_NS::use_default, thrust::THRUST_200805_400200_NS::use_default> >, long, long)",56804,210288828,3702.007394,0.6481,1760,4961,384.040693
"void rocprim::ROCPRIM_400200_NS::detail::trampoline_kernel<rocprim::ROCPRIM_400200_NS::detail::wrapped_reduce_config<rocprim::ROCPRIM_400200_NS::default_config, thrust::THRUST_200805_400200_NS::tuple<bool, long, thrust::THRUST_200805_400200_NS::null_type, thrust::THRUST_200805_400200_NS::null_type, thrust::THRUST_200805_400200_NS::null_type, thrust::THRUST_200805_400200_NS::null_type, thrust::THRUST_200805_400200_NS::null_type, thrust::THRUST_200805_400200_NS::null_type, thrust::THRUST_200805_400200_NS::null_type, thrust::THRUST_200805_400200_NS::null_type> >, (rocprim::ROCPRIM_400200_NS::detail::target_arch)910, rocprim::ROCPRIM_400200_NS::detail::reduce_impl<true, rocprim::ROCPRIM_400200_NS::default_config, thrust::THRUST_200805_400200_NS::tuple<bool, long, thrust::THRUST_200805_400200_NS::null_type, thrust::THRUST_200805_400200_NS::null_type, thrust::THRUST_200805_400200_NS::null_type, thrust::THRUST_200805_400200_NS::null_type, thrust::THRUST_200805_400200_NS::null_type, thrust::THRUST_200805_400200_NS::null_type, thrust::THRUST_200805_400200_NS::null_type, thrust::THRUST_200805_400200_NS::null_type>*, thrust::THRUST_200805_400200_NS::tuple<bool, long, thrust::THRUST_200805_400200_NS::null_type, thrust::THRUST_200805_400200_NS::null_type, thrust::THRUST_200805_400200_NS::null_type, thrust::THRUST_200805_400200_NS::null_type, thrust::THRUST_200805_400200_NS::null_type, thrust::THRUST_200805_400200_NS::null_type, thrust::THRUST_200805_400200_NS::null_type, thrust::THRUST_200805_400200_NS::null_type>*, thrust::THRUST_200805_400200_NS::tuple<bool, long, thrust::THRUST_200805_400200_NS::null_type, thrust::THRUST_200805_400200_NS::null_type, thrust::THRUST_200805_400200_NS::null_type, thrust::THRUST_200805_400200_NS::null_type, thrust::THRUST_200805_400200_NS::null_type, thrust::THRUST_200805_400200_NS::null_type, thrust::THRUST_200805_400200_NS::null_type, thrust::THRUST_200805_400200_NS::null_type>, thrust::THRUST_200805_400200_NS::hip_rocprim::__find_if::functor<thrust::THRUST_200805_400200_NS::tuple<bool, long, thrust::THRUST_200805_400200_NS::null_type, thrust::THRUST_200805_400200_NS::null_type, thrust::THRUST_200805_400200_NS::null_type, thrust::THRUST_200805_400200_NS::null_type, thrust::THRUST_200805_400200_NS::null_type, thrust::THRUST_200805_400200_NS::null_type, thrust::THRUST_200805_400200_NS::null_type, thrust::THRUST_200805_400200_NS::null_type> > >(void*, unsigned long&, thrust::THRUST_200805_400200_NS::tuple<bool, long, thrust::THRUST_200805_400200_NS::null_type, thrust::THRUST_200805_400200_NS::null_type, thrust::THRUST_200805_400200_NS::null_type, thrust::THRUST_200805_400200_NS::null_type, thrust::THRUST_200805_400200_NS::null_type, thrust::THRUST_200805_400200_NS::null_type, thrust::THRUST_200805_400200_NS::null_type, thrust::THRUST_200805_400200_NS::null_type>*, thrust::THRUST_200805_400200_NS::tuple<bool, long, thrust::THRUST_200805_400200_NS::null_type, thrust::THRUST_200805_400200_NS::null_type, thrust::THRUST_200805_400200_NS::null_type, thrust::THRUST_200805_400200_NS::null_type, thrust::THRUST_200805_400200_NS::null_type, thrust::THRUST_200805_400200_NS::null_type, thrust::THRUST_200805_400200_NS::null_type, thrust::THRUST_200805_400200_NS::null_type>*, thrust::THRUST_200805_400200_NS::tuple<bool, long, thrust::THRUST_200805_400200_NS::null_type, thrust::THRUST_200805_400200_NS::null_type, thrust::THRUST_200805_400200_NS::null_type, thrust::THRUST_200805_400200_NS::null_type, thrust::THRUST_200805_400200_NS::null_type, thrust::THRUST_200805_400200_NS::null_type, thrust::THRUST_200805_400200_NS::null_type, thrust::THRUST_200805_400200_NS::null_type>, unsigned long, thrust::THRUST_200805_400200_NS::hip_rocprim::__find_if::functor<thrust::THRUST_200805_400200_NS::tuple<bool, long, thrust::THRUST_200805_400200_NS::null_type, thrust::THRUST_200805_400200_NS::null_type, thrust::THRUST_200805_400200_NS::null_type, thrust::THRUST_200805_400200_NS::null_type, thrust::THRUST_200805_400200_NS::null_type, thrust::THRUST_200805_400200_NS::null_type, thrust::THRUST_200805_400200_NS::null_type, thrust::THRUST_200805_400200_NS::null_type> >, ihipStream_t*, bool)::{lambda(auto:1)#8}, rocprim::ROCPRIM_400200_NS::detail::default_config_selector>(rocprim::ROCPRIM_400200_NS::detail::reduce_impl<true, rocprim::ROCPRIM_400200_NS::default_config, thrust::THRUST_200805_400200_NS::tuple<bool, long, thrust::THRUST_200805_400200_NS::null_type, thrust::THRUST_200805_400200_NS::null_type, thrust::THRUST_200805_400200_NS::null_type, thrust::THRUST_200805_400200_NS::null_type, thrust::THRUST_200805_400200_NS::null_type, thrust::THRUST_200805_400200_NS::null_type, thrust::THRUST_200805_400200_NS::null_type, thrust::THRUST_200805_400200_NS::null_type>*, thrust::THRUST_200805_400200_NS::tuple<bool, long, thrust::THRUST_200805_400200_NS::null_type, thrust::THRUST_200805_400200_NS::null_type, thrust::THRUST_200805_400200_NS::null_type, thrust::THRUST_200805_400200_NS::null_type, thrust::THRUST_200805_400200_NS::null_type, thrust::THRUST_200805_400200_NS::null_type, thrust::THRUST_200805_400200_NS::null_type, thrust::THRUST_200805_400200_NS::null_type>*, thrust::THRUST_200805_400200_NS::tuple<bool, long, thrust::THRUST_200805_400200_NS::null_type, thrust::THRUST_200805_400200_NS::null_type, thrust::THRUST_200805_400200_NS::null_type, thrust::THRUST_200805_400200_NS::null_type, thrust::THRUST_200805_400200_NS::null_type, thrust::THRUST_200805_400200_NS::null_type, thrust::THRUST_200805_400200_NS::null_type, thrust::THRUST_200805_400200_NS::null_type>, thrust::THRUST_200805_400200_NS::hip_rocprim::__find_if::functor<thrust::THRUST_200805_400200_NS::tuple<bool, long, thrust::THRUST_200805_400200_NS::null_type, thrust::THRUST_200805_400200_NS::null_type, thrust::THRUST_200805_400200_NS::null_type, thrust::THRUST_200805_400200_NS::null_type, thrust::THRUST_200805_400200_NS::null_type, thrust::THRUST_200805_400200_NS::null_type, thrust::THRUST_200805_400200_NS::null_type, thrust::THRUST_200805_400200_NS::null_type> > >(void*, unsigned long&, thrust::THRUST_200805_400200_NS::tuple<bool, long, thrust::THRUST_200805_400200_NS::null_type, thrust::THRUST_200805_400200_NS::null_type, thrust::THRUST_200805_400200_NS::null_type, thrust::THRUST_200805_400200_NS::null_type, thrust::THRUST_200805_400200_NS::null_type, thrust::THRUST_200805_400200_NS::null_type, thrust::THRUST_200805_400200_NS::null_type, thrust::THRUST_200805_400200_NS::null_type>*, thrust::THRUST_200805_400200_NS::tuple<bool, long, thrust::THRUST_200805_400200_NS::null_type, thrust::THRUST_200805_400200_NS::null_type, thrust::THRUST_200805_400200_NS::null_type, thrust::THRUST_200805_400200_NS::null_type, thrust::THRUST_200805_400200_NS::null_type, thrust::THRUST_200805_400200_NS::null_type, thrust::THRUST_200805_400200_NS::null_type, thrust::THRUST_200805_400200_NS::null_type>*, thrust::THRUST_200805_400200_NS::tuple<bool, long, thrust::THRUST_200805_400200_NS::null_type, thrust::THRUST_200805_400200_NS::null_type, thrust::THRUST_200805_400200_NS::null_type, thrust::THRUST_200805_400200_NS::null_type, thrust::THRUST_200805_400200_NS::null_type, thrust::THRUST_200805_400200_NS::null_type, thrust::THRUST_200805_400200_NS::null_type, thrust::THRUST_200805_400200_NS::null_type>, unsigned long, thrust::THRUST_200805_400200_NS::hip_rocprim::__find_if::functor<thrust::THRUST_200805_400200_NS::tuple<bool, long, thrust::THRUST_200805_400200_NS::null_type, thrust::THRUST_200805_400200_NS::null_type, thrust::THRUST_200805_400200_NS::null_type, thrust::THRUST_200805_400200_NS::null_type, thrust::THRUST_200805_400200_NS::null_type, thrust::THRUST_200805_400200_NS::null_type, thrust::THRUST_200805_400200_NS::null_type, thrust::THRUST_200805_400200_NS::null_type> >, ihipStream_t*, bool)::{lambda(auto:1)#8})",17116,122183254,7138.540196,0.3766,3680,9440,517.783630
"chrono::fsi::sph::calcHashD(unsigned int*, unsigned int*, unsigned int const*, chrono::fsi::sph::Real4 const*, chrono::fsi::sph::Real4 const*, unsigned int, bool volatile*)",14000,98422145,7030.153214,0.3034,5440,59361,4466.704186
"chrono::fsi::sph::CalcRigidBceAcceleration_D(chrono::fsi::sph::Real3*, chrono::fsi::sph::Real3 const*, unsigned int const*, chrono::fsi::sph::Real4 const*, chrono::fsi::sph::Real3 const*, chrono::fsi::sph::Real3 const*, chrono::fsi::sph::Real3 const*, unsigned int const*)",14000,90045240,6431.802857,0.2775,5440,8320,424.222881
"chrono::fsi::sph::OriginalToSortedD(unsigned int*, unsigned int*, unsigned int)",14000,84020900,6001.492857,0.2590,3520,96962,10435.157895
"chrono::fsi::sph::findCellStartEndD(unsigned int*, unsigned int*, unsigned int*, unsigned int*, unsigned int)",14000,75961684,5425.834571,0.2341,4640,19521,1651.153769
"void thrust::THRUST_200805_400200_NS::hip_rocprim::__parallel_for::kernel<256u, thrust::THRUST_200805_400200_NS::hip_rocprim::__fill::functor<thrust::THRUST_200805_400200_NS::detail::normal_iterator<thrust::THRUST_200805_400200_NS::device_ptr<float> >, float>, long, 1u>(thrust::THRUST_200805_400200_NS::hip_rocprim::__fill::functor<thrust::THRUST_200805_400200_NS::detail::normal_iterator<thrust::THRUST_200805_400200_NS::device_ptr<float> >, float>, long, long)",28000,66858411,2387.800393,0.2061,1760,10080,876.250188
"void rocprim::ROCPRIM_400200_NS::detail::init_lookback_scan_state_kernel<rocprim::ROCPRIM_400200_NS::detail::lookback_scan_state<unsigned int, false, true>, rocprim::ROCPRIM_400200_NS::detail::block_id_wrapper<unsigned int, false> >(rocprim::ROCPRIM_400200_NS::detail::lookback_scan_state<unsigned int, false, true>, unsigned int, rocprim::ROCPRIM_400200_NS::detail::block_id_wrapper<unsigned int, false>, unsigned int, rocprim::ROCPRIM_400200_NS::detail::lookback_scan_state<unsigned int, false, true>::value_type*)",14000,65992834,4713.773857,0.2034,2400,7200,140.189835
"void rocprim::ROCPRIM_400200_NS::detail::init_lookback_scan_state_kernel<rocprim::ROCPRIM_400200_NS::detail::lookback_scan_state<int, false, true>, rocprim::ROCPRIM_400200_NS::detail::block_id_wrapper<unsigned int, false> >(rocprim::ROCPRIM_400200_NS::detail::lookback_scan_state<int, false, true>, unsigned int, rocprim::ROCPRIM_400200_NS::detail::block_id_wrapper<unsigned int, false>, unsigned int, rocprim::ROCPRIM_400200_NS::detail::lookback_scan_state<int, false, true>::value_type*)",14000,64500772,4607.198000,0.1988,2560,6560,99.910802
"void rocprim::ROCPRIM_400200_NS::detail::trampoline_kernel<rocprim::ROCPRIM_400200_NS::detail::wrapped_transform_config<rocprim::ROCPRIM_400200_NS::default_config, unsigned int, false>, (rocprim::ROCPRIM_400200_NS::detail::target_arch)910, rocprim::ROCPRIM_400200_NS::detail::transform_impl<false, rocprim::ROCPRIM_400200_NS::default_config, unsigned int*, thrust::THRUST_200805_400200_NS::detail::normal_iterator<thrust::THRUST_200805_400200_NS::device_ptr<unsigned int> >, rocprim::ROCPRIM_400200_NS::identity<unsigned int> >(unsigned int*, thrust::THRUST_200805_400200_NS::detail::normal_iterator<thrust::THRUST_200805_400200_NS::device_ptr<unsigned int> >, unsigned long, rocprim::ROCPRIM_400200_NS::identity<unsigned int>, ihipStream_t*, bool)::{lambda(auto:1)#1}, rocprim::ROCPRIM_400200_NS::detail::default_config_selector>(rocprim::ROCPRIM_400200_NS::detail::transform_impl<false, rocprim::ROCPRIM_400200_NS::default_config, unsigned int*, thrust::THRUST_200805_400200_NS::detail::normal_iterator<thrust::THRUST_200805_400200_NS::device_ptr<unsigned int> >, rocprim::ROCPRIM_400200_NS::identity<unsigned int> >(unsigned int*, thrust::THRUST_200805_400200_NS::detail::normal_iterator<thrust::THRUST_200805_400200_NS::device_ptr<unsigned int> >, unsigned long, rocprim::ROCPRIM_400200_NS::identity<unsigned int>, ihipStream_t*, bool)::{lambda(auto:1)#1})",19040,57546423,3022.396166,0.1774,2080,7200,661.770491
"chrono::fsi::sph::CalcRigidForces_D(chrono::fsi::sph::Real3*, chrono::fsi::sph::Real3*, unsigned int const*, unsigned int const*, chrono::fsi::sph::Real4 const*, chrono::fsi::sph::Real4 const*, unsigned int const*, chrono::fsi::sph::Real3 const*, unsigned int const*, unsigned int, float, unsigned int)",3500,34040595,9725.884286,0.1049,8800,10880,285.089482
"void thrust::THRUST_200805_400200_NS::hip_rocprim::__parallel_for::kernel<256u, thrust::THRUST_200805_400200_NS::hip_rocprim::__uninitialized_fill::functor<thrust::THRUST_200805_400200_NS::device_ptr<chrono::fsi::sph::Real3>, chrono::fsi::sph::Real3>, unsigned long, 1u>(thrust::THRUST_200805_400200_NS::hip_rocprim::__uninitialized_fill::functor<thrust::THRUST_200805_400200_NS::device_ptr<chrono::fsi::sph::Real3>, chrono::fsi::sph::Real3>, unsigned long, unsigned long)",11322,31222943,2757.723282,0.0962,1760,21920,597.182918
"void thrust::THRUST_200805_400200_NS::hip_rocprim::__parallel_for::kernel<256u, thrust::THRUST_200805_400200_NS::hip_rocprim::__uninitialized_fill::functor<thrust::THRUST_200805_400200_NS::device_ptr<unsigned int>, unsigned int>, unsigned long, 1u>(thrust::THRUST_200805_400200_NS::hip_rocprim::__uninitialized_fill::functor<thrust::THRUST_200805_400200_NS::device_ptr<unsigned int>, unsigned int>, unsigned long, unsigned long)",9896,23488944,2373.579628,0.0724,1600,220802,2240.531080
"chrono::fsi::sph::UpdateBodyMarkerState_D(chrono::fsi::sph::Real4*, chrono::fsi::sph::Real3*, chrono::fsi::sph::Real3 const*, unsigned int const*, chrono::fsi::sph::Real3 const*, chrono::fsi::sph::Real4 const*, chrono::fsi::sph::Real3 const*, chrono::fsi::sph::Real3 const*, unsigned int const*)",3500,23018193,6576.626571,0.0709,6080,8960,262.735670
"void rocprim::ROCPRIM_400200_NS::detail::trampoline_kernel<rocprim::ROCPRIM_400200_NS::detail::wrapped_radix_sort_onesweep_config<rocprim::ROCPRIM_400200_NS::default_config, unsigned int, unsigned int>, (rocprim::ROCPRIM_400200_NS::detail::target_arch)910, rocprim::ROCPRIM_400200_NS::detail::radix_sort_onesweep_iteration<rocprim::ROCPRIM_400200_NS::default_config, false, thrust::THRUST_200805_400200_NS::detail::normal_iterator<thrust::THRUST_200805_400200_NS::device_ptr<unsigned int> >, thrust::THRUST_200805_400200_NS::detail::normal_iterator<thrust::THRUST_200805_400200_NS::device_ptr<unsigned int> >, thrust::THRUST_200805_400200_NS::detail::normal_iterator<thrust::THRUST_200805_400200_NS::device_ptr<unsigned int> >, thrust::THRUST_200805_400200_NS::detail::normal_iterator<thrust::THRUST_200805_400200_NS::device_ptr<unsigned int> >, unsigned int, rocprim::ROCPRIM_400200_NS::identity_decomposer, rocprim::ROCPRIM_400200_NS::detail::block_id_wrapper<unsigned int, false> >(thrust::THRUST_200805_400200_NS::detail::normal_iterator<thrust::THRUST_200805_400200_NS::device_ptr<unsigned int> >, std::iterator_traits<thrust::THRUST_200805_400200_NS::detail::normal_iterator<thrust::THRUST_200805_400200_NS::device_ptr<unsigned int> > >::value_type*, thrust::THRUST_200805_400200_NS::detail::normal_iterator<thrust::THRUST_200805_400200_NS::device_ptr<unsigned int> >, thrust::THRUST_200805_400200_NS::detail::normal_iterator<thrust::THRUST_200805_400200_NS::device_ptr<unsigned int> >, std::iterator_traits<thrust::THRUST_200805_400200_NS::detail::normal_iterator<thrust::THRUST_200805_400200_NS::device_ptr<unsigned int> > >::value_type*, thrust::THRUST_200805_400200_NS::detail::normal_iterator<thrust::THRUST_200805_400200_NS::device_ptr<unsigned int> >, unsigned int, unsigned int*, unsigned int*, rocprim::ROCPRIM_400200_NS::detail::onesweep_lookback_state*, bool, bool, rocprim::ROCPRIM_400200_NS::identity_decomposer, unsigned int, unsigned int, rocprim::ROCPRIM_400200_NS::detail::block_id_wrapper<unsigned int, false>, ihipStream_t*, bool)::{lambda(auto:1, auto:2, auto:3, auto:4)#1}::operator()<thrust::THRUST_200805_400200_NS::detail::normal_iterator<thrust::THRUST_200805_400200_NS::device_ptr<unsigned int> >, unsigned int*, thrust::THRUST_200805_400200_NS::detail::normal_iterator<thrust::THRUST_200805_400200_NS::device_ptr<unsigned int> >, unsigned int*>(thrust::THRUST_200805_400200_NS::detail::normal_iterator<thrust::THRUST_200805_400200_NS::device_ptr<unsigned int> >, unsigned int*, thrust::THRUST_200805_400200_NS::detail::normal_iterator<thrust::THRUST_200805_400200_NS::device_ptr<unsigned int> >, unsigned int*) const::{lambda(auto:1)#1}, rocprim::ROCPRIM_400200_NS::detail::radix_sort_onesweep_sort_config_selector>(rocprim::ROCPRIM_400200_NS::detail::radix_sort_onesweep_iteration<rocprim::ROCPRIM_400200_NS::default_config, false, thrust::THRUST_200805_400200_NS::detail::normal_iterator<thrust::THRUST_200805_400200_NS::device_ptr<unsigned int> >, thrust::THRUST_200805_400200_NS::detail::normal_iterator<thrust::THRUST_200805_400200_NS::device_ptr<unsigned int> >, thrust::THRUST_200805_400200_NS::detail::normal_iterator<thrust::THRUST_200805_400200_NS::device_ptr<unsigned int> >, thrust::THRUST_200805_400200_NS::detail::normal_iterator<thrust::THRUST_200805_400200_NS::device_ptr<unsigned int> >, unsigned int, rocprim::ROCPRIM_400200_NS::identity_decomposer, rocprim::ROCPRIM_400200_NS::detail::block_id_wrapper<unsigned int, false> >(thrust::THRUST_200805_400200_NS::detail::normal_iterator<thrust::THRUST_200805_400200_NS::device_ptr<unsigned int> >, std::iterator_traits<thrust::THRUST_200805_400200_NS::detail::normal_iterator<thrust::THRUST_200805_400200_NS::device_ptr<unsigned int> > >::value_type*, thrust::THRUST_200805_400200_NS::detail::normal_iterator<thrust::THRUST_200805_400200_NS::device_ptr<unsigned int> >, thrust::THRUST_200805_400200_NS::detail::normal_iterator<thrust::THRUST_200805_400200_NS::device_ptr<unsigned int> >, std::iterator_traits<thrust::THRUST_200805_400200_NS::detail::normal_iterator<thrust::THRUST_200805_400200_NS::device_ptr<unsigned int> > >::value_type*, thrust::THRUST_200805_400200_NS::detail::normal_iterator<thrust::THRUST_200805_400200_NS::device_ptr<unsigned int> >, unsigned int, unsigned int*, unsigned int*, rocprim::ROCPRIM_400200_NS::detail::onesweep_lookback_state*, bool, bool, rocprim::ROCPRIM_400200_NS::identity_decomposer, unsigned int, unsigned int, rocprim::ROCPRIM_400200_NS::detail::block_id_wrapper<unsigned int, false>, ihipStream_t*, bool)::{lambda(auto:1, auto:2, auto:3, auto:4)#1}::operator()<thrust::THRUST_200805_400200_NS::detail::normal_iterator<thrust::THRUST_200805_400200_NS::device_ptr<unsigned int> >, unsigned int*, thrust::THRUST_200805_400200_NS::detail::normal_iterator<thrust::THRUST_200805_400200_NS::device_ptr<unsigned int> >, unsigned int*>(thrust::THRUST_200805_400200_NS::detail::normal_iterator<thrust::THRUST_200805_400200_NS::device_ptr<unsigned int> >, unsigned int*, thrust::THRUST_200805_400200_NS::detail::normal_iterator<thrust::THRUST_200805_400200_NS::device_ptr<unsigned int> >, unsigned int*) const::{lambda(auto:1)#1})",402,22604755,56230.733831,0.0697,46720,65120,6498.727195
"void rocprim::ROCPRIM_400200_NS::detail::trampoline_kernel<rocprim::ROCPRIM_400200_NS::detail::wrapped_radix_sort_onesweep_config<rocprim::ROCPRIM_400200_NS::default_config, unsigned int, unsigned int>, (rocprim::ROCPRIM_400200_NS::detail::target_arch)910, rocprim::ROCPRIM_400200_NS::detail::radix_sort_onesweep_iteration<rocprim::ROCPRIM_400200_NS::default_config, false, thrust::THRUST_200805_400200_NS::detail::normal_iterator<thrust::THRUST_200805_400200_NS::device_ptr<unsigned int> >, thrust::THRUST_200805_400200_NS::detail::normal_iterator<thrust::THRUST_200805_400200_NS::device_ptr<unsigned int> >, thrust::THRUST_200805_400200_NS::detail::normal_iterator<thrust::THRUST_200805_400200_NS::device_ptr<unsigned int> >, thrust::THRUST_200805_400200_NS::detail::normal_iterator<thrust::THRUST_200805_400200_NS::device_ptr<unsigned int> >, unsigned int, rocprim::ROCPRIM_400200_NS::identity_decomposer, rocprim::ROCPRIM_400200_NS::detail::block_id_wrapper<unsigned int, false> >(thrust::THRUST_200805_400200_NS::detail::normal_iterator<thrust::THRUST_200805_400200_NS::device_ptr<unsigned int> >, std::iterator_traits<thrust::THRUST_200805_400200_NS::detail::normal_iterator<thrust::THRUST_200805_400200_NS::device_ptr<unsigned int> > >::value_type*, thrust::THRUST_200805_400200_NS::detail::normal_iterator<thrust::THRUST_200805_400200_NS::device_ptr<unsigned int> >, thrust::THRUST_200805_400200_NS::detail::normal_iterator<thrust::THRUST_200805_400200_NS::device_ptr<unsigned int> >, std::iterator_traits<thrust::THRUST_200805_400200_NS::detail::normal_iterator<thrust::THRUST_200805_400200_NS::device_ptr<unsigned int> > >::value_type*, thrust::THRUST_200805_400200_NS::detail::normal_iterator<thrust::THRUST_200805_400200_NS::device_ptr<unsigned int> >, unsigned int, unsigned int*, unsigned int*, rocprim::ROCPRIM_400200_NS::detail::onesweep_lookback_state*, bool, bool, rocprim::ROCPRIM_400200_NS::identity_decomposer, unsigned int, unsigned int, rocprim::ROCPRIM_400200_NS::detail::block_id_wrapper<unsigned int, false>, ihipStream_t*, bool)::{lambda(auto:1, auto:2, auto:3, auto:4)#1}::operator()<unsigned int*, thrust::THRUST_200805_400200_NS::detail::normal_iterator<thrust::THRUST_200805_400200_NS::device_ptr<unsigned int> >, unsigned int*, thrust::THRUST_200805_400200_NS::detail::normal_iterator<thrust::THRUST_200805_400200_NS::device_ptr<unsigned int> > >(unsigned int*, thrust::THRUST_200805_400200_NS::detail::normal_iterator<thrust::THRUST_200805_400200_NS::device_ptr<unsigned int> >, unsigned int*, thrust::THRUST_200805_400200_NS::detail::normal_iterator<thrust::THRUST_200805_400200_NS::device_ptr<unsigned int> >) const::{lambda(auto:1)#1}, rocprim::ROCPRIM_400200_NS::detail::radix_sort_onesweep_sort_config_selector>(rocprim::ROCPRIM_400200_NS::detail::radix_sort_onesweep_iteration<rocprim::ROCPRIM_400200_NS::default_config, false, thrust::THRUST_200805_400200_NS::detail::normal_iterator<thrust::THRUST_200805_400200_NS::device_ptr<unsigned int> >, thrust::THRUST_200805_400200_NS::detail::normal_iterator<thrust::THRUST_200805_400200_NS::device_ptr<unsigned int> >, thrust::THRUST_200805_400200_NS::detail::normal_iterator<thrust::THRUST_200805_400200_NS::device_ptr<unsigned int> >, thrust::THRUST_200805_400200_NS::detail::normal_iterator<thrust::THRUST_200805_400200_NS::device_ptr<unsigned int> >, unsigned int, rocprim::ROCPRIM_400200_NS::identity_decomposer, rocprim::ROCPRIM_400200_NS::detail::block_id_wrapper<unsigned int, false> >(thrust::THRUST_200805_400200_NS::detail::normal_iterator<thrust::THRUST_200805_400200_NS::device_ptr<unsigned int> >, std::iterator_traits<thrust::THRUST_200805_400200_NS::detail::normal_iterator<thrust::THRUST_200805_400200_NS::device_ptr<unsigned int> > >::value_type*, thrust::THRUST_200805_400200_NS::detail::normal_iterator<thrust::THRUST_200805_400200_NS::device_ptr<unsigned int> >, thrust::THRUST_200805_400200_NS::detail::normal_iterator<thrust::THRUST_200805_400200_NS::device_ptr<unsigned int> >, std::iterator_traits<thrust::THRUST_200805_400200_NS::detail::normal_iterator<thrust::THRUST_200805_400200_NS::device_ptr<unsigned int> > >::value_type*, thrust::THRUST_200805_400200_NS::detail::normal_iterator<thrust::THRUST_200805_400200_NS::device_ptr<unsigned int> >, unsigned int, unsigned int*, unsigned int*, rocprim::ROCPRIM_400200_NS::detail::onesweep_lookback_state*, bool, bool, rocprim::ROCPRIM_400200_NS::identity_decomposer, unsigned int, unsigned int, rocprim::ROCPRIM_400200_NS::detail::block_id_wrapper<unsigned int, false>, ihipStream_t*, bool)::{lambda(auto:1, auto:2, auto:3, auto:4)#1}::operator()<unsigned int*, thrust::THRUST_200805_400200_NS::detail::normal_iterator<thrust::THRUST_200805_400200_NS::device_ptr<unsigned int> >, unsigned int*, thrust::THRUST_200805_400200_NS::detail::normal_iterator<thrust::THRUST_200805_400200_NS::device_ptr<unsigned int> > >(unsigned int*, thrust::THRUST_200805_400200_NS::detail::normal_iterator<thrust::THRUST_200805_400200_NS::device_ptr<unsigned int> >, unsigned int*, thrust::THRUST_200805_400200_NS::detail::normal_iterator<thrust::THRUST_200805_400200_NS::device_ptr<unsigned int> >) const::{lambda(auto:1)#1})",402,22518691,56016.644279,0.0694,47841,67841,5117.139389
"void thrust::THRUST_200805_400200_NS::hip_rocprim::__parallel_for::kernel<256u, thrust::THRUST_200805_400200_NS::hip_rocprim::__uninitialized_fill::functor<thrust::THRUST_200805_400200_NS::device_ptr<chrono::fsi::sph::Real4>, chrono::fsi::sph::Real4>, unsigned long, 1u>(thrust::THRUST_200805_400200_NS::hip_rocprim::__uninitialized_fill::functor<thrust::THRUST_200805_400200_NS::device_ptr<chrono::fsi::sph::Real4>, chrono::fsi::sph::Real4>, unsigned long, unsigned long)",5144,14259398,2772.044712,0.0439,1760,26240,755.601012
"void rocprim::ROCPRIM_400200_NS::detail::trampoline_kernel<rocprim::ROCPRIM_400200_NS::detail::wrapped_reduce_config<rocprim::ROCPRIM_400200_NS::default_config, thrust::THRUST_200805_400200_NS::tuple<bool, long, thrust::THRUST_200805_400200_NS::null_type, thrust::THRUST_200805_400200_NS::null_type, thrust::THRUST_200805_400200_NS::null_type, thrust::THRUST_200805_400200_NS::null_type, thrust::THRUST_200805_400200_NS::null_type, thrust::THRUST_200805_400200_NS::null_type, thrust::THRUST_200805_400200_NS::null_type, thrust::THRUST_200805_400200_NS::null_type> >, (rocprim::ROCPRIM_400200_NS::detail::target_arch)910, rocprim::ROCPRIM_400200_NS::detail::reduce_impl<true, rocprim::ROCPRIM_400200_NS::default_config, thrust::THRUST_200805_400200_NS::tuple<bool, long, thrust::THRUST_200805_400200_NS::null_type, thrust::THRUST_200805_400200_NS::null_type, thrust::THRUST_200805_400200_NS::null_type, thrust::THRUST_200805_400200_NS::null_type, thrust::THRUST_200805_400200_NS::null_type, thrust::THRUST_200805_400200_NS::null_type, thrust::THRUST_200805_400200_NS::null_type, thrust::THRUST_200805_400200_NS::null_type>*, thrust::THRUST_200805_400200_NS::tuple<bool, long, thrust::THRUST_200805_400200_NS::null_type, thrust::THRUST_200805_400200_NS::null_type, thrust::THRUST_200805_400200_NS::null_type, thrust::THRUST_200805_400200_NS::null_type, thrust::THRUST_200805_400200_NS::null_type, thrust::THRUST_200805_400200_NS::null_type, thrust::THRUST_200805_400200_NS::null_type, thrust::THRUST_200805_400200_NS::null_type>*, thrust::THRUST_200805_400200_NS::tuple<bool, long, thrust::THRUST_200805_400200_NS::null_type, thrust::THRUST_200805_400200_NS::null_type, thrust::THRUST_200805_400200_NS::null_type, thrust::THRUST_200805_400200_NS::null_type, thrust::THRUST_200805_400200_NS::null_type, thrust::THRUST_200805_400200_NS::null_type, thrust::THRUST_200805_400200_NS::null_type, thrust::THRUST_200805_400200_NS::null_type>, thrust::THRUST_200805_400200_NS::hip_rocprim::__find_if::functor<thrust::THRUST_200805_400200_NS::tuple<bool, long, thrust::THRUST_200805_400200_NS::null_type, thrust::THRUST_200805_400200_NS::null_type, thrust::THRUST_200805_400200_NS::null_type, thrust::THRUST_200805_400200_NS::null_type, thrust::THRUST_200805_400200_NS::null_type, thrust::THRUST_200805_400200_NS::null_type, thrust::THRUST_200805_400200_NS::null_type, thrust::THRUST_200805_400200_NS::null_type> > >(void*, unsigned long&, thrust::THRUST_200805_400200_NS::tuple<bool, long, thrust::THRUST_200805_400200_NS::null_type, thrust::THRUST_200805_400200_NS::null_type, thrust::THRUST_200805_400200_NS::null_type, thrust::THRUST_200805_400200_NS::null_type, thrust::THRUST_200805_400200_NS::null_type, thrust::THRUST_200805_400200_NS::null_type, thrust::THRUST_200805_400200_NS::null_type, thrust::THRUST_200805_400200_NS::null_type>*, thrust::THRUST_200805_400200_NS::tuple<bool, long, thrust::THRUST_200805_400200_NS::null_type, thrust::THRUST_200805_400200_NS::null_type, thrust::THRUST_200805_400200_NS::null_type, thrust::THRUST_200805_400200_NS::null_type, thrust::THRUST_200805_400200_NS::null_type, thrust::THRUST_200805_400200_NS::null_type, thrust::THRUST_200805_400200_NS::null_type, thrust::THRUST_200805_400200_NS::null_type>*, thrust::THRUST_200805_400200_NS::tuple<bool, long, thrust::THRUST_200805_400200_NS::null_type, thrust::THRUST_200805_400200_NS::null_type, thrust::THRUST_200805_400200_NS::null_type, thrust::THRUST_200805_400200_NS::null_type, thrust::THRUST_200805_400200_NS::null_type, thrust::THRUST_200805_400200_NS::null_type, thrust::THRUST_200805_400200_NS::null_type, thrust::THRUST_200805_400200_NS::null_type>, unsigned long, thrust::THRUST_200805_400200_NS::hip_rocprim::__find_if::functor<thrust::THRUST_200805_400200_NS::tuple<bool, long, thrust::THRUST_200805_400200_NS::null_type, thrust::THRUST_200805_400200_NS::null_type, thrust::THRUST_200805_400200_NS::null_type, thrust::THRUST_200805_400200_NS::null_type, thrust::THRUST_200805_400200_NS::null_type, thrust::THRUST_200805_400200_NS::null_type, thrust::THRUST_200805_400200_NS::null_type, thrust::THRUST_200805_400200_NS::null_type> >, ihipStream_t*, bool)::{lambda(auto:1)#3}, rocprim::ROCPRIM_400200_NS::detail::default_config_selector>(rocprim::ROCPRIM_400200_NS::detail::reduce_impl<true, rocprim::ROCPRIM_400200_NS::default_config, thrust::THRUST_200805_400200_NS::tuple<bool, long, thrust::THRUST_200805_400200_NS::null_type, thrust::THRUST_200805_400200_NS::null_type, thrust::THRUST_200805_400200_NS::null_type, thrust::THRUST_200805_400200_NS::null_type, thrust::THRUST_200805_400200_NS::null_type, thrust::THRUST_200805_400200_NS::null_type, thrust::THRUST_200805_400200_NS::null_type, thrust::THRUST_200805_400200_NS::null_type>*, thrust::THRUST_200805_400200_NS::tuple<bool, long, thrust::THRUST_200805_400200_NS::null_type, thrust::THRUST_200805_400200_NS::null_type, thrust::THRUST_200805_400200_NS::null_type, thrust::THRUST_200805_400200_NS::null_type, thrust::THRUST_200805_400200_NS::null_type, thrust::THRUST_200805_400200_NS::null_type, thrust::THRUST_200805_400200_NS::null_type, thrust::THRUST_200805_400200_NS::null_type>*, thrust::THRUST_200805_400200_NS::tuple<bool, long, thrust::THRUST_200805_400200_NS::null_type, thrust::THRUST_200805_400200_NS::null_type, thrust::THRUST_200805_400200_NS::null_type, thrust::THRUST_200805_400200_NS::null_type, thrust::THRUST_200805_400200_NS::null_type, thrust::THRUST_200805_400200_NS::null_type, thrust::THRUST_200805_400200_NS::null_type, thrust::THRUST_200805_400200_NS::null_type>, thrust::THRUST_200805_400200_NS::hip_rocprim::__find_if::functor<thrust::THRUST_200805_400200_NS::tuple<bool, long, thrust::THRUST_200805_400200_NS::null_type, thrust::THRUST_200805_400200_NS::null_type, thrust::THRUST_200805_400200_NS::null_type, thrust::THRUST_200805_400200_NS::null_type, thrust::THRUST_200805_400200_NS::null_type, thrust::THRUST_200805_400200_NS::null_type, thrust::THRUST_200805_400200_NS::null_type, thrust::THRUST_200805_400200_NS::null_type> > >(void*, unsigned long&, thrust::THRUST_200805_400200_NS::tuple<bool, long, thrust::THRUST_200805_400200_NS::null_type, thrust::THRUST_200805_400200_NS::null_type, thrust::THRUST_200805_400200_NS::null_type, thrust::THRUST_200805_400200_NS::null_type, thrust::THRUST_200805_400200_NS::null_type, thrust::THRUST_200805_400200_NS::null_type, thrust::THRUST_200805_400200_NS::null_type, thrust::THRUST_200805_400200_NS::null_type>*, thrust::THRUST_200805_400200_NS::tuple<bool, long, thrust::THRUST_200805_400200_NS::null_type, thrust::THRUST_200805_400200_NS::null_type, thrust::THRUST_200805_400200_NS::null_type, thrust::THRUST_200805_400200_NS::null_type, thrust::THRUST_200805_400200_NS::null_type, thrust::THRUST_200805_400200_NS::null_type, thrust::THRUST_200805_400200_NS::null_type, thrust::THRUST_200805_400200_NS::null_type>*, thrust::THRUST_200805_400200_NS::tuple<bool, long, thrust::THRUST_200805_400200_NS::null_type, thrust::THRUST_200805_400200_NS::null_type, thrust::THRUST_200805_400200_NS::null_type, thrust::THRUST_200805_400200_NS::null_type, thrust::THRUST_200805_400200_NS::null_type, thrust::THRUST_200805_400200_NS::null_type, thrust::THRUST_200805_400200_NS::null_type, thrust::THRUST_200805_400200_NS::null_type>, unsigned long, thrust::THRUST_200805_400200_NS::hip_rocprim::__find_if::functor<thrust::THRUST_200805_400200_NS::tuple<bool, long, thrust::THRUST_200805_400200_NS::null_type, thrust::THRUST_200805_400200_NS::null_type, thrust::THRUST_200805_400200_NS::null_type, thrust::THRUST_200805_400200_NS::null_type, thrust::THRUST_200805_400200_NS::null_type, thrust::THRUST_200805_400200_NS::null_type, thrust::THRUST_200805_400200_NS::null_type, thrust::THRUST_200805_400200_NS::null_type> >, ihipStream_t*, bool)::{lambda(auto:1)#3})",1608,12374869,7695.814055,0.0381,6080,10400,1210.197434
"__amd_rocclr_fillBufferAligned",1005,4862457,4838.265672,0.0150,3521,7840,601.206882
"void thrust::THRUST_200805_400200_NS::hip_rocprim::__parallel_for::kernel<256u, thrust::THRUST_200805_400200_NS::hip_rocprim::__uninitialized_fill::functor<thrust::THRUST_200805_400200_NS::device_ptr<float>, float>, unsigned long, 1u>(thrust::THRUST_200805_400200_NS::hip_rocprim::__uninitialized_fill::functor<thrust::THRUST_200805_400200_NS::device_ptr<float>, float>, unsigned long, unsigned long)",2056,4740701,2305.788424,0.0146,1760,9600,261.605015
"void rocprim::ROCPRIM_400200_NS::detail::trampoline_kernel<rocprim::ROCPRIM_400200_NS::detail::wrapped_radix_sort_onesweep_config<rocprim::ROCPRIM_400200_NS::default_config, unsigned int, unsigned int>, (rocprim::ROCPRIM_400200_NS::detail::target_arch)910, rocprim::ROCPRIM_400200_NS::detail::radix_sort_onesweep_global_offsets<rocprim::ROCPRIM_400200_NS::default_config, false, thrust::THRUST_200805_400200_NS::detail::normal_iterator<thrust::THRUST_200805_400200_NS::device_ptr<unsigned int> >, thrust::THRUST_200805_400200_NS::detail::normal_iterator<thrust::THRUST_200805_400200_NS::device_ptr<unsigned int> >, unsigned int, rocprim::ROCPRIM_400200_NS::identity_decomposer>(thrust::THRUST_200805_400200_NS::detail::normal_iterator<thrust::THRUST_200805_400200_NS::device_ptr<unsigned int> >, thrust::THRUST_200805_400200_NS::detail::normal_iterator<thrust::THRUST_200805_400200_NS::device_ptr<unsigned int> >, unsigned int*, unsigned int, unsigned int, rocprim::ROCPRIM_400200_NS::identity_decomposer, unsigned int, unsigned int, ihipStream_t*, bool)::{lambda(auto:1)#1}, rocprim::ROCPRIM_400200_NS::detail::radix_sort_onesweep_histogram_config_selector>(rocprim::ROCPRIM_400200_NS::detail::radix_sort_onesweep_global_offsets<rocprim::ROCPRIM_400200_NS::default_config, false, thrust::THRUST_200805_400200_NS::detail::normal_iterator<thrust::THRUST_200805_400200_NS::device_ptr<unsigned int> >, thrust::THRUST_200805_400200_NS::detail::normal_iterator<thrust::THRUST_200805_400200_NS::device_ptr<unsigned int> >, unsigned int, rocprim::ROCPRIM_400200_NS::identity_decomposer>(thrust::THRUST_200805_400200_NS::detail::normal_iterator<thrust::THRUST_200805_400200_NS::device_ptr<unsigned int> >, thrust::THRUST_200805_400200_NS::detail::normal_iterator<thrust::THRUST_200805_400200_NS::device_ptr<unsigned int> >, unsigned int*, unsigned int, unsigned int, rocprim::ROCPRIM_400200_NS::identity_decomposer, unsigned int, unsigned int, ihipStream_t*, bool)::{lambda(auto:1)#1})",201,4329173,21538.174129,0.0133,20641,22561,407.568785
"void rocprim::ROCPRIM_400200_NS::detail::trampoline_kernel<rocprim::ROCPRIM_400200_NS::detail::wrapped_radix_sort_onesweep_config<rocprim::ROCPRIM_400200_NS::default_config, unsigned int, unsigned int>, (rocprim::ROCPRIM_400200_NS::detail::target_arch)910, rocprim::ROCPRIM_400200_NS::detail::radix_sort_onesweep_global_offsets<rocprim::ROCPRIM_400200_NS::default_config, false, thrust::THRUST_200805_400200_NS::detail::normal_iterator<thrust::THRUST_200805_400200_NS::device_ptr<unsigned int> >, thrust::THRUST_200805_400200_NS::detail::normal_iterator<thrust::THRUST_200805_400200_NS::device_ptr<unsigned int> >, unsigned int, rocprim::ROCPRIM_400200_NS::identity_decomposer>(thrust::THRUST_200805_400200_NS::detail::normal_iterator<thrust::THRUST_200805_400200_NS::device_ptr<unsigned int> >, thrust::THRUST_200805_400200_NS::detail::normal_iterator<thrust::THRUST_200805_400200_NS::device_ptr<unsigned int> >, unsigned int*, unsigned int, unsigned int, rocprim::ROCPRIM_400200_NS::identity_decomposer, unsigned int, unsigned int, ihipStream_t*, bool)::{lambda(auto:1)#2}, rocprim::ROCPRIM_400200_NS::detail::radix_sort_onesweep_histogram_config_selector>(rocprim::ROCPRIM_400200_NS::detail::radix_sort_onesweep_global_offsets<rocprim::ROCPRIM_400200_NS::default_config, false, thrust::THRUST_200805_400200_NS::detail::normal_iterator<thrust::THRUST_200805_400200_NS::device_ptr<unsigned int> >, thrust::THRUST_200805_400200_NS::detail::normal_iterator<thrust::THRUST_200805_400200_NS::device_ptr<unsigned int> >, unsigned int, rocprim::ROCPRIM_400200_NS::identity_decomposer>(thrust::THRUST_200805_400200_NS::detail::normal_iterator<thrust::THRUST_200805_400200_NS::device_ptr<unsigned int> >, thrust::THRUST_200805_400200_NS::detail::normal_iterator<thrust::THRUST_200805_400200_NS::device_ptr<unsigned int> >, unsigned int*, unsigned int, unsigned int, rocprim::ROCPRIM_400200_NS::identity_decomposer, unsigned int, unsigned int, ihipStream_t*, bool)::{lambda(auto:1)#2})",201,895696,4456.199005,2.761e-03,3840,4960,102.115426
"void thrust::THRUST_200805_400200_NS::hip_rocprim::__parallel_for::kernel<256u, thrust::THRUST_200805_400200_NS::hip_rocprim::__uninitialized_fill::functor<thrust::THRUST_200805_400200_NS::device_ptr<int>, int>, unsigned long, 1u>(thrust::THRUST_200805_400200_NS::hip_rocprim::__uninitialized_fill::functor<thrust::THRUST_200805_400200_NS::device_ptr<int>, int>, unsigned long, unsigned long)",3,28321,9440.333333,8.729e-05,9281,9600,159.500261
"chrono::fsi::sph::UpdateBodyMarkerStateUnsorted_D(chrono::fsi::sph::Real4*, chrono::fsi::sph::Real3*, chrono::fsi::sph::Real3 const*, unsigned int const*, chrono::fsi::sph::Real3 const*, chrono::fsi::sph::Real4 const*, chrono::fsi::sph::Real3 const*, chrono::fsi::sph::Real3 const*)",1,7200,7200.000000,2.219e-05,7200,7200,0.00000000e+00
"void thrust::THRUST_200805_400200_NS::hip_rocprim::__parallel_for::kernel<256u, thrust::THRUST_200805_400200_NS::hip_rocprim::__uninitialized_fill::functor<thrust::THRUST_200805_400200_NS::device_ptr<chrono::fsi::sph::ActiveDomain>, chrono::fsi::sph::ActiveDomain>, unsigned long, 1u>(thrust::THRUST_200805_400200_NS::hip_rocprim::__uninitialized_fill::functor<thrust::THRUST_200805_400200_NS::device_ptr<chrono::fsi::sph::ActiveDomain>, chrono::fsi::sph::ActiveDomain>, unsigned long, unsigned long)",1,3200,3200.000000,9.863e-06,3200,3200,0.00000000e+00
