local	g4_path	sha256
artifacts/traverse/offroad_vehicles_20260927/e6/picks/g241/polaris_u_grad/routes/g241_test_group_0179__G.json	e6/picks/g241/polaris_u_grad/routes/g241_test_group_0179__G.json	b6e9e0258ad95dcbf089ac45043bc2274045da7da26921c19893b0ef3bbb994f
artifacts/traverse/offroad_vehicles_20260927/e6/picks/g247/polaris_u_grad/routes/g247_test_group_0191__G.json	e6/picks/g247/polaris_u_grad/routes/g247_test_group_0191__G.json	e412451aedd08385a1c4decec56d480cd4aa1b31c592501559d719f16f45e1a8
artifacts/traverse/offroad_vehicles_20260927/e6/picks/g251/polaris_u_grad/routes/g251_test_group_0000__G.json	e6/picks/g251/polaris_u_grad/routes/g251_test_group_0000__G.json	406eff2611b50b92ab8d9b869713929073a8e7fd19fdf99df1485d612438cff2
artifacts/traverse/offroad_vehicles_20260927/e6/picks/g258/polaris_u_grad/routes/g258_test_group_0068__G.json	e6/picks/g258/polaris_u_grad/routes/g258_test_group_0068__G.json	b8dd6b0162b621509bc26286dfb7370b00a863a151741c1096331c137576e6d3
artifacts/traverse/offroad_vehicles_20260927/e6/picks/g260/polaris_u_grad/routes/g260_test_group_0171__G.json	e6/picks/g260/polaris_u_grad/routes/g260_test_group_0171__G.json	fbaf6e3d9d73e0ad362d1e15909859ab03008ebed555692dd6e2d293e75c9120
artifacts/traverse/offroad_vehicles_20260927/e6/picks/g263/polaris_u_grad/routes/g263_test_group_0070__G.json	e6/picks/g263/polaris_u_grad/routes/g263_test_group_0070__G.json	60c7b29c50766c24cf7bbb335f7767a4fe3f8c18f712336721959f8646159788
artifacts/traverse/offroad_vehicles_20260927/e6/picks/g268/polaris_u_grad/routes/g268_test_group_0098__G.json	e6/picks/g268/polaris_u_grad/routes/g268_test_group_0098__G.json	e9dda9d47d1f077911793958d31de2a28d9314aeb0b94268af14199ed8a169ff
artifacts/traverse/offroad_vehicles_20260927/e6/picks/g271/polaris_u_grad/routes/g271_test_group_0125__G.json	e6/picks/g271/polaris_u_grad/routes/g271_test_group_0125__G.json	3e923230f142b7a7524fce726521d489829a74e5b18bf3c8bbd96a280a37c901
artifacts/traverse/arena_gator_20260925/cases/test_g241/cases/g241_test_group_0179.json	ext/artifacts/traverse/arena_gator_20260925/cases/test_g241/cases/g241_test_group_0179.json	c86e101f2079ea0076f1af121e64dffc595d76292c33d67b5f6f663bb6863c91
artifacts/traverse/arena_gator_20260925/cases/test_g247/cases/g247_test_group_0191.json	ext/artifacts/traverse/arena_gator_20260925/cases/test_g247/cases/g247_test_group_0191.json	413ab7e7ab1169ae14dbacbbe4a24e55901f43413d7dffc1ca0de0b055f808da
artifacts/traverse/arena_gator_20260925/cases/test_g251/cases/g251_test_group_0000.json	ext/artifacts/traverse/arena_gator_20260925/cases/test_g251/cases/g251_test_group_0000.json	1496c3867c30611e561723d25f13a36f102b8aa6c8bfe0d6e9866f501d1451e9
artifacts/traverse/arena_gator_20260925/cases/test_g258/cases/g258_test_group_0068.json	ext/artifacts/traverse/arena_gator_20260925/cases/test_g258/cases/g258_test_group_0068.json	123f3ae86fa13583fcdd14f9fa08571c5257cda904ae865179cb9331ec93dc7d
artifacts/traverse/arena_gator_20260925/cases/test_g260/cases/g260_test_group_0171.json	ext/artifacts/traverse/arena_gator_20260925/cases/test_g260/cases/g260_test_group_0171.json	df846cf9803cb881048c7f8ebd4e67fbccc4b00c7a99ebbae2c14d51c5d5a7e3
artifacts/traverse/arena_gator_20260925/cases/test_g263/cases/g263_test_group_0070.json	ext/artifacts/traverse/arena_gator_20260925/cases/test_g263/cases/g263_test_group_0070.json	8e3899e539c420ae60a4457db39b4c792898764376945bd8a9447d5fb41b08d8
artifacts/traverse/arena_gator_20260925/cases/test_g268/cases/g268_test_group_0098.json	ext/artifacts/traverse/arena_gator_20260925/cases/test_g268/cases/g268_test_group_0098.json	f99c175df251de95606e6fb958cd5343147b117b7272b967254ec62a6e09132e
artifacts/traverse/arena_gator_20260925/cases/test_g271/cases/g271_test_group_0125.json	ext/artifacts/traverse/arena_gator_20260925/cases/test_g271/cases/g271_test_group_0125.json	f6484c05042cd50075b59a38183d5b2af92ae7a521f317a063944f668014bcb2
artifacts/traverse/arena_gator_20260925/e6/picks/crm/g241/M1a_free/routes/g241_test_group_0179__B.json	ext/artifacts/traverse/arena_gator_20260925/e6/picks/crm/g241/M1a_free/routes/g241_test_group_0179__B.json	a46ddafd01015db11b98ffc1ec6f5c177957a09696d8a263de28fb8d35ec6f8a
artifacts/traverse/arena_gator_20260925/e6/picks/crm/g247/M1a_free/routes/g247_test_group_0191__B.json	ext/artifacts/traverse/arena_gator_20260925/e6/picks/crm/g247/M1a_free/routes/g247_test_group_0191__B.json	ba1999f6faef94c0df9f44ef0e7f1c91ccd39a9fc10d5172eedc17822cb6f37c
artifacts/traverse/arena_gator_20260925/e6/picks/crm/g251/M1a_free/routes/g251_test_group_0000__B.json	ext/artifacts/traverse/arena_gator_20260925/e6/picks/crm/g251/M1a_free/routes/g251_test_group_0000__B.json	250796bffe84b35be07b0f402bb2e9f21db5cb142d89d6ad0707dd8e44a24c03
artifacts/traverse/arena_gator_20260925/e6/picks/crm/g258/M1a_free/routes/g258_test_group_0068__B.json	ext/artifacts/traverse/arena_gator_20260925/e6/picks/crm/g258/M1a_free/routes/g258_test_group_0068__B.json	37391f30dcac6a9f90590e49973d58d79a3d1d4b32c9699bf41b91e7ad3c76b5
artifacts/traverse/arena_gator_20260925/e6/picks/crm/g260/M1a_free/routes/g260_test_group_0171__B.json	ext/artifacts/traverse/arena_gator_20260925/e6/picks/crm/g260/M1a_free/routes/g260_test_group_0171__B.json	b62bd8fc5a1f808159fc2291709939c1c71d141620d38b96bcf33753c0577427
artifacts/traverse/arena_gator_20260925/e6/picks/crm/g263/M1a_free/routes/g263_test_group_0070__B.json	ext/artifacts/traverse/arena_gator_20260925/e6/picks/crm/g263/M1a_free/routes/g263_test_group_0070__B.json	f80cb7f43ca0d159bbdb80bb2bd323714751d3fcb264075242ebc0cdb153afa2
artifacts/traverse/arena_gator_20260925/e6/picks/crm/g268/M1a_free/routes/g268_test_group_0098__B.json	ext/artifacts/traverse/arena_gator_20260925/e6/picks/crm/g268/M1a_free/routes/g268_test_group_0098__B.json	f2c68c02b634fb0776fddc46f2f12bfb2c1c037351135465ae17e024ec82b7a5
artifacts/traverse/arena_gator_20260925/e6/picks/crm/g271/M1a_free/routes/g271_test_group_0125__B.json	ext/artifacts/traverse/arena_gator_20260925/e6/picks/crm/g271/M1a_free/routes/g271_test_group_0125__B.json	cde1034c0fa6b64321aafbb8cb585b6bc7e07f7d7a6ce3c1b4e5e48ad041934f
