local	g3_path	sha256
artifacts/traverse/arena_gator_20260925/cases/test_g241/cases/g241_test_group_0019.json	cases/test_g241/cases/g241_test_group_0019.json	fc2a72a01b000c6c207683f5db273b1fb7f0345af3d5c31df2e933708297fb36
artifacts/traverse/arena_gator_20260925/cases/test_g241/cases/g241_test_group_0038.json	cases/test_g241/cases/g241_test_group_0038.json	de04bc53aacd0204f00be2b1af4374d7029e6b93ed8c978e920e3340c7c80636
artifacts/traverse/arena_gator_20260925/cases/test_g241/cases/g241_test_group_0040.json	cases/test_g241/cases/g241_test_group_0040.json	a5bfd86ab229c60cbb956391216437fd6502e9f8c59b39a6ef4d58bdf167774c
artifacts/traverse/arena_gator_20260925/cases/test_g241/cases/g241_test_group_0080.json	cases/test_g241/cases/g241_test_group_0080.json	295ba0e0124e2db0cefac2c47fdfeed3f0ca732dda63c8f0537529a1e93b56c1
artifacts/traverse/arena_gator_20260925/cases/test_g241/cases/g241_test_group_0122.json	cases/test_g241/cases/g241_test_group_0122.json	926eac37f87b73fe4e147688c57d7b939ba14b63f9550fda6f2d6930d8e1d271
artifacts/traverse/arena_gator_20260925/cases/test_g241/cases/g241_test_group_0140.json	cases/test_g241/cases/g241_test_group_0140.json	e02455fab491651b07828d62d75616e920d470afcaa572d497da2716fe664856
artifacts/traverse/arena_gator_20260925/cases/test_g241/cases/g241_test_group_0154.json	cases/test_g241/cases/g241_test_group_0154.json	1358144fdbad6001ec96abd0828116a1f70e658e5d30f05cbc0537814dda6a1b
artifacts/traverse/arena_gator_20260925/cases/test_g241/cases/g241_test_group_0179.json	cases/test_g241/cases/g241_test_group_0179.json	c86e101f2079ea0076f1af121e64dffc595d76292c33d67b5f6f663bb6863c91
artifacts/traverse/arena_gator_20260925/cases/test_g241/cases/g241_test_group_0200.json	cases/test_g241/cases/g241_test_group_0200.json	91a93811195f992ab03473672934d446ae8d3b8cc02a3362cd49cc80655aefd5
artifacts/traverse/arena_gator_20260925/cases/test_g241/cases/g241_test_group_0236.json	cases/test_g241/cases/g241_test_group_0236.json	b6a239a0aacc1a842b1f0756f5cd0215069d95abef71f29e7f5ea2e5517ea58a
artifacts/traverse/arena_gator_20260925/cases/test_g241/cases/g241_test_group_0241.json	cases/test_g241/cases/g241_test_group_0241.json	73c4347a92701db71e758fed15d1f03484284e2b5e87921271a7ce78d9ca281d
artifacts/traverse/arena_gator_20260925/cases/test_g241/cases/g241_test_group_0243.json	cases/test_g241/cases/g241_test_group_0243.json	9f001ec918c4e361debfbdc1e0347613cd6b6cf981f5d0510e214b9e41b6033e
artifacts/traverse/arena_gator_20260925/cases/test_g260/cases/g260_test_group_0021.json	cases/test_g260/cases/g260_test_group_0021.json	a8e6c843c6e6ae28d78c0cb6bbcd4ca421d8a39c93eb39c4fc1aa1af1b8e6fae
artifacts/traverse/arena_gator_20260925/cases/test_g260/cases/g260_test_group_0027.json	cases/test_g260/cases/g260_test_group_0027.json	d2fb1cebf272743a61670861832b72055ec8138320b957fda7123fd98437b54c
artifacts/traverse/arena_gator_20260925/cases/test_g260/cases/g260_test_group_0033.json	cases/test_g260/cases/g260_test_group_0033.json	5969fd10f9a241375600b4c87372ba6dd0ba604cfbad7e3c5069b95f3239134e
artifacts/traverse/arena_gator_20260925/cases/test_g260/cases/g260_test_group_0046.json	cases/test_g260/cases/g260_test_group_0046.json	49e73c8722ad62433a6ae66ec70c11c5d99690ec8bdeed0e8bb7b65b1186c61e
artifacts/traverse/arena_gator_20260925/cases/test_g260/cases/g260_test_group_0064.json	cases/test_g260/cases/g260_test_group_0064.json	0f0092c4542330a12bb4beaabe1247d8062366d70d431e8efa993782e21012ca
artifacts/traverse/arena_gator_20260925/cases/test_g260/cases/g260_test_group_0066.json	cases/test_g260/cases/g260_test_group_0066.json	fb979d064a2ef5ba736d5e8fa54c0d821eeaa174dec7fbe1838874bd12122c5d
artifacts/traverse/arena_gator_20260925/cases/test_g260/cases/g260_test_group_0069.json	cases/test_g260/cases/g260_test_group_0069.json	85b26ba015958c5b94dec0d7f22a58e2ce017900649f5144f551b14374f973cc
artifacts/traverse/arena_gator_20260925/cases/test_g260/cases/g260_test_group_0078.json	cases/test_g260/cases/g260_test_group_0078.json	3b7c6bb536fa42c9146b8ff3aa4d2cfa38456b04df5b86d04f60eac0b6f122d6
artifacts/traverse/arena_gator_20260925/cases/test_g260/cases/g260_test_group_0088.json	cases/test_g260/cases/g260_test_group_0088.json	241326871bdbc8972650977bdd2c6d338065e61b7a656bd692424b01db7df65d
artifacts/traverse/arena_gator_20260925/cases/test_g260/cases/g260_test_group_0116.json	cases/test_g260/cases/g260_test_group_0116.json	c4c68ade35221c80bc8e2b0a4e0447b9fc1d513eec2787089ef2b832aa2045b1
artifacts/traverse/arena_gator_20260925/cases/test_g260/cases/g260_test_group_0125.json	cases/test_g260/cases/g260_test_group_0125.json	4019b88aa91352ade81e925d7d9c6a56ae284ea669ccdf332b84b4cbc7172561
artifacts/traverse/arena_gator_20260925/cases/test_g260/cases/g260_test_group_0166.json	cases/test_g260/cases/g260_test_group_0166.json	be6849dd6b5447e86f69ebc12c84cec4a2450c7f25d5df1144c53eba88027cb3
artifacts/traverse/arena_gator_20260925/cases/test_g260/cases/g260_test_group_0169.json	cases/test_g260/cases/g260_test_group_0169.json	7212c952bdf74cfa8a498bf3bfecf14ac33aa5dfdafb09a3a7a0bdcafb662f75
artifacts/traverse/arena_gator_20260925/cases/test_g260/cases/g260_test_group_0171.json	cases/test_g260/cases/g260_test_group_0171.json	df846cf9803cb881048c7f8ebd4e67fbccc4b00c7a99ebbae2c14d51c5d5a7e3
artifacts/traverse/arena_gator_20260925/cases/test_g260/cases/g260_test_group_0172.json	cases/test_g260/cases/g260_test_group_0172.json	5c5763d3a5e95a29a5f648946ee4b0d8a65d63d02c501995c7465e0d0d256896
artifacts/traverse/arena_gator_20260925/cases/test_g260/cases/g260_test_group_0197.json	cases/test_g260/cases/g260_test_group_0197.json	abeaabcedd7c893cfeb523350965624fd5ae3399443e3f49e1aa042c3949b22c
artifacts/traverse/arena_gator_20260925/cases/test_g260/cases/g260_test_group_0198.json	cases/test_g260/cases/g260_test_group_0198.json	cbe7c9d88169a1fb2cfd6e54e9be65c7240c5379fd739bd0be8728402376db37
artifacts/traverse/arena_gator_20260925/cases/test_g260/cases/g260_test_group_0232.json	cases/test_g260/cases/g260_test_group_0232.json	d1d7fd1f96d47057a061d0f61227745b9c71facb45a57e06152ef9ec72d3aec6
artifacts/traverse/arena_gator_20260925/cases/test_g260/cases/g260_test_group_0234.json	cases/test_g260/cases/g260_test_group_0234.json	f6d64e40d689d755d7439e26a947d12cbef883b9f874f87f6912d32029ccd71f
artifacts/traverse/arena_gator_20260925/cases/test_g260/cases/g260_test_group_0237.json	cases/test_g260/cases/g260_test_group_0237.json	a9eabf15949c7a6ffbbd8579ef9dd4ec16b25fd87eaef0ae1e4eacdc9c670b45
artifacts/traverse/arena_gator_20260925/cases/test_g271/cases/g271_test_group_0019.json	cases/test_g271/cases/g271_test_group_0019.json	0f789b932833121761f9f1c07443fa81ad93305690839ac92ec9b4e133f5e296
artifacts/traverse/arena_gator_20260925/cases/test_g271/cases/g271_test_group_0021.json	cases/test_g271/cases/g271_test_group_0021.json	d14b3db0200e06ba32ab0ca2ff9000bf4d954128546066230238533c710a56ed
artifacts/traverse/arena_gator_20260925/cases/test_g271/cases/g271_test_group_0125.json	cases/test_g271/cases/g271_test_group_0125.json	f6484c05042cd50075b59a38183d5b2af92ae7a521f317a063944f668014bcb2
artifacts/traverse/arena_gator_20260925/cases/test_g271/cases/g271_test_group_0128.json	cases/test_g271/cases/g271_test_group_0128.json	9d70b8697ad73431db69135f550895bbee34a7781578383c05d9d49bf9fca7f8
artifacts/traverse/arena_gator_20260925/cases/test_g271/cases/g271_test_group_0129.json	cases/test_g271/cases/g271_test_group_0129.json	f1610aaeacb97573133de04cc15fa463be5706f16eec25d5aec6fe65e2ed32cf
artifacts/traverse/arena_gator_20260925/cases/test_g271/cases/g271_test_group_0137.json	cases/test_g271/cases/g271_test_group_0137.json	380983a6a1685a345bb52caed5e38ca64076aa8e69def5d6898bc8d70f47f7d0
artifacts/traverse/arena_gator_20260925/cases/test_g271/cases/g271_test_group_0159.json	cases/test_g271/cases/g271_test_group_0159.json	b699f024b06ec87e4f5fee5932ebef8f79b8d6cffc261ab34afe30bea0b9ffff
artifacts/traverse/arena_gator_20260925/cases/test_g271/cases/g271_test_group_0195.json	cases/test_g271/cases/g271_test_group_0195.json	b506d102dac531d07c10ebc4b9c4f35747b5279a6a6eae51dfc0c46fafd26630
artifacts/traverse/arena_gator_20260925/cases/test_g271/cases/g271_test_group_0196.json	cases/test_g271/cases/g271_test_group_0196.json	e961aa28c0fa89e765a2c21b4f6493002a03454cbbd8508c649e4157ccbf31cb
artifacts/traverse/arena_gator_20260925/cases/test_g271/cases/g271_test_group_0203.json	cases/test_g271/cases/g271_test_group_0203.json	68e5fa6e38be4f1031d3575e7ed228696be8c381b90d5218e9476c832308142a
artifacts/traverse/arena_gator_20260925/cases/test_g271/cases/g271_test_group_0210.json	cases/test_g271/cases/g271_test_group_0210.json	88d444e2a78430f4155fc02c3b28434d051786dea14a44245e72267795a36150
artifacts/traverse/arena_gator_20260925/cases/test_g271/cases/g271_test_group_0216.json	cases/test_g271/cases/g271_test_group_0216.json	aa3a148c5fdf31e8ab4280fa1b0b78a3dd19abde6b6e849b513533444d73c741
artifacts/traverse/arena_gator_20260925/verify_e6a/picks/g241/M1b_fixed2_r1/routes/g241_test_group_0019__B.json	verify_e6a/picks/g241/M1b_fixed2_r1/routes/g241_test_group_0019__B.json	d0471097d5a1cf3cebb32404ed36bc0493051b0ab976f26f68dbd148f45c612d
artifacts/traverse/arena_gator_20260925/verify_e6a/picks/g241/M1b_fixed2_r1/routes/g241_test_group_0038__B.json	verify_e6a/picks/g241/M1b_fixed2_r1/routes/g241_test_group_0038__B.json	9ac09e5f2e5208eca16fc97663c0a5f47693d36cd5d1dc58f31179e652e3eedd
artifacts/traverse/arena_gator_20260925/verify_e6a/picks/g241/M1b_fixed2_r1/routes/g241_test_group_0040__B.json	verify_e6a/picks/g241/M1b_fixed2_r1/routes/g241_test_group_0040__B.json	ed8f7e477c7fe4a4c3906019ee04bcc65c06e4f3e9f933a680f8ee2b8dea1b91
artifacts/traverse/arena_gator_20260925/verify_e6a/picks/g241/M1b_fixed2_r1/routes/g241_test_group_0080__B.json	verify_e6a/picks/g241/M1b_fixed2_r1/routes/g241_test_group_0080__B.json	70a6e141e3922401fe51ae68e1fd333c456a5982773a820ab91d5a389e9bee75
artifacts/traverse/arena_gator_20260925/verify_e6a/picks/g241/M1b_fixed2_r1/routes/g241_test_group_0122__B.json	verify_e6a/picks/g241/M1b_fixed2_r1/routes/g241_test_group_0122__B.json	818b82087aa6e637d70a5ca1c96cfff842040446301823b9ba3601a4ad623b7e
artifacts/traverse/arena_gator_20260925/verify_e6a/picks/g241/M1b_fixed2_r1/routes/g241_test_group_0140__B.json	verify_e6a/picks/g241/M1b_fixed2_r1/routes/g241_test_group_0140__B.json	2bbf97a18c13d5389f4dbcf2a156cb47c29c7482387a2a8943366fac840f2a8e
artifacts/traverse/arena_gator_20260925/verify_e6a/picks/g241/M1b_fixed2_r1/routes/g241_test_group_0154__B.json	verify_e6a/picks/g241/M1b_fixed2_r1/routes/g241_test_group_0154__B.json	12932a6e92e4b5e955e240a0268f5547ba25fdf02f3551e7f51103454fd6307b
artifacts/traverse/arena_gator_20260925/verify_e6a/picks/g241/M1b_fixed2_r1/routes/g241_test_group_0179__B.json	verify_e6a/picks/g241/M1b_fixed2_r1/routes/g241_test_group_0179__B.json	b5143e83ff47785236931d8d787791d4619ea780f1784a72b26bddb18721c639
artifacts/traverse/arena_gator_20260925/verify_e6a/picks/g241/M1b_fixed2_r1/routes/g241_test_group_0200__B.json	verify_e6a/picks/g241/M1b_fixed2_r1/routes/g241_test_group_0200__B.json	cfc8a2b36ef5ccbf06f3341d89089e2b36343ffb4cd03e45b8ba212f86afc2cd
artifacts/traverse/arena_gator_20260925/verify_e6a/picks/g241/M1b_fixed2_r1/routes/g241_test_group_0236__B.json	verify_e6a/picks/g241/M1b_fixed2_r1/routes/g241_test_group_0236__B.json	eeb66eec0a385daa2b9233337cecc9e2dad4a468015e9de8dd750e48817f944c
artifacts/traverse/arena_gator_20260925/verify_e6a/picks/g241/M1b_fixed2_r1/routes/g241_test_group_0241__B.json	verify_e6a/picks/g241/M1b_fixed2_r1/routes/g241_test_group_0241__B.json	30d3834f65f8c2fc63a119ed327d636732ace139ce6b48a195f93d5658e3cdc1
artifacts/traverse/arena_gator_20260925/verify_e6a/picks/g241/M1b_fixed2_r1/routes/g241_test_group_0243__B.json	verify_e6a/picks/g241/M1b_fixed2_r1/routes/g241_test_group_0243__B.json	ba9fd3e8555693732426b9b6b5de0408053f4e0121fcc8d828b0f2fc72beebe3
artifacts/traverse/arena_gator_20260925/verify_e6a/picks/g260/M1a_fixed2/routes/g260_test_group_0021__B.json	verify_e6a/picks/g260/M1a_fixed2/routes/g260_test_group_0021__B.json	d69573ebe2b565bce1ad4a384c8e2679d3da830c1909d3eddaf34f350ca8d495
artifacts/traverse/arena_gator_20260925/verify_e6a/picks/g260/M1a_fixed2/routes/g260_test_group_0027__B.json	verify_e6a/picks/g260/M1a_fixed2/routes/g260_test_group_0027__B.json	06780b2ec3667f4b663d1eeb9d154c6f01916f7d6fc38733df6a22e47a7380f6
artifacts/traverse/arena_gator_20260925/verify_e6a/picks/g260/M1a_fixed2/routes/g260_test_group_0033__B.json	verify_e6a/picks/g260/M1a_fixed2/routes/g260_test_group_0033__B.json	71cc4ee4788b2340e2a48065732f29f986c407334d8304265b1c0f2becf51426
artifacts/traverse/arena_gator_20260925/verify_e6a/picks/g260/M1a_fixed2/routes/g260_test_group_0046__B.json	verify_e6a/picks/g260/M1a_fixed2/routes/g260_test_group_0046__B.json	47133b6360dadbcff13b6775f904841175a8de849438b8e8b31f5212783cebab
artifacts/traverse/arena_gator_20260925/verify_e6a/picks/g260/M1a_fixed2/routes/g260_test_group_0064__B.json	verify_e6a/picks/g260/M1a_fixed2/routes/g260_test_group_0064__B.json	7c1697f405991426a1b37035305366a4f789d9084490d8badfc32155d5aa18e5
artifacts/traverse/arena_gator_20260925/verify_e6a/picks/g260/M1a_fixed2/routes/g260_test_group_0066__B.json	verify_e6a/picks/g260/M1a_fixed2/routes/g260_test_group_0066__B.json	271a04fe14b30b9759d979d7ed58fe596cdc4a6bfd9cadf88f41d264640205a4
artifacts/traverse/arena_gator_20260925/verify_e6a/picks/g260/M1a_fixed2/routes/g260_test_group_0069__B.json	verify_e6a/picks/g260/M1a_fixed2/routes/g260_test_group_0069__B.json	8ea05a478a75aaa8bbe47e737cf003e1d9ff07ac78dfb9314c863761296e9d38
artifacts/traverse/arena_gator_20260925/verify_e6a/picks/g260/M1a_fixed2/routes/g260_test_group_0078__B.json	verify_e6a/picks/g260/M1a_fixed2/routes/g260_test_group_0078__B.json	6a0533fd06c83db402750dcd4678d8f028466440c4896bc4deed2dbbb964c3ea
artifacts/traverse/arena_gator_20260925/verify_e6a/picks/g260/M1a_fixed2/routes/g260_test_group_0088__B.json	verify_e6a/picks/g260/M1a_fixed2/routes/g260_test_group_0088__B.json	c4f94fe60838092297d579a62382461a55ff5411fb470095024a1aea4a3998f6
artifacts/traverse/arena_gator_20260925/verify_e6a/picks/g260/M1a_fixed2/routes/g260_test_group_0116__B.json	verify_e6a/picks/g260/M1a_fixed2/routes/g260_test_group_0116__B.json	05d7249009aba5b8309534a2367837117e28f6b306d4535db13bafefbec30794
artifacts/traverse/arena_gator_20260925/verify_e6a/picks/g260/M1a_fixed2/routes/g260_test_group_0125__B.json	verify_e6a/picks/g260/M1a_fixed2/routes/g260_test_group_0125__B.json	07185721955773ee126ecba5b706531959673f67aab589e8991a5c177003b90e
artifacts/traverse/arena_gator_20260925/verify_e6a/picks/g260/M1a_fixed2/routes/g260_test_group_0166__B.json	verify_e6a/picks/g260/M1a_fixed2/routes/g260_test_group_0166__B.json	80e0212ab5240c589818411c3923bdc73179d6eb82acb4d57134bd696933a004
artifacts/traverse/arena_gator_20260925/verify_e6a/picks/g260/M1a_fixed2/routes/g260_test_group_0169__B.json	verify_e6a/picks/g260/M1a_fixed2/routes/g260_test_group_0169__B.json	30c1e7c775e8aadcc919efe506c65e76fc6c157d52bc0e6b05fa3358134fab56
artifacts/traverse/arena_gator_20260925/verify_e6a/picks/g260/M1a_fixed2/routes/g260_test_group_0171__B.json	verify_e6a/picks/g260/M1a_fixed2/routes/g260_test_group_0171__B.json	dc42f32e5febd21c47f8433bf34f5263e1deacff8dbac8028e9647e63135472c
artifacts/traverse/arena_gator_20260925/verify_e6a/picks/g260/M1a_fixed2/routes/g260_test_group_0172__B.json	verify_e6a/picks/g260/M1a_fixed2/routes/g260_test_group_0172__B.json	54c98b50e9dc33f279c6d085a4f30bee074afc209f4da40338880c065eb4cdb5
artifacts/traverse/arena_gator_20260925/verify_e6a/picks/g260/M1a_fixed2/routes/g260_test_group_0197__B.json	verify_e6a/picks/g260/M1a_fixed2/routes/g260_test_group_0197__B.json	8449d6b59fc48fb1a20447491cc3511f72b52f30156059df9496dab7cd98b2c1
artifacts/traverse/arena_gator_20260925/verify_e6a/picks/g260/M1a_fixed2/routes/g260_test_group_0198__B.json	verify_e6a/picks/g260/M1a_fixed2/routes/g260_test_group_0198__B.json	5c3725503cfec1b13ed1f8726521c71add9d706b4e04d29ab6b024cdeefc1a6f
artifacts/traverse/arena_gator_20260925/verify_e6a/picks/g260/M1a_fixed2/routes/g260_test_group_0232__B.json	verify_e6a/picks/g260/M1a_fixed2/routes/g260_test_group_0232__B.json	df0b42555d94ff8e9970652c7b9b031fd62c040aaa562ac0cde9b01f0e3eed55
artifacts/traverse/arena_gator_20260925/verify_e6a/picks/g260/M1a_fixed2/routes/g260_test_group_0234__B.json	verify_e6a/picks/g260/M1a_fixed2/routes/g260_test_group_0234__B.json	7f07b1c30241cb26189e169993deefdcd48d633ffbd6ccdb8af163ad66d3be24
artifacts/traverse/arena_gator_20260925/verify_e6a/picks/g260/M1a_fixed2/routes/g260_test_group_0237__B.json	verify_e6a/picks/g260/M1a_fixed2/routes/g260_test_group_0237__B.json	690476609ceb23cc5b992006097c24fba208848a919fe98bae15384fd5cde354
artifacts/traverse/arena_gator_20260925/verify_e6a/picks/g260/M1a_free/routes/g260_test_group_0021__B.json	verify_e6a/picks/g260/M1a_free/routes/g260_test_group_0021__B.json	af213536d00c67162b1b3eb29f2e8a3f3c091c444028ef2c15ec700efe68f9ed
artifacts/traverse/arena_gator_20260925/verify_e6a/picks/g260/M1a_free/routes/g260_test_group_0027__B.json	verify_e6a/picks/g260/M1a_free/routes/g260_test_group_0027__B.json	553475f9fc59abd9ee66b5b742f33d754697d7af31383cf119b2827dee4e0ec2
artifacts/traverse/arena_gator_20260925/verify_e6a/picks/g260/M1a_free/routes/g260_test_group_0033__B.json	verify_e6a/picks/g260/M1a_free/routes/g260_test_group_0033__B.json	3a9f4bf27eec3334bc742ea1f4b8d3019196d3e334497c1824a64e3b766c6738
artifacts/traverse/arena_gator_20260925/verify_e6a/picks/g260/M1a_free/routes/g260_test_group_0046__B.json	verify_e6a/picks/g260/M1a_free/routes/g260_test_group_0046__B.json	9811361a9079bf1c308a97abe5ef6bdafd3048b27d94e258474e238d7e94e311
artifacts/traverse/arena_gator_20260925/verify_e6a/picks/g260/M1a_free/routes/g260_test_group_0064__B.json	verify_e6a/picks/g260/M1a_free/routes/g260_test_group_0064__B.json	34ebca16e04e9db11c806d8fdbbecb3a4fd06fef3797546d2d9a957d692ebca7
artifacts/traverse/arena_gator_20260925/verify_e6a/picks/g260/M1a_free/routes/g260_test_group_0066__B.json	verify_e6a/picks/g260/M1a_free/routes/g260_test_group_0066__B.json	1c82851391e235f3ee4fd538802c706c44f7503b439ab79459ab4079eaef4ff4
artifacts/traverse/arena_gator_20260925/verify_e6a/picks/g260/M1a_free/routes/g260_test_group_0069__B.json	verify_e6a/picks/g260/M1a_free/routes/g260_test_group_0069__B.json	ae466e2e6039da4ca34452b22b5d9fc074543d0372cda0780e2e4d0e2d330957
artifacts/traverse/arena_gator_20260925/verify_e6a/picks/g260/M1a_free/routes/g260_test_group_0078__B.json	verify_e6a/picks/g260/M1a_free/routes/g260_test_group_0078__B.json	83ec50983125c4eb43980ac8a94e90edf5dfdeef49b8487b5a2a536af3efe38c
artifacts/traverse/arena_gator_20260925/verify_e6a/picks/g260/M1a_free/routes/g260_test_group_0088__B.json	verify_e6a/picks/g260/M1a_free/routes/g260_test_group_0088__B.json	f1593f909c87e117a597958e06c559dbb1cefd99839851767eb2d75f101bdf51
artifacts/traverse/arena_gator_20260925/verify_e6a/picks/g260/M1a_free/routes/g260_test_group_0116__B.json	verify_e6a/picks/g260/M1a_free/routes/g260_test_group_0116__B.json	b39ec24f5ab60a186dfa9e34b74136151486ad4933c56e9cd371bb210b67bb7e
artifacts/traverse/arena_gator_20260925/verify_e6a/picks/g260/M1a_free/routes/g260_test_group_0125__B.json	verify_e6a/picks/g260/M1a_free/routes/g260_test_group_0125__B.json	42bcb081385b719b1ac5885acc25c4658d7e53a4df58ab0e53fc4f36086337e2
artifacts/traverse/arena_gator_20260925/verify_e6a/picks/g260/M1a_free/routes/g260_test_group_0166__B.json	verify_e6a/picks/g260/M1a_free/routes/g260_test_group_0166__B.json	cdbf6d2a6225331ff73a6b7ac0c59efb069b69c5216010b375dd9625a225cd34
artifacts/traverse/arena_gator_20260925/verify_e6a/picks/g260/M1a_free/routes/g260_test_group_0169__B.json	verify_e6a/picks/g260/M1a_free/routes/g260_test_group_0169__B.json	c409e9544f2ed274f621ebc3d23435c01a59b0c52261125c7dd79782b1495ee6
artifacts/traverse/arena_gator_20260925/verify_e6a/picks/g260/M1a_free/routes/g260_test_group_0171__B.json	verify_e6a/picks/g260/M1a_free/routes/g260_test_group_0171__B.json	3880721b886de5fb8da6cab5d8a9d4d088a0b989ffa7d647234c16db10fb77dc
artifacts/traverse/arena_gator_20260925/verify_e6a/picks/g260/M1a_free/routes/g260_test_group_0172__B.json	verify_e6a/picks/g260/M1a_free/routes/g260_test_group_0172__B.json	a4bac9cd0a1de2c71b5c2a8f993958011de0bec6c59c12e04f5beb0af53ea171
artifacts/traverse/arena_gator_20260925/verify_e6a/picks/g260/M1a_free/routes/g260_test_group_0197__B.json	verify_e6a/picks/g260/M1a_free/routes/g260_test_group_0197__B.json	e0ae20e958feb40c15ffb178216c652270e9e5401f77565e56885a90162d3290
artifacts/traverse/arena_gator_20260925/verify_e6a/picks/g260/M1a_free/routes/g260_test_group_0198__B.json	verify_e6a/picks/g260/M1a_free/routes/g260_test_group_0198__B.json	0a1ec843461c9d6c994bf93ae07582e9ee7e4acbad143ca3235263465271c9bf
artifacts/traverse/arena_gator_20260925/verify_e6a/picks/g260/M1a_free/routes/g260_test_group_0232__B.json	verify_e6a/picks/g260/M1a_free/routes/g260_test_group_0232__B.json	0f31b6a0c395381ed2e1f1996586bc698b3490238236228036e3375a24d9d72c
artifacts/traverse/arena_gator_20260925/verify_e6a/picks/g260/M1a_free/routes/g260_test_group_0234__B.json	verify_e6a/picks/g260/M1a_free/routes/g260_test_group_0234__B.json	23282c920b48999b76062007613800dcf00aab6d57aa4977fcb0c0dc0f6ce65f
artifacts/traverse/arena_gator_20260925/verify_e6a/picks/g260/M1a_free/routes/g260_test_group_0237__B.json	verify_e6a/picks/g260/M1a_free/routes/g260_test_group_0237__B.json	dce729180b481a5568648ab1a7bfb8f2744de249cf0ed3b0dd110abab0d535fd
artifacts/traverse/arena_gator_20260925/verify_e6a/picks/g260/straight6/routes/g260_test_group_0021__straight6.json	verify_e6a/picks/g260/straight6/routes/g260_test_group_0021__straight6.json	da5f8cc01387c647201ef4bf0be111ea6174ac2c82332f47b36cf0cffdac7083
artifacts/traverse/arena_gator_20260925/verify_e6a/picks/g260/straight6/routes/g260_test_group_0027__straight6.json	verify_e6a/picks/g260/straight6/routes/g260_test_group_0027__straight6.json	5e6e0c800f33b8d13e0237e37d832ea7f7f51c33e1e84fa3ea39b596d225557d
artifacts/traverse/arena_gator_20260925/verify_e6a/picks/g260/straight6/routes/g260_test_group_0033__straight6.json	verify_e6a/picks/g260/straight6/routes/g260_test_group_0033__straight6.json	aab26880a1da7ec23885887ee882d71cee2f5bd5b4fd67e6d2fc83168666b705
artifacts/traverse/arena_gator_20260925/verify_e6a/picks/g260/straight6/routes/g260_test_group_0046__straight6.json	verify_e6a/picks/g260/straight6/routes/g260_test_group_0046__straight6.json	a53bf7fbca185632d3389eeffbee7ba5823b93578c8bcd5eea913682e2492006
artifacts/traverse/arena_gator_20260925/verify_e6a/picks/g260/straight6/routes/g260_test_group_0064__straight6.json	verify_e6a/picks/g260/straight6/routes/g260_test_group_0064__straight6.json	e6a5fa59b3801f9c27edf71bf4440258ecaf3731443804005e886e71c96e96ba
artifacts/traverse/arena_gator_20260925/verify_e6a/picks/g260/straight6/routes/g260_test_group_0066__straight6.json	verify_e6a/picks/g260/straight6/routes/g260_test_group_0066__straight6.json	8623b8ddc6bd56708d45bdc23e7c8421cea24e0e84941cb081c6f85349fa3db5
artifacts/traverse/arena_gator_20260925/verify_e6a/picks/g260/straight6/routes/g260_test_group_0069__straight6.json	verify_e6a/picks/g260/straight6/routes/g260_test_group_0069__straight6.json	57868c9578484dbe7b8f8b53586b47b4da07f6cc1840fa1f159f18287033f242
artifacts/traverse/arena_gator_20260925/verify_e6a/picks/g260/straight6/routes/g260_test_group_0078__straight6.json	verify_e6a/picks/g260/straight6/routes/g260_test_group_0078__straight6.json	148fdbf5c6fa4c14b1a108dfd579a17e879362b62d76d796350634f41eaed9b4
artifacts/traverse/arena_gator_20260925/verify_e6a/picks/g260/straight6/routes/g260_test_group_0088__straight6.json	verify_e6a/picks/g260/straight6/routes/g260_test_group_0088__straight6.json	31c9886f03069d6d608d14a9577bec1322f2b92f85dcce7990e6215e00f2b76b
artifacts/traverse/arena_gator_20260925/verify_e6a/picks/g260/straight6/routes/g260_test_group_0116__straight6.json	verify_e6a/picks/g260/straight6/routes/g260_test_group_0116__straight6.json	0f2cfb7743a2e0c41b4a2fc34c21b411e3cc9b8148f8471f5f37dce6369d2082
artifacts/traverse/arena_gator_20260925/verify_e6a/picks/g260/straight6/routes/g260_test_group_0125__straight6.json	verify_e6a/picks/g260/straight6/routes/g260_test_group_0125__straight6.json	ee4a55930037a5a0b61a5f3a291838467eedc4ee40782e7321d7b4b8888364bf
artifacts/traverse/arena_gator_20260925/verify_e6a/picks/g260/straight6/routes/g260_test_group_0166__straight6.json	verify_e6a/picks/g260/straight6/routes/g260_test_group_0166__straight6.json	094965fa07477fe2c9918000136ab8184c50601eed38979de2644cb5d4685239
artifacts/traverse/arena_gator_20260925/verify_e6a/picks/g260/straight6/routes/g260_test_group_0169__straight6.json	verify_e6a/picks/g260/straight6/routes/g260_test_group_0169__straight6.json	8f1b369d0342a04d27db650e05ef5e455cf7c3a645ce8b0f0d06c04c8944c28c
artifacts/traverse/arena_gator_20260925/verify_e6a/picks/g260/straight6/routes/g260_test_group_0171__straight6.json	verify_e6a/picks/g260/straight6/routes/g260_test_group_0171__straight6.json	61dbc9383c587d99c8714f1c1c0f394fc3f7a1f2b202d2dd529e2fd8765acd46
artifacts/traverse/arena_gator_20260925/verify_e6a/picks/g260/straight6/routes/g260_test_group_0172__straight6.json	verify_e6a/picks/g260/straight6/routes/g260_test_group_0172__straight6.json	5d3f4adc047774210bc645cd2c7a20df3162f4e0f22f47cf880dd4fdf32d5cbc
artifacts/traverse/arena_gator_20260925/verify_e6a/picks/g260/straight6/routes/g260_test_group_0197__straight6.json	verify_e6a/picks/g260/straight6/routes/g260_test_group_0197__straight6.json	171261c941e9126b7ed39a03d4f235d7243d1b164e74fd92bb1e5105705d55d8
artifacts/traverse/arena_gator_20260925/verify_e6a/picks/g260/straight6/routes/g260_test_group_0198__straight6.json	verify_e6a/picks/g260/straight6/routes/g260_test_group_0198__straight6.json	997dd0ba6c559038f93213e3630e8b593176a81349280fd30567dc7edb23db8a
artifacts/traverse/arena_gator_20260925/verify_e6a/picks/g260/straight6/routes/g260_test_group_0232__straight6.json	verify_e6a/picks/g260/straight6/routes/g260_test_group_0232__straight6.json	43480ceb88e21e7647272946d8c2ab18224954c7b85b809047f2980729b801cd
artifacts/traverse/arena_gator_20260925/verify_e6a/picks/g260/straight6/routes/g260_test_group_0234__straight6.json	verify_e6a/picks/g260/straight6/routes/g260_test_group_0234__straight6.json	264328841146897c429f1027ff3b1d1c2b2108f1e7649cf24e51ea6211e98888
artifacts/traverse/arena_gator_20260925/verify_e6a/picks/g260/straight6/routes/g260_test_group_0237__straight6.json	verify_e6a/picks/g260/straight6/routes/g260_test_group_0237__straight6.json	11828f237758443ea23d6a03d601cbff78f3928188ce32f5c08dc54954ea610f
artifacts/traverse/arena_gator_20260925/verify_e6a/picks/g271/M1b_free_r1/routes/g271_test_group_0019__B.json	verify_e6a/picks/g271/M1b_free_r1/routes/g271_test_group_0019__B.json	c5358504429ee9fc22b95dea14d6d0f4755342967aaf1f9edea9d2a483f59145
artifacts/traverse/arena_gator_20260925/verify_e6a/picks/g271/M1b_free_r1/routes/g271_test_group_0021__B.json	verify_e6a/picks/g271/M1b_free_r1/routes/g271_test_group_0021__B.json	2f14894eec2f4c11685f517c8ee13845d5829b380cc5c77c1714fef143441de1
artifacts/traverse/arena_gator_20260925/verify_e6a/picks/g271/M1b_free_r1/routes/g271_test_group_0125__B.json	verify_e6a/picks/g271/M1b_free_r1/routes/g271_test_group_0125__B.json	aa642ae72498b1a79cd5f63ab3ffb9f2c4a87cc988da72e7c922d54a885fd4af
artifacts/traverse/arena_gator_20260925/verify_e6a/picks/g271/M1b_free_r1/routes/g271_test_group_0128__B.json	verify_e6a/picks/g271/M1b_free_r1/routes/g271_test_group_0128__B.json	f8ee54c39b22442e35e89b5209a98fc01be2b13aaacb1988461347876857ea8a
artifacts/traverse/arena_gator_20260925/verify_e6a/picks/g271/M1b_free_r1/routes/g271_test_group_0129__B.json	verify_e6a/picks/g271/M1b_free_r1/routes/g271_test_group_0129__B.json	ce833db020b7f81b9fbf59a05da6cd612d87dca5d37e4fa7b39a1859d6f3cd8c
artifacts/traverse/arena_gator_20260925/verify_e6a/picks/g271/M1b_free_r1/routes/g271_test_group_0137__B.json	verify_e6a/picks/g271/M1b_free_r1/routes/g271_test_group_0137__B.json	bc813eb9befc9c27c4e2bcb5ed5fed958e8cadb23ae8ddabc0c2c17210b4fc3a
artifacts/traverse/arena_gator_20260925/verify_e6a/picks/g271/M1b_free_r1/routes/g271_test_group_0159__B.json	verify_e6a/picks/g271/M1b_free_r1/routes/g271_test_group_0159__B.json	7c60d279cc7c74699158a58b94dc686bd3377751a2ba104f1a73b1161e1932f4
artifacts/traverse/arena_gator_20260925/verify_e6a/picks/g271/M1b_free_r1/routes/g271_test_group_0195__B.json	verify_e6a/picks/g271/M1b_free_r1/routes/g271_test_group_0195__B.json	90e1c4a7dac0bce411764c86a551b903baa9e371f772606858f22916b7bff073
artifacts/traverse/arena_gator_20260925/verify_e6a/picks/g271/M1b_free_r1/routes/g271_test_group_0196__B.json	verify_e6a/picks/g271/M1b_free_r1/routes/g271_test_group_0196__B.json	c075ac297e94ed476677fee42dbeb26c55dad4a27acb6eec458387e9fabf0de0
artifacts/traverse/arena_gator_20260925/verify_e6a/picks/g271/M1b_free_r1/routes/g271_test_group_0203__B.json	verify_e6a/picks/g271/M1b_free_r1/routes/g271_test_group_0203__B.json	030ff2c56a825a4827188580a39d158a77edf268ea05b1977faa990e5606942d
artifacts/traverse/arena_gator_20260925/verify_e6a/picks/g271/M1b_free_r1/routes/g271_test_group_0210__B.json	verify_e6a/picks/g271/M1b_free_r1/routes/g271_test_group_0210__B.json	d79d858d5e7ea19fd822488723479c186ac30fab0dd4fdefcca1668a365c19a5
artifacts/traverse/arena_gator_20260925/verify_e6a/picks/g271/M1b_free_r1/routes/g271_test_group_0216__B.json	verify_e6a/picks/g271/M1b_free_r1/routes/g271_test_group_0216__B.json	188236ab3b6b94b5c2f5e708566e03257e61c4c19d342916ef22349e5dea24ff
