trial_id,role,family_index,offset_m,cruise_mps,allowed_by_predicted_risk,cost,unfiltered_cost,estimated_time_to_goal_s,predicted_horizon_work_kj,estimated_route_work_kj,energy_cost_s,contact_probability,low_progress_probability,rollover_probability,predicted_peak_roll_deg,predicted_peak_pitch_deg,attitude_cost_s,predicted_goal_progress_m,contact_cost_s,bounded_cost_s,rollover_cost_s,progress_cost_s,prior_fixed_reference,prior_safe_goal,reference_arrays_exact,reference_waypoint_max_abs_difference_m,prior_outcome_is_same_policy_counterfactual
diverse_v1_test_rolling_hills_00_selected_rgbd_time,final_refined,,,,True,45.47749256429667,45.47749256429667,42.98105054743223,197.73207092285156,708.2276779319616,0.0,0.12749335169792175,0.017156772315502167,0.0008866293937899172,8.507380485534668,4.495046138763428,0.0,62.889608026498394,7.649601101875305,1.02940633893013,0.10639552725479007,-6.288960802649839,family_02,False,False,0.6823180724509319,False
diverse_v1_test_rolling_hills_00_selected_rgbd_time,sibling,0,0.0,2.0,True,118.26054533261002,118.26054533261002,119.24711885577909,143.21815490722656,1423.1960283772858,0.0,0.016404494643211365,0.004860793240368366,3.56846212525852e-05,7.362552642822266,4.8821702003479,0.0,22.667729396165015,0.9842696785926819,0.291647594422102,0.004282154550310224,-2.2667729396165015,family_00,False,True,0.0,False
diverse_v1_test_rolling_hills_00_selected_rgbd_time,sibling,1,0.0,2.0,True,118.2602116749196,118.2602116749196,119.24696314924469,143.20962524414062,1423.1094086754317,0.0,0.0164021085947752,0.004860257729887962,3.5687171475728974e-05,7.3616943359375,4.882569313049316,0.0,22.667758994516987,0.984126515686512,0.29161546379327774,0.004282460577087477,-2.266775899451699,family_00,False,False,0.004695408939465295,False
diverse_v1_test_rolling_hills_00_selected_rgbd_time,sibling,2,0.0,4.0,True,62.914294635582834,62.914294635582834,63.4100636339398,170.69578552246094,901.9858851687156,0.0,0.05242667719721794,0.010120021179318428,0.00011880280362674966,8.873147964477539,3.7510228157043457,0.0,42.62827170620173,3.1456006318330765,0.6072012707591057,0.01425633643520996,-4.262827170620173,family_01,False,False,0.004695408939465295,False
diverse_v1_test_rolling_hills_00_selected_rgbd_time,selected_parent,3,0.0,6.0,True,45.555277287739585,45.555277287739585,42.98273913617345,197.80453491210938,708.5150603399427,0.0,0.1284710317850113,0.017431193962693214,0.0008926525479182601,8.513846397399902,4.492390155792236,0.0,62.88713739093194,7.7082619071006775,1.0458716377615929,0.10711830575019121,-6.288713739093194,family_02,False,False,0.004695408939465295,False
diverse_v1_test_rolling_hills_00_selected_rgbd_time,sibling,4,-22.0,2.0,True,118.60122045088617,118.60122045088617,119.75083403557018,149.9789581298828,1496.6754436532772,0.0,0.014128356240689754,0.004267085809260607,3.24832035403233e-05,7.374817848205566,5.205599784851074,0.0,22.572380754293732,0.8477013744413853,0.2560251485556364,0.0038979844248387963,-2.2572380754293735,family_03,False,False,0.004688935228863045,False
diverse_v1_test_rolling_hills_00_selected_rgbd_time,sibling,5,-22.0,4.0,True,63.56216942893779,63.56216942893779,63.37565584227135,196.4622802734375,1037.5771550497693,0.0,0.06269479542970657,0.011155564337968826,0.00017194576503243297,6.856403350830078,4.712575435638428,0.0,42.65141536716365,3.7616877257823944,0.6693338602781296,0.020633491803891957,-4.265141536716365,family_04,False,False,0.004688935228863045,False
diverse_v1_test_rolling_hills_00_selected_rgbd_time,sibling,6,-22.0,6.0,True,49.28890501280776,49.28890501280776,45.53728160075196,242.89984130859375,921.7498728706163,0.0,0.1418933868408203,0.017990581691265106,0.0007876325398683548,9.568625450134277,4.353954792022705,0.0,59.35930574851204,8.513603210449219,1.0794349014759064,0.09451590478420258,-5.935930574851205,family_05,False,False,0.004688935228863045,False
diverse_v1_test_rolling_hills_00_selected_rgbd_time,sibling,7,22.0,2.0,True,120.7102348248477,120.7102348248477,121.66411438614206,145.83042907714844,1478.5275003518636,0.0,0.015833936631679535,0.005232369527220726,3.235860276618041e-05,7.686659336090088,4.876758575439453,0.0,22.2174092593651,0.9500361979007721,0.31394217163324356,0.0038830323319416493,-2.2217409259365097,family_06,False,False,0.004701882650067546,False
diverse_v1_test_rolling_hills_00_selected_rgbd_time,sibling,8,22.0,4.0,True,64.15260787691284,64.15260787691284,65.16260926762126,159.29798889160156,865.0227172717755,0.0,0.042966391891241074,0.009118556044995785,0.0001090020450646989,8.615950584411621,3.944228172302246,0.0,41.48178613280692,2.5779835134744644,0.5471133626997471,0.013080245407763869,-4.148178613280692,family_07,False,False,0.004701882650067546,False
diverse_v1_test_rolling_hills_00_selected_rgbd_time,sibling,9,22.0,6.0,False,,67.69987503769102,46.985778948996966,197.37518310546875,772.818893617613,0.0,0.39317238330841064,0.045726798474788666,0.001108998549170792,9.020264625549316,2.9589545726776123,0.0,57.52935211373847,23.59034299850464,2.74360790848732,0.13307982590049505,-5.752935211373847,family_08,False,False,0.004701882650067546,False
diverse_v1_test_rolling_hills_00_selected_rgbd_time,sibling,10,-44.0,2.0,True,121.87149958687012,121.87149958687012,123.18704913589583,168.22171020507812,1726.894673396449,0.0,0.010784465819597244,0.0038117696531116962,2.4586091967648827e-05,7.758931636810303,5.745188236236572,0.0,21.942740251154163,0.6470679491758347,0.22870617918670177,0.002950331036117859,-2.1942740251154165,family_09,True,False,0.004682498454727124,False
diverse_v1_test_rolling_hills_00_selected_rgbd_time,sibling,11,-44.0,4.0,True,64.97099641032403,64.97099641032403,66.99834512397825,210.17144775390625,1173.428265985198,0.0,0.02753269486129284,0.005663628689944744,0.00012826293823309243,6.4177327156066895,6.161585807800293,0.0,40.34519683274564,1.6519616916775703,0.33981772139668465,0.015391552587971091,-4.0345196832745644,family_10,True,False,0.004682498454727124,False
diverse_v1_test_rolling_hills_00_selected_rgbd_time,sibling,12,-44.0,6.0,True,45.83630214792093,45.83630214792093,47.1208168177292,264.7664794921875,1039.6677316355351,0.0,0.06271253526210785,0.009697332978248596,0.0008945155423134565,5.88932466506958,7.016005516052246,0.0,57.3644856783998,3.762752115726471,0.5818399786949158,0.10734186507761478,-5.736448567839981,family_11,True,False,0.004682498454727124,False
diverse_v1_test_rolling_hills_00_selected_rgbd_time,sibling,13,44.0,2.0,True,124.83161463594458,124.83161463594458,125.92045254756991,157.30075073242188,1650.6151431915875,0.0,0.012216473929584026,0.005368508398532867,2.2543725208379328e-05,8.374239921569824,5.181962966918945,0.0,21.46642079827319,0.7329884357750416,0.32211050391197205,0.0027052470250055194,-2.1466420798273194,family_12,True,False,0.0047083563606697965,False
diverse_v1_test_rolling_hills_00_selected_rgbd_time,sibling,14,44.0,4.0,True,68.55923585599926,68.55923585599926,69.8537379482074,170.73243713378906,993.8582435668743,0.0,0.033943623304367065,0.008792197331786156,9.125377255259082e-05,8.174322128295898,4.328824043273926,0.0,38.69601686167883,2.036617398262024,0.5275318399071693,0.010950452706310898,-3.869601686167883,family_13,True,False,0.0047083563606697965,False
diverse_v1_test_rolling_hills_00_selected_rgbd_time,sibling,15,44.0,6.0,True,49.349798769401126,49.349798769401126,49.74411775001943,197.9618682861328,820.6198738366023,0.0,0.0697721466422081,0.013386089354753494,0.00041765443165786564,8.478894233703613,4.708717346191406,0.0,54.33931776775901,4.186328798532486,0.8031653612852097,0.05011853179894388,-5.433931776775902,family_14,True,False,0.0047083563606697965,False
diverse_v1_test_rolling_hills_00_selected_rgbd_energy,final_refined,,,,True,59.6273994090072,59.6273994090072,42.96104264895048,197.7414093017578,707.9314265396993,14.158628530793985,0.1277080923318863,0.017174866050481796,0.0008886699215508997,8.509279251098633,4.495145320892334,0.0,62.91889709434605,7.6624855399131775,1.0304919630289078,0.10664039058610797,-6.291889709434606,family_02,False,False,0.6816194554305266,False
diverse_v1_test_rolling_hills_00_selected_rgbd_energy,sibling,0,0.0,2.0,True,146.72446590015574,146.72446590015574,119.24711885577909,143.21815490722656,1423.1960283772858,28.463920567545717,0.016404494643211365,0.004860793240368366,3.56846212525852e-05,7.362552642822266,4.8821702003479,0.0,22.667729396165015,0.9842696785926819,0.291647594422102,0.004282154550310224,-2.2667729396165015,family_00,False,True,0.0,False
diverse_v1_test_rolling_hills_00_selected_rgbd_energy,sibling,1,0.0,2.0,True,146.72239984842824,146.72239984842824,119.24696314924469,143.20962524414062,1423.1094086754317,28.462188173508636,0.0164021085947752,0.004860257729887962,3.5687171475728974e-05,7.3616943359375,4.882569313049316,0.0,22.667758994516987,0.984126515686512,0.29161546379327774,0.004282460577087477,-2.266775899451699,family_00,False,False,0.004695408939465295,False
diverse_v1_test_rolling_hills_00_selected_rgbd_energy,sibling,2,0.0,4.0,True,80.95401233895714,80.95401233895714,63.4100636339398,170.69578552246094,901.9858851687156,18.039717703374315,0.05242667719721794,0.010120021179318428,0.00011880280362674966,8.873147964477539,3.7510228157043457,0.0,42.62827170620173,3.1456006318330765,0.6072012707591057,0.01425633643520996,-4.262827170620173,family_01,False,False,0.004695408939465295,False
diverse_v1_test_rolling_hills_00_selected_rgbd_energy,selected_parent,3,0.0,6.0,True,59.72557849453844,59.72557849453844,42.98273913617345,197.80453491210938,708.5150603399427,14.170301206798854,0.1284710317850113,0.017431193962693214,0.0008926525479182601,8.513846397399902,4.492390155792236,0.0,62.88713739093194,7.7082619071006775,1.0458716377615929,0.10711830575019121,-6.288713739093194,family_02,False,False,0.004695408939465295,False
diverse_v1_test_rolling_hills_00_selected_rgbd_energy,sibling,4,-22.0,2.0,True,148.53472932395172,148.53472932395172,119.75083403557018,149.9789581298828,1496.6754436532772,29.933508873065545,0.014128356240689754,0.004267085809260607,3.24832035403233e-05,7.374817848205566,5.205599784851074,0.0,22.572380754293732,0.8477013744413853,0.2560251485556364,0.0038979844248387963,-2.2572380754293735,family_03,False,False,0.004688935228863045,False
diverse_v1_test_rolling_hills_00_selected_rgbd_energy,sibling,5,-22.0,4.0,True,84.31371252993318,84.31371252993318,63.37565584227135,196.4622802734375,1037.5771550497693,20.751543100995388,0.06269479542970657,0.011155564337968826,0.00017194576503243297,6.856403350830078,4.712575435638428,0.0,42.65141536716365,3.7616877257823944,0.6693338602781296,0.020633491803891957,-4.265141536716365,family_04,False,False,0.004688935228863045,False
diverse_v1_test_rolling_hills_00_selected_rgbd_energy,sibling,6,-22.0,6.0,True,67.72390247022008,67.72390247022008,45.53728160075196,242.89984130859375,921.7498728706163,18.434997457412326,0.1418933868408203,0.017990581691265106,0.0007876325398683548,9.568625450134277,4.353954792022705,0.0,59.35930574851204,8.513603210449219,1.0794349014759064,0.09451590478420258,-5.935930574851205,family_05,False,False,0.004688935228863045,False
diverse_v1_test_rolling_hills_00_selected_rgbd_energy,sibling,7,22.0,2.0,True,150.28078483188497,150.28078483188497,121.66411438614206,145.83042907714844,1478.5275003518636,29.570550007037273,0.015833936631679535,0.005232369527220726,3.235860276618041e-05,7.686659336090088,4.876758575439453,0.0,22.2174092593651,0.9500361979007721,0.31394217163324356,0.0038830323319416493,-2.2217409259365097,family_06,False,False,0.004701882650067546,False
diverse_v1_test_rolling_hills_00_selected_rgbd_energy,sibling,8,22.0,4.0,True,81.45306222234835,81.45306222234835,65.16260926762126,159.29798889160156,865.0227172717755,17.30045434543551,0.042966391891241074,0.009118556044995785,0.0001090020450646989,8.615950584411621,3.944228172302246,0.0,41.48178613280692,2.5779835134744644,0.5471133626997471,0.013080245407763869,-4.148178613280692,family_07,False,False,0.004701882650067546,False
diverse_v1_test_rolling_hills_00_selected_rgbd_energy,sibling,9,22.0,6.0,False,,83.15625291004328,46.985778948996966,197.37518310546875,772.818893617613,15.45637787235226,0.39317238330841064,0.045726798474788666,0.001108998549170792,9.020264625549316,2.9589545726776123,0.0,57.52935211373847,23.59034299850464,2.74360790848732,0.13307982590049505,-5.752935211373847,family_08,False,False,0.004701882650067546,False
diverse_v1_test_rolling_hills_00_selected_rgbd_energy,sibling,10,-44.0,2.0,True,156.4093930547991,156.4093930547991,123.18704913589583,168.22171020507812,1726.894673396449,34.53789346792898,0.010784465819597244,0.0038117696531116962,2.4586091967648827e-05,7.758931636810303,5.745188236236572,0.0,21.942740251154163,0.6470679491758347,0.22870617918670177,0.002950331036117859,-2.1942740251154165,family_09,True,False,0.004682498454727124,False
diverse_v1_test_rolling_hills_00_selected_rgbd_energy,sibling,11,-44.0,4.0,True,88.439561730028,88.439561730028,66.99834512397825,210.17144775390625,1173.428265985198,23.468565319703963,0.02753269486129284,0.005663628689944744,0.00012826293823309243,6.4177327156066895,6.161585807800293,0.0,40.34519683274564,1.6519616916775703,0.33981772139668465,0.015391552587971091,-4.0345196832745644,family_10,True,False,0.004682498454727124,False
diverse_v1_test_rolling_hills_00_selected_rgbd_energy,sibling,12,-44.0,6.0,True,66.62965678063163,66.62965678063163,47.1208168177292,264.7664794921875,1039.6677316355351,20.793354632710702,0.06271253526210785,0.009697332978248596,0.0008945155423134565,5.88932466506958,7.016005516052246,0.0,57.3644856783998,3.762752115726471,0.5818399786949158,0.10734186507761478,-5.736448567839981,family_11,True,False,0.004682498454727124,False
diverse_v1_test_rolling_hills_00_selected_rgbd_energy,sibling,13,44.0,2.0,True,157.84391749977632,157.84391749977632,125.92045254756991,157.30075073242188,1650.6151431915875,33.01230286383175,0.012216473929584026,0.005368508398532867,2.2543725208379328e-05,8.374239921569824,5.181962966918945,0.0,21.46642079827319,0.7329884357750416,0.32211050391197205,0.0027052470250055194,-2.1466420798273194,family_12,True,False,0.0047083563606697965,False
diverse_v1_test_rolling_hills_00_selected_rgbd_energy,sibling,14,44.0,4.0,True,88.43640072733675,88.43640072733675,69.8537379482074,170.73243713378906,993.8582435668743,19.877164871337488,0.033943623304367065,0.008792197331786156,9.125377255259082e-05,8.174322128295898,4.328824043273926,0.0,38.69601686167883,2.036617398262024,0.5275318399071693,0.010950452706310898,-3.869601686167883,family_13,True,False,0.0047083563606697965,False
diverse_v1_test_rolling_hills_00_selected_rgbd_energy,sibling,15,44.0,6.0,True,65.76219624613317,65.76219624613317,49.74411775001943,197.9618682861328,820.6198738366023,16.412397476732046,0.0697721466422081,0.013386089354753494,0.00041765443165786564,8.478894233703613,4.708717346191406,0.0,54.33931776775901,4.186328798532486,0.8031653612852097,0.05011853179894388,-5.433931776775902,family_14,True,False,0.0047083563606697965,False
diverse_v1_test_rough_mosaic_00_selected_rgbd_time,final_refined,,,,True,46.475430667063065,46.475430667063065,44.626424717417486,217.51318359375,808.902976057691,0.0,0.11601719260215759,0.013762356713414192,0.0009939811425283551,6.192200183868408,6.701507091522217,0.0,60.57044635564745,6.961031556129456,0.8257414028048515,0.11927773710340261,-6.057044635564745,family_05,False,False,0.962549615103292,False
diverse_v1_test_rough_mosaic_00_selected_rgbd_time,sibling,0,0.0,2.0,True,124.03180113245865,124.03180113245865,124.77345267972427,136.9437255859375,1423.9117886818433,0.0,0.019038856029510498,0.004636438097804785,3.492529867799021e-05,6.881770610809326,5.693556785583496,0.0,21.663602363629394,1.1423313617706299,0.2781862858682871,0.0041910358413588256,-2.1663602363629395,family_00,False,True,0.0,False
diverse_v1_test_rough_mosaic_00_selected_rgbd_time,sibling,1,0.0,2.0,True,124.0234401337163,124.0234401337163,124.76564542834112,136.95838928222656,1423.975152968583,0.0,0.019033188000321388,0.004635131452232599,3.492802716209553e-05,6.8826093673706055,5.693501949310303,0.0,21.664957970687226,1.1419912800192833,0.27810788713395596,0.004191363259451464,-2.166495797068723,family_00,False,False,0.0015463665585393471,False
diverse_v1_test_rough_mosaic_00_selected_rgbd_time,sibling,2,0.0,4.0,True,62.265580506757836,62.265580506757836,63.0033213971421,152.47300720214844,800.5254897621434,0.0,0.051187384873628616,0.00771988183259964,0.0001511713198851794,7.180675506591797,5.4216461181640625,0.0,42.903174062078705,3.071243092417717,0.4631929099559784,0.018140558386221528,-4.290317406207871,family_01,False,False,0.0015463665585393471,False
diverse_v1_test_rough_mosaic_00_selected_rgbd_time,sibling,3,0.0,6.0,False,,99.97075310402431,51.14016094846191,205.63284301757812,876.3413906840623,0.0,0.8076063394546509,0.08953513205051422,0.002397187054157257,8.786016464233398,3.102229118347168,0.0,52.85557210339542,48.45638036727905,5.372107923030853,0.28766244649887085,-5.285557210339542,family_02,False,False,0.0015463665585393471,False
diverse_v1_test_rough_mosaic_00_selected_rgbd_time,sibling,4,-22.0,2.0,True,124.37955054472017,124.37955054472017,125.2774603259243,144.40850830078125,1507.5942641147528,0.0,0.016816115006804466,0.004113295581191778,3.308533996460028e-05,6.886491775512695,5.881084442138672,0.0,21.576446851320156,1.008966900408268,0.2467977348715067,0.003970240795752034,-2.157644685132016,family_03,False,False,0.0015430352220349164,False
diverse_v1_test_rough_mosaic_00_selected_rgbd_time,sibling,5,-22.0,4.0,True,62.200523167263896,62.200523167263896,63.65729690982824,166.40818786621094,882.7579519354888,0.0,0.04015474393963814,0.006017780397087336,0.0001593016495462507,6.3583664894104,6.381503582000732,0.0,42.46241351120494,2.4092846363782883,0.36106682382524014,0.019116197945550084,-4.246241351120495,family_04,False,False,0.0015430352220349164,False
diverse_v1_test_rough_mosaic_00_selected_rgbd_time,selected_parent,6,-22.0,6.0,True,48.72052985620623,48.72052985620623,45.525251713957886,232.84576416015625,883.3635019933323,0.0,0.1346990168094635,0.014981906861066818,0.0012656714534386992,5.985433578491211,6.724396705627441,0.0,59.3745748266106,8.08194100856781,0.8989144116640091,0.1518805744126439,-5.93745748266106,family_05,False,False,0.0015430352220349164,False
diverse_v1_test_rough_mosaic_00_selected_rgbd_time,sibling,7,22.0,2.0,True,126.85337423190643,126.85337423190643,127.62647797867278,140.6839141845703,1496.2493729692128,0.0,0.017520815134048462,0.004827696364372969,3.2649168133502826e-05,6.897690773010254,5.666674613952637,0.0,21.179323500899017,1.0512489080429077,0.2896617818623781,0.003917900176020339,-2.1179323500899017,family_06,False,False,0.0015497189567774683,False
diverse_v1_test_rough_mosaic_00_selected_rgbd_time,sibling,8,22.0,4.0,True,73.19341832849494,73.19341832849494,67.10641918609461,162.1230010986328,906.6245059527109,0.0,0.14843736588954926,0.019733622670173645,0.00020611034415196627,7.167104244232178,4.252399921417236,0.0,40.27993889667687,8.906241953372955,1.1840173602104187,0.024733241298235953,-4.027993889667687,family_07,False,False,0.0015497189567774683,False
diverse_v1_test_rough_mosaic_00_selected_rgbd_time,sibling,9,22.0,6.0,False,,96.66102024613646,53.532967884170574,232.78236389160156,1038.4609008508678,0.0,0.7070719003677368,0.09024980664253235,0.002817129949107766,8.288447380065918,4.668304920196533,0.0,50.49304328202493,42.42431402206421,5.414988398551941,0.33805559389293194,-5.049304328202493,family_08,False,False,0.0015497189567774683,False
diverse_v1_test_rough_mosaic_00_selected_rgbd_time,sibling,10,-44.0,2.0,True,128.58815775841362,128.58815775841362,129.69198143259825,161.77154541015625,1748.3726886380591,0.0,0.012734956108033657,0.0035534172784537077,2.5629835363361053e-05,7.1824140548706055,6.150732517242432,0.0,20.842016865903645,0.7640973664820194,0.21320503670722246,0.0030755802436033264,-2.0842016865903648,family_09,True,False,0.0015397072059002426,False
diverse_v1_test_rough_mosaic_00_selected_rgbd_time,sibling,11,-44.0,4.0,True,64.60949641436997,64.60949641436997,66.7587589167585,197.74867248535156,1100.121329379885,0.0,0.02674676850438118,0.004651205148547888,0.00013191360631026328,6.366037368774414,7.016114711761475,0.0,40.48970514507465,1.6048061102628708,0.27907230891287327,0.015829632757231593,-4.048970514507466,family_10,True,False,0.0015397072059002426,False
diverse_v1_test_rough_mosaic_00_selected_rgbd_time,sibling,12,-44.0,6.0,True,47.60822204471293,47.60822204471293,48.14260324439657,258.9443359375,1038.8545356185668,0.0,0.0727299377322197,0.010258783586323261,0.0008412784081883729,5.747018337249756,7.753148555755615,0.0,56.14657875205967,4.363796263933182,0.6155270151793957,0.10095340898260474,-5.6146578752059675,family_11,True,False,0.0015397072059002426,False
diverse_v1_test_rough_mosaic_00_selected_rgbd_time,sibling,13,44.0,2.0,True,132.2314890853253,132.2314890853253,133.17191741313363,154.40585327148438,1713.5436283312122,0.0,0.013187882490456104,0.004923391155898571,2.1952861061436124e-05,7.199701309204102,5.843902111053467,0.0,20.29739089815115,0.7912729494273663,0.29540346935391426,0.002634343327372335,-2.029739089815115,family_12,False,False,0.0015530713550155895,False
diverse_v1_test_rough_mosaic_00_selected_rgbd_time,sibling,14,44.0,4.0,True,71.69028372509808,71.69028372509808,72.83674342504744,155.6722869873047,944.8885354737221,0.0,0.03641119599342346,0.00613735057413578,9.770618635229766e-05,7.951468467712402,5.397521018981934,0.0,37.11097362792225,2.1846717596054077,0.3682410344481468,0.01172474236227572,-3.7110973627922252,family_13,False,False,0.0015530713550155895,False
diverse_v1_test_rough_mosaic_00_selected_rgbd_time,sibling,15,44.0,6.0,True,57.712856397237196,57.712856397237196,52.86153281568432,191.63331604003906,844.1692353690775,0.0,0.14848127961158752,0.015904048457741737,0.0008470308966934681,7.704690456390381,5.420131206512451,0.0,51.13439433955776,8.908876776695251,0.9542429074645042,0.10164370760321617,-5.113439433955776,family_14,False,False,0.0015530713550155895,False
diverse_v1_test_rough_mosaic_00_selected_rgbd_energy,final_refined,,,,True,62.39411907619708,62.39411907619708,44.271881122620414,210.65765380859375,777.1842172486823,15.543684344973647,0.1286303997039795,0.014233889058232307,0.0009353974019177258,6.411508560180664,6.509313583374023,0.0,61.05551415138703,7.7178239822387695,0.8540333434939384,0.1122476882301271,-6.105551415138703,family_05,False,False,1.0620135819896674,False
diverse_v1_test_rough_mosaic_00_selected_rgbd_energy,sibling,0,0.0,2.0,True,152.51003690609554,152.51003690609554,124.77345267972427,136.9437255859375,1423.9117886818433,28.478235773636868,0.019038856029510498,0.004636438097804785,3.492529867799021e-05,6.881770610809326,5.693556785583496,0.0,21.663602363629394,1.1423313617706299,0.2781862858682871,0.0041910358413588256,-2.1663602363629395,family_00,False,True,0.0,False
diverse_v1_test_rough_mosaic_00_selected_rgbd_energy,sibling,1,0.0,2.0,True,152.50294319308796,152.50294319308796,124.76564542834112,136.95838928222656,1423.975152968583,28.47950305937166,0.019033188000321388,0.004635131452232599,3.492802716209553e-05,6.8826093673706055,5.693501949310303,0.0,21.664957970687226,1.1419912800192833,0.27810788713395596,0.004191363259451464,-2.166495797068723,family_00,False,False,0.0015463665585393471,False
diverse_v1_test_rough_mosaic_00_selected_rgbd_energy,sibling,2,0.0,4.0,True,78.27609030200071,78.27609030200071,63.0033213971421,152.47300720214844,800.5254897621434,16.010509795242868,0.051187384873628616,0.00771988183259964,0.0001511713198851794,7.180675506591797,5.4216461181640625,0.0,42.903174062078705,3.071243092417717,0.4631929099559784,0.018140558386221528,-4.290317406207871,family_01,False,False,0.0015463665585393471,False
diverse_v1_test_rough_mosaic_00_selected_rgbd_energy,sibling,3,0.0,6.0,False,,117.49758091770556,51.14016094846191,205.63284301757812,876.3413906840623,17.526827813681248,0.8076063394546509,0.08953513205051422,0.002397187054157257,8.786016464233398,3.102229118347168,0.0,52.85557210339542,48.45638036727905,5.372107923030853,0.28766244649887085,-5.285557210339542,family_02,False,False,0.0015463665585393471,False
diverse_v1_test_rough_mosaic_00_selected_rgbd_energy,sibling,4,-22.0,2.0,True,154.53143582701523,154.53143582701523,125.2774603259243,144.40850830078125,1507.5942641147528,30.15188528229506,0.016816115006804466,0.004113295581191778,3.308533996460028e-05,6.886491775512695,5.881084442138672,0.0,21.576446851320156,1.008966900408268,0.2467977348715067,0.003970240795752034,-2.157644685132016,family_03,False,False,0.0015430352220349164,False
diverse_v1_test_rough_mosaic_00_selected_rgbd_energy,sibling,5,-22.0,4.0,True,79.85568220597366,79.85568220597366,63.65729690982824,166.40818786621094,882.7579519354888,17.655159038709776,0.04015474393963814,0.006017780397087336,0.0001593016495462507,6.3583664894104,6.381503582000732,0.0,42.46241351120494,2.4092846363782883,0.36106682382524014,0.019116197945550084,-4.246241351120495,family_04,False,False,0.0015430352220349164,False
diverse_v1_test_rough_mosaic_00_selected_rgbd_energy,selected_parent,6,-22.0,6.0,True,66.38779989607288,66.38779989607288,45.525251713957886,232.84576416015625,883.3635019933323,17.667270039866647,0.1346990168094635,0.014981906861066818,0.0012656714534386992,5.985433578491211,6.724396705627441,0.0,59.3745748266106,8.08194100856781,0.8989144116640091,0.1518805744126439,-5.93745748266106,family_05,False,False,0.0015430352220349164,False
diverse_v1_test_rough_mosaic_00_selected_rgbd_energy,sibling,7,22.0,2.0,True,156.77836169129068,156.77836169129068,127.62647797867278,140.6839141845703,1496.2493729692128,29.924987459384255,0.017520815134048462,0.004827696364372969,3.2649168133502826e-05,6.897690773010254,5.666674613952637,0.0,21.179323500899017,1.0512489080429077,0.2896617818623781,0.003917900176020339,-2.1179323500899017,family_06,False,False,0.0015497189567774683,False
diverse_v1_test_rough_mosaic_00_selected_rgbd_energy,sibling,8,22.0,4.0,True,91.32590844754915,91.32590844754915,67.10641918609461,162.1230010986328,906.6245059527109,18.132490119054218,0.14843736588954926,0.019733622670173645,0.00020611034415196627,7.167104244232178,4.252399921417236,0.0,40.27993889667687,8.906241953372955,1.1840173602104187,0.024733241298235953,-4.027993889667687,family_07,False,False,0.0015497189567774683,False
diverse_v1_test_rough_mosaic_00_selected_rgbd_energy,sibling,9,22.0,6.0,False,,117.43023826315381,53.532967884170574,232.78236389160156,1038.4609008508678,20.769218017017355,0.7070719003677368,0.09024980664253235,0.002817129949107766,8.288447380065918,4.668304920196533,0.0,50.49304328202493,42.42431402206421,5.414988398551941,0.33805559389293194,-5.049304328202493,family_08,False,False,0.0015497189567774683,False
diverse_v1_test_rough_mosaic_00_selected_rgbd_energy,sibling,10,-44.0,2.0,True,163.5556115311748,163.5556115311748,129.69198143259825,161.77154541015625,1748.3726886380591,34.96745377276118,0.012734956108033657,0.0035534172784537077,2.5629835363361053e-05,7.1824140548706055,6.150732517242432,0.0,20.842016865903645,0.7640973664820194,0.21320503670722246,0.0030755802436033264,-2.0842016865903648,family_09,True,False,0.0015397072059002426,False
diverse_v1_test_rough_mosaic_00_selected_rgbd_energy,sibling,11,-44.0,4.0,True,86.61192300196768,86.61192300196768,66.7587589167585,197.74867248535156,1100.121329379885,22.002426587597704,0.02674676850438118,0.004651205148547888,0.00013191360631026328,6.366037368774414,7.016114711761475,0.0,40.48970514507465,1.6048061102628708,0.27907230891287327,0.015829632757231593,-4.048970514507466,family_10,True,False,0.0015397072059002426,False
diverse_v1_test_rough_mosaic_00_selected_rgbd_energy,sibling,12,-44.0,6.0,True,68.38531275708426,68.38531275708426,48.14260324439657,258.9443359375,1038.8545356185668,20.777090712371336,0.0727299377322197,0.010258783586323261,0.0008412784081883729,5.747018337249756,7.753148555755615,0.0,56.14657875205967,4.363796263933182,0.6155270151793957,0.10095340898260474,-5.6146578752059675,family_11,True,False,0.0015397072059002426,False
diverse_v1_test_rough_mosaic_00_selected_rgbd_energy,sibling,13,44.0,2.0,True,166.50236165194954,166.50236165194954,133.17191741313363,154.40585327148438,1713.5436283312122,34.27087256662424,0.013187882490456104,0.004923391155898571,2.1952861061436124e-05,7.199701309204102,5.843902111053467,0.0,20.29739089815115,0.7912729494273663,0.29540346935391426,0.002634343327372335,-2.029739089815115,family_12,False,False,0.0015530713550155895,False
diverse_v1_test_rough_mosaic_00_selected_rgbd_energy,sibling,14,44.0,4.0,True,90.58805443457253,90.58805443457253,72.83674342504744,155.6722869873047,944.8885354737221,18.897770709474443,0.03641119599342346,0.00613735057413578,9.770618635229766e-05,7.951468467712402,5.397521018981934,0.0,37.11097362792225,2.1846717596054077,0.3682410344481468,0.01172474236227572,-3.7110973627922252,family_13,False,False,0.0015530713550155895,False
diverse_v1_test_rough_mosaic_00_selected_rgbd_energy,sibling,15,44.0,6.0,True,74.59624110461874,74.59624110461874,52.86153281568432,191.63331604003906,844.1692353690775,16.88338470738155,0.14848127961158752,0.015904048457741737,0.0008470308966934681,7.704690456390381,5.420131206512451,0.0,51.13439433955776,8.908876776695251,0.9542429074645042,0.10164370760321617,-5.113439433955776,family_14,False,False,0.0015530713550155895,False
diverse_v1_test_cross_slopes_00_selected_rgbd_time,final_refined,,,,True,53.36315484678549,53.36315484678549,52.31384177388467,185.4792022705078,808.5941366604746,0.0,0.0889996737241745,0.013457287102937698,0.0005738621694035828,7.306012153625488,6.236855506896973,0.0,51.66968229372449,5.33998042345047,0.8074372261762619,0.06886346032842994,-5.16696822937245,family_14,True,False,0.48910957757981777,False
diverse_v1_test_cross_slopes_00_selected_rgbd_time,sibling,0,0.0,2.0,True,123.5958806102256,123.5958806102256,124.3372076851089,137.49620056152344,1424.6578037609604,0.0,0.019116394221782684,0.004689959809184074,3.5420438507571816e-05,6.81032133102417,5.684741497039795,0.0,21.73958732342129,1.146983653306961,0.28139758855104446,0.004250452620908618,-2.173958732342129,family_00,False,True,0.0,False
diverse_v1_test_cross_slopes_00_selected_rgbd_time,sibling,1,0.0,2.0,True,123.5850650603478,123.5850650603478,124.3270154537473,137.51332092285156,1424.7183979559566,0.0,0.01911034807562828,0.004688580054789782,3.542415288393386e-05,6.811161041259766,5.684652805328369,0.0,21.74136951776495,1.1466208845376968,0.2813148032873869,0.004250898346072063,-2.1741369517764952,family_00,False,False,0.0014635918455780939,False
diverse_v1_test_cross_slopes_00_selected_rgbd_time,sibling,2,0.0,4.0,True,67.29028930967391,67.29028930967391,65.2377826645504,184.6404266357422,1003.7943353293675,0.0,0.08921846747398376,0.012952183373272419,0.0005469407769851387,7.907754421234131,6.958558082580566,0.0,41.43365199764216,5.353108048439026,0.7771310023963451,0.06563289323821664,-4.143365199764216,family_01,False,False,0.0014635918455780939,False
diverse_v1_test_cross_slopes_00_selected_rgbd_time,sibling,3,0.0,6.0,True,69.80647479314575,69.80647479314575,60.74828534718537,406.6454772949219,2058.584624154525,0.0,0.15738779306411743,0.03332071006298065,0.01721043698489666,9.976768493652344,13.343244552612305,0.0,44.495734629751695,9.443267583847046,1.9992426037788391,2.065252438187599,-4.449573462975169,family_02,False,False,0.0014635918455780939,False
diverse_v1_test_cross_slopes_00_selected_rgbd_time,sibling,4,-22.0,2.0,True,123.58268457383396,123.58268457383396,124.4657943195226,144.65194702148438,1500.351623824546,0.0,0.017209826037287712,0.004198829177767038,3.403114533284679e-05,6.647181510925293,5.892090320587158,0.0,21.717127977198942,1.0325895622372627,0.2519297506660223,0.004083737439941615,-2.1717127977198944,family_03,False,False,0.0014679359678382298,False
diverse_v1_test_cross_slopes_00_selected_rgbd_time,sibling,5,-22.0,4.0,True,65.86556432818807,65.86556432818807,66.58459386548253,191.88766479492188,1064.730185680477,0.0,0.047651588916778564,0.007271299138665199,0.0003762852866202593,6.862796783447266,8.365440368652344,0.0,40.595570643287346,2.859095335006714,0.43627794831991196,0.045154234394431114,-4.059557064328735,family_04,False,False,0.0014679359678382298,False
diverse_v1_test_cross_slopes_00_selected_rgbd_time,sibling,6,-22.0,6.0,True,64.11801188330736,64.11801188330736,56.75126772636138,366.379150390625,1732.7067710979316,0.0,0.1595853716135025,0.026447199285030365,0.008064577355980873,5.801860809326172,11.048471450805664,0.0,47.629589475500154,9.57512229681015,1.586831957101822,0.9677492827177048,-4.762958947550016,family_05,False,False,0.0014679359678382298,False
diverse_v1_test_cross_slopes_00_selected_rgbd_time,sibling,7,22.0,2.0,True,127.66012801418422,127.66012801418422,128.44048197152514,140.188720703125,1500.4922378400752,0.0,0.017265675589442253,0.0047398521564900875,3.184904926456511e-05,6.973562240600586,5.705264568328857,0.0,21.045075061459585,1.0359405353665352,0.28439112938940525,0.0038218859117478132,-2.1045075061459584,family_06,False,False,0.0014592901324661511,False
diverse_v1_test_cross_slopes_00_selected_rgbd_time,sibling,8,22.0,4.0,True,65.58574169084555,65.58574169084555,66.54521266222528,148.1849822998047,821.7500967073827,0.0,0.04420912638306618,0.007256214041262865,0.00012140080070821568,7.812165260314941,5.443826675415039,0.0,40.61959494728893,2.6525475829839706,0.4353728424757719,0.014568096084985882,-4.061959494728893,family_07,False,False,0.0014592901324661511,False
diverse_v1_test_cross_slopes_00_selected_rgbd_time,sibling,9,22.0,6.0,False,,83.93762223423445,54.97896524139881,283.34564208984375,1298.170850646612,0.0,0.4428367018699646,0.0646287202835083,0.028560247272253036,12.938501358032227,7.516166687011719,0.0,49.16497740822197,26.570202112197876,3.877723217010498,3.4272296726703644,-4.916497740822198,family_08,False,False,0.0014592901324661511,False
diverse_v1_test_cross_slopes_00_selected_rgbd_time,sibling,10,-44.0,2.0,True,128.02163540907327,128.02163540907327,129.12198674701864,161.85580444335938,1741.5952530219577,0.0,0.012888803146779537,0.0036097976844757795,2.6104613425559364e-05,6.867275238037109,6.22330379486084,0.0,20.93399932977104,0.7733281888067722,0.21658786106854677,0.0031325536110671237,-2.0933999329771042,family_09,False,False,0.0014723265889031723,False
diverse_v1_test_cross_slopes_00_selected_rgbd_time,sibling,11,-44.0,4.0,True,70.49768084780729,70.49768084780729,71.6944514100034,230.02015686035156,1374.2640799454862,0.0,0.036257561296224594,0.005884238984435797,0.0003745239810086787,7.165219783782959,9.487473487854004,0.0,37.70221447909208,2.1754536777734756,0.3530543390661478,0.04494287772104144,-3.7702214479092078,family_10,False,False,0.0014723265889031723,False
diverse_v1_test_cross_slopes_00_selected_rgbd_time,sibling,12,-44.0,6.0,True,61.55508076603379,61.55508076603379,60.003246787576735,397.9617004394531,1989.9161769560158,0.0,0.08213196694850922,0.012637218460440636,0.003087542485445738,7.0217485427856445,11.713083267211914,0.0,45.04822203355235,4.927918016910553,0.7582331076264381,0.37050509825348854,-4.504822203355235,family_11,False,False,0.0014723265889031723,False
diverse_v1_test_cross_slopes_00_selected_rgbd_time,sibling,13,44.0,2.0,True,132.31496974522133,132.31496974522133,133.24825734632623,154.41091918945312,1714.5821581032528,0.0,0.013268542475998402,0.004941381514072418,2.242525624751579e-05,7.152332305908203,5.867643356323242,0.0,20.28574060068425,0.7961125485599041,0.2964828908443451,0.002691030749701895,-2.0285740600684252,family_12,True,False,0.0014550306557907788,False
diverse_v1_test_cross_slopes_00_selected_rgbd_time,sibling,14,44.0,4.0,True,70.38972042138315,70.38972042138315,71.84637970868499,164.885498046875,987.2021750942849,0.0,0.031110266223549843,0.007104482967406511,0.00010587144060991704,7.050400733947754,5.934378147125244,0.0,37.62248835613971,1.8666159734129906,0.4262689780443907,0.012704572873190045,-3.7622488356139714,family_13,True,False,0.0014550306557907788,False
diverse_v1_test_cross_slopes_00_selected_rgbd_time,selected_parent,15,44.0,6.0,True,53.53065283992611,53.53065283992611,52.52872964140571,185.82073974609375,813.410616657381,0.0,0.08793991804122925,0.013388022780418396,0.0005673154373653233,7.30604362487793,6.249250888824463,0.0,51.458308671720204,5.276395082473755,0.8032813668251038,0.0680778524838388,-5.1458308671720205,family_14,True,False,0.0014550306557907788,False
diverse_v1_test_cross_slopes_00_selected_rgbd_energy,final_refined,,,,True,69.53019840607644,69.53019840607644,52.30445668004785,184.98728942871094,806.3049721902904,16.12609944380581,0.08977512270212173,0.013533612713217735,0.0005751111311838031,7.314281940460205,6.220513820648193,0.0,51.67895348871676,5.386507362127304,0.8120167627930641,0.06901333574205637,-5.167895348871676,family_14,True,False,0.7819575127244605,False
diverse_v1_test_cross_slopes_00_selected_rgbd_energy,sibling,0,0.0,2.0,True,152.08903668544482,152.08903668544482,124.3372076851089,137.49620056152344,1424.6578037609604,28.493156075219208,0.019116394221782684,0.004689959809184074,3.5420438507571816e-05,6.81032133102417,5.684741497039795,0.0,21.73958732342129,1.146983653306961,0.28139758855104446,0.004250452620908618,-2.173958732342129,family_00,False,True,0.0,False
diverse_v1_test_cross_slopes_00_selected_rgbd_energy,sibling,1,0.0,2.0,True,152.07943301946693,152.07943301946693,124.3270154537473,137.51332092285156,1424.7183979559566,28.49436795911913,0.01911034807562828,0.004688580054789782,3.542415288393386e-05,6.811161041259766,5.684652805328369,0.0,21.74136951776495,1.1466208845376968,0.2813148032873869,0.004250898346072063,-2.1741369517764952,family_00,False,False,0.0014635918455780939,False
diverse_v1_test_cross_slopes_00_selected_rgbd_energy,sibling,2,0.0,4.0,True,87.36617601626126,87.36617601626126,65.2377826645504,184.6404266357422,1003.7943353293675,20.07588670658735,0.08921846747398376,0.012952183373272419,0.0005469407769851387,7.907754421234131,6.958558082580566,0.0,41.43365199764216,5.353108048439026,0.7771310023963451,0.06563289323821664,-4.143365199764216,family_01,False,False,0.0014635918455780939,False
diverse_v1_test_cross_slopes_00_selected_rgbd_energy,sibling,3,0.0,6.0,True,110.97816727623626,110.97816727623626,60.74828534718537,406.6454772949219,2058.584624154525,41.1716924830905,0.15738779306411743,0.03332071006298065,0.01721043698489666,9.976768493652344,13.343244552612305,0.0,44.495734629751695,9.443267583847046,1.9992426037788391,2.065252438187599,-4.449573462975169,family_02,False,False,0.0014635918455780939,False
diverse_v1_test_cross_slopes_00_selected_rgbd_energy,sibling,4,-22.0,2.0,True,153.58971705032488,153.58971705032488,124.4657943195226,144.65194702148438,1500.351623824546,30.007032476490924,0.017209826037287712,0.004198829177767038,3.403114533284679e-05,6.647181510925293,5.892090320587158,0.0,21.717127977198942,1.0325895622372627,0.2519297506660223,0.004083737439941615,-2.1717127977198944,family_03,False,False,0.0014679359678382298,False
diverse_v1_test_cross_slopes_00_selected_rgbd_energy,sibling,5,-22.0,4.0,True,87.16016804179762,87.16016804179762,66.58459386548253,191.88766479492188,1064.730185680477,21.29460371360954,0.047651588916778564,0.007271299138665199,0.0003762852866202593,6.862796783447266,8.365440368652344,0.0,40.595570643287346,2.859095335006714,0.43627794831991196,0.045154234394431114,-4.059557064328735,family_04,False,False,0.0014679359678382298,False
diverse_v1_test_cross_slopes_00_selected_rgbd_energy,sibling,6,-22.0,6.0,True,98.772147305266,98.772147305266,56.75126772636138,366.379150390625,1732.7067710979316,34.654135421958635,0.1595853716135025,0.026447199285030365,0.008064577355980873,5.801860809326172,11.048471450805664,0.0,47.629589475500154,9.57512229681015,1.586831957101822,0.9677492827177048,-4.762958947550016,family_05,False,False,0.0014679359678382298,False
diverse_v1_test_cross_slopes_00_selected_rgbd_energy,sibling,7,22.0,2.0,True,157.66997277098574,157.66997277098574,128.44048197152514,140.188720703125,1500.4922378400752,30.009844756801503,0.017265675589442253,0.0047398521564900875,3.184904926456511e-05,6.973562240600586,5.705264568328857,0.0,21.045075061459585,1.0359405353665352,0.28439112938940525,0.0038218859117478132,-2.1045075061459584,family_06,False,False,0.0014592901324661511,False
diverse_v1_test_cross_slopes_00_selected_rgbd_energy,sibling,8,22.0,4.0,True,82.0207436249932,82.0207436249932,66.54521266222528,148.1849822998047,821.7500967073827,16.435001934147653,0.04420912638306618,0.007256214041262865,0.00012140080070821568,7.812165260314941,5.443826675415039,0.0,40.61959494728893,2.6525475829839706,0.4353728424757719,0.014568096084985882,-4.061959494728893,family_07,False,False,0.0014592901324661511,False
diverse_v1_test_cross_slopes_00_selected_rgbd_energy,sibling,9,22.0,6.0,False,,109.9010392471667,54.97896524139881,283.34564208984375,1298.170850646612,25.96341701293224,0.4428367018699646,0.0646287202835083,0.028560247272253036,12.938501358032227,7.516166687011719,0.0,49.16497740822197,26.570202112197876,3.877723217010498,3.4272296726703644,-4.916497740822198,family_08,False,False,0.0014592901324661511,False
diverse_v1_test_cross_slopes_00_selected_rgbd_energy,sibling,10,-44.0,2.0,True,162.85354046951244,162.85354046951244,129.12198674701864,161.85580444335938,1741.5952530219577,34.831905060439155,0.012888803146779537,0.0036097976844757795,2.6104613425559364e-05,6.867275238037109,6.22330379486084,0.0,20.93399932977104,0.7733281888067722,0.21658786106854677,0.0031325536110671237,-2.0933999329771042,family_09,False,False,0.0014723265889031723,False
diverse_v1_test_cross_slopes_00_selected_rgbd_energy,sibling,11,-44.0,4.0,True,97.98296244671701,97.98296244671701,71.6944514100034,230.02015686035156,1374.2640799454862,27.485281598909722,0.036257561296224594,0.005884238984435797,0.0003745239810086787,7.165219783782959,9.487473487854004,0.0,37.70221447909208,2.1754536777734756,0.3530543390661478,0.04494287772104144,-3.7702214479092078,family_10,False,False,0.0014723265889031723,False
diverse_v1_test_cross_slopes_00_selected_rgbd_energy,sibling,12,-44.0,6.0,True,101.3534043051541,101.3534043051541,60.003246787576735,397.9617004394531,1989.9161769560158,39.79832353912032,0.08213196694850922,0.012637218460440636,0.003087542485445738,7.0217485427856445,11.713083267211914,0.0,45.04822203355235,4.927918016910553,0.7582331076264381,0.37050509825348854,-4.504822203355235,family_11,False,False,0.0014723265889031723,False
diverse_v1_test_cross_slopes_00_selected_rgbd_energy,sibling,13,44.0,2.0,True,166.60661290728638,166.60661290728638,133.24825734632623,154.41091918945312,1714.5821581032528,34.29164316206506,0.013268542475998402,0.004941381514072418,2.242525624751579e-05,7.152332305908203,5.867643356323242,0.0,20.28574060068425,0.7961125485599041,0.2964828908443451,0.002691030749701895,-2.0285740600684252,family_12,True,False,0.0014550306557907788,False
diverse_v1_test_cross_slopes_00_selected_rgbd_energy,sibling,14,44.0,4.0,True,90.13376392326884,90.13376392326884,71.84637970868499,164.885498046875,987.2021750942849,19.7440435018857,0.031110266223549843,0.007104482967406511,0.00010587144060991704,7.050400733947754,5.934378147125244,0.0,37.62248835613971,1.8666159734129906,0.4262689780443907,0.012704572873190045,-3.7622488356139714,family_13,True,False,0.0014550306557907788,False
diverse_v1_test_cross_slopes_00_selected_rgbd_energy,selected_parent,15,44.0,6.0,True,69.79886517307374,69.79886517307374,52.52872964140571,185.82073974609375,813.410616657381,16.26821233314762,0.08793991804122925,0.013388022780418396,0.0005673154373653233,7.30604362487793,6.249250888824463,0.0,51.458308671720204,5.276395082473755,0.8032813668251038,0.0680778524838388,-5.1458308671720205,family_14,True,False,0.0014550306557907788,False
