# lane	tag	out (rel. G3)	ci_train arguments (E5a resumed 11:10, one mi2508x node, lane k on GPU k-1: the rigid runs that 436234/436235 never trained, plus task B G; same recipe as M1a/M2)
1	A3_rigid_deploy	e5/train/A3_rigid	--ds /work1/dannegrut/harry/experiments/arena_gator_20260925/e4/subsets/A3_hmmwv_rigid.npz --mode deploy --arch gru --cond none --domain-filter rigid --ctx geom --split-eval val --bs 256 --epochs 30 --seeds 5 --seed0 0 --roundtrip-check
2	A3_rigid_holdout	e5/train/offline_rigid	--ds /work1/dannegrut/harry/experiments/arena_gator_20260925/e4/subsets/A3_hmmwv_rigid.npz --mode holdout --arch gru --cond none --domain-filter rigid --ctx geom --split-eval val --bs 256 --epochs 30 --seeds 5 --seed0 0
3	M3a_rigid_deploy	e5/train/M3_rigid	--ds /work1/dannegrut/harry/experiments/arena_gator_20260925/e4/subsets/M3_hmmwv_rigid.npz --mode deploy --arch gru --cond none --domain-filter rigid --ctx geom --split-eval val --bs 256 --epochs 30 --seeds 5 --seed0 0 --roundtrip-check
4	M3b_rigid_deploy	e5/train/M3_rigid	--ds /work1/dannegrut/harry/experiments/arena_gator_20260925/e4/subsets/M3_hmmwv_rigid.npz --mode deploy --arch gru --cond none --domain-filter rigid --ctx geom --split-eval val --bs 256 --epochs 30 --seeds 5 --seed0 5 --roundtrip-check
5	M3_rigid_holdout	e5/train/offline_rigid	--ds /work1/dannegrut/harry/experiments/arena_gator_20260925/e4/subsets/M3_hmmwv_rigid.npz --mode holdout --arch gru --cond none --domain-filter rigid --ctx geom --split-eval val --bs 256 --epochs 30 --seeds 5 --seed0 0
5	LOAO2_g203_g228_rigid_holdout	e5/train/offline_rigid	--ds /work1/dannegrut/harry/experiments/arena_gator_20260925/e4/subsets/LOAO2_g203_g228_hmmwv_rigid.npz --mode holdout --arch gru --cond none --domain-filter rigid --ctx geom --split-eval val --bs 256 --epochs 30 --seeds 5 --seed0 0
6	LOAO1_g228_rigid_holdout	e5/train/offline_rigid	--ds /work1/dannegrut/harry/experiments/arena_gator_20260925/e4/subsets/LOAO1_g228_hmmwv_rigid.npz --mode holdout --arch gru --cond none --domain-filter rigid --ctx geom --split-eval val --bs 256 --epochs 30 --seeds 5 --seed0 0
6	LOAO2_f104_g228_rigid_holdout	e5/train/offline_rigid	--ds /work1/dannegrut/harry/experiments/arena_gator_20260925/e4/subsets/LOAO2_f104_g228_hmmwv_rigid.npz --mode holdout --arch gru --cond none --domain-filter rigid --ctx geom --split-eval val --bs 256 --epochs 30 --seeds 5 --seed0 0
7	G_rigid_deploy	e5/train/G_rigid	--ds /work1/dannegrut/harry/experiments/arena_gator_20260925/e4/subsets/G_f104_gator_rigid.npz --mode deploy --arch gru --cond none --domain-filter rigid --ctx geom --split-eval val --bs 256 --epochs 30 --seeds 5 --seed0 0 --roundtrip-check
8	G_rigid_holdout	e5/train/offline_rigid	--ds /work1/dannegrut/harry/experiments/arena_gator_20260925/e4/subsets/G_f104_gator_rigid.npz --mode holdout --arch gru --cond none --domain-filter rigid --ctx geom --split-eval val --bs 256 --epochs 30 --seeds 5 --seed0 0
