# lane	tag	out (rel. G3)	ci_train arguments (S1 job A: soil stage-1 task A models, tiers 0-6; one lane per MI250X GCD)
1	M1a_soil_deploy	e5/train/soil_s1/M1_soil	--ds /work1/dannegrut/harry/experiments/arena_gator_20260925/e4/soil_s1/subsets/M1_f104_hmmwv_soil.npz --mode deploy --arch gru --cond none --domain-filter crm --ctx geom --split-eval val --bs 256 --epochs 30 --seeds 5 --seed0 0 --roundtrip-check
1	A3_soil_deploy	e5/train/soil_s1/A3_soil	--ds /work1/dannegrut/harry/experiments/arena_gator_20260925/e4/soil_s1/subsets/A3_hmmwv_soil.npz --mode deploy --arch gru --cond none --domain-filter crm --ctx geom --split-eval val --bs 256 --epochs 30 --seeds 5 --seed0 0 --roundtrip-check
2	M1b_soil_deploy	e5/train/soil_s1/M1_soil	--ds /work1/dannegrut/harry/experiments/arena_gator_20260925/e4/soil_s1/subsets/M1_f104_hmmwv_soil.npz --mode deploy --arch gru --cond none --domain-filter crm --ctx geom --split-eval val --bs 256 --epochs 30 --seeds 5 --seed0 5 --roundtrip-check
2	A3_soil_holdout	e5/train/soil_s1/offline_soil	--ds /work1/dannegrut/harry/experiments/arena_gator_20260925/e4/soil_s1/subsets/A3_hmmwv_soil.npz --mode holdout --arch gru --cond none --domain-filter crm --ctx geom --split-eval val --bs 256 --epochs 30 --seeds 5 --seed0 0
3	M1_soil_holdout	e5/train/soil_s1/offline_soil	--ds /work1/dannegrut/harry/experiments/arena_gator_20260925/e4/soil_s1/subsets/M1_f104_hmmwv_soil.npz --mode holdout --arch gru --cond none --domain-filter crm --ctx geom --split-eval val --bs 256 --epochs 30 --seeds 5 --seed0 0
3	M2_soil_deploy	e5/train/soil_s1/M2_soil	--ds /work1/dannegrut/harry/experiments/arena_gator_20260925/e4/soil_s1/subsets/M2_hmmwv_soil.npz --mode deploy --arch gru --cond none --domain-filter crm --ctx geom --split-eval val --bs 256 --epochs 30 --seeds 5 --seed0 0 --roundtrip-check
4	LC545_soil_holdout	e5/train/soil_s1/offline_soil	--ds /work1/dannegrut/harry/experiments/arena_gator_20260925/e4/soil_s1/subsets/LC545_f104_hmmwv_soil.npz --mode holdout --arch gru --cond none --domain-filter crm --ctx geom --split-eval val --bs 256 --epochs 30 --seeds 5 --seed0 0
4	M3a_soil_deploy	e5/train/soil_s1/M3_soil	--ds /work1/dannegrut/harry/experiments/arena_gator_20260925/e4/soil_s1/subsets/M3_hmmwv_soil.npz --mode deploy --arch gru --cond none --domain-filter crm --ctx geom --split-eval val --bs 256 --epochs 30 --seeds 5 --seed0 0 --roundtrip-check
5	LC272_soil_holdout	e5/train/soil_s1/offline_soil	--ds /work1/dannegrut/harry/experiments/arena_gator_20260925/e4/soil_s1/subsets/LC272_f104_hmmwv_soil.npz --mode holdout --arch gru --cond none --domain-filter crm --ctx geom --split-eval val --bs 256 --epochs 30 --seeds 5 --seed0 0
5	M3b_soil_deploy	e5/train/soil_s1/M3_soil	--ds /work1/dannegrut/harry/experiments/arena_gator_20260925/e4/soil_s1/subsets/M3_hmmwv_soil.npz --mode deploy --arch gru --cond none --domain-filter crm --ctx geom --split-eval val --bs 256 --epochs 30 --seeds 5 --seed0 5 --roundtrip-check
6	M2_soil_holdout	e5/train/soil_s1/offline_soil	--ds /work1/dannegrut/harry/experiments/arena_gator_20260925/e4/soil_s1/subsets/M2_hmmwv_soil.npz --mode holdout --arch gru --cond none --domain-filter crm --ctx geom --split-eval val --bs 256 --epochs 30 --seeds 5 --seed0 0
7	M3_soil_holdout	e5/train/soil_s1/offline_soil	--ds /work1/dannegrut/harry/experiments/arena_gator_20260925/e4/soil_s1/subsets/M3_hmmwv_soil.npz --mode holdout --arch gru --cond none --domain-filter crm --ctx geom --split-eval val --bs 256 --epochs 30 --seeds 5 --seed0 0
8	LOAO1_g203_soil_holdout	e5/train/soil_s1/offline_soil	--ds /work1/dannegrut/harry/experiments/arena_gator_20260925/e4/soil_s1/subsets/LOAO1_g203_hmmwv_soil.npz --mode holdout --arch gru --cond none --domain-filter crm --ctx geom --split-eval val --bs 256 --epochs 30 --seeds 5 --seed0 0
8	LOAO2_f104_g203_soil_holdout	e5/train/soil_s1/offline_soil	--ds /work1/dannegrut/harry/experiments/arena_gator_20260925/e4/soil_s1/subsets/LOAO2_f104_g203_hmmwv_soil.npz --mode holdout --arch gru --cond none --domain-filter crm --ctx geom --split-eval val --bs 256 --epochs 30 --seeds 5 --seed0 0
8	LOAO2_f104_g228_soil_holdout	e5/train/soil_s1/offline_soil	--ds /work1/dannegrut/harry/experiments/arena_gator_20260925/e4/soil_s1/subsets/LOAO2_f104_g228_hmmwv_soil.npz --mode holdout --arch gru --cond none --domain-filter crm --ctx geom --split-eval val --bs 256 --epochs 30 --seeds 5 --seed0 0
8	LOAO2_g203_g228_soil_holdout	e5/train/soil_s1/offline_soil	--ds /work1/dannegrut/harry/experiments/arena_gator_20260925/e4/soil_s1/subsets/LOAO2_g203_g228_hmmwv_soil.npz --mode holdout --arch gru --cond none --domain-filter crm --ctx geom --split-eval val --bs 256 --epochs 30 --seeds 5 --seed0 0
