20260928_000613	add	dry	scripts/ov_m113.py	c65ddf55537d231d019c15e6ef83b22838d89372bed39ce4956d4b592bfdb8f5
20260928_000717	add	dry	scripts/ov_m113.py	c65ddf55537d231d019c15e6ef83b22838d89372bed39ce4956d4b592bfdb8f5
20260928_000717	add	dry	../configs/crm_m113.json	0bba40c0eaca852333962bca75d68beabf7c77e69865aeb58f06f30667f6344a
20260928_140314	add	real	assets/traverse/arena_g260/arena_000.bmp	a746091bac79f8b807ac8d8ff5748cd7bddeb5b18147b93291ff373a0798acde
20260928_140314	add	real	assets/traverse/arena_g260/arena_meta.json	221cbcd8dba28474bc5d2d887045ad620b1ae2cb34945b4de9ecced70dc936a5
20260928_140314	add	real	assets/traverse/arena_g271/arena_000.bmp	de115241c7f4e9b4c2b8ffbd01268aebf5eec1bb59f5c71438142c4445aab449
20260928_140314	add	real	assets/traverse/arena_g271/arena_meta.json	6c678f7afade9b0044b11d34a55596854c1e6ac501d14517d34dcc831951fcfe
20260928_140314	add	real	assets/traverse/arena_g251/arena_000.bmp	29375393dd33ec890f7c250e8512ef53ce33fbab2369d2f9639fa5a479c93263
20260928_140314	add	real	assets/traverse/arena_g251/arena_meta.json	2111095d1586bedceec8814c53f60fff2a2ba5368faa10ecddb17e37fd8e720a
20260928_140314	add	real	assets/traverse/arena_g247/arena_000.bmp	2931c436bdee76a97650766f5dc048a0c75d6a89fd09e07121748ffb9c3d2084
20260928_140314	add	real	assets/traverse/arena_g247/arena_meta.json	d2ae21cb72d290e418414eac011f8655e0821145cacb10455bfb5a2c03a7501a
20260928_140314	add	real	assets/traverse/arena_g258/arena_000.bmp	140478df62eedc9a0b369ab3a17a87512fbaed89877aeeb92818f4333e52a3b3
20260928_140314	add	real	assets/traverse/arena_g258/arena_meta.json	6d616d3dad18d51b78e99fdb2412d626b45f5fbee76fdc323720f70c27edbd30
20260928_140314	add	real	assets/traverse/arena_g268/arena_000.bmp	2d52cdb7877efec281309d0ba8ce54405314e4ad97c0012d10155088cd54beaf
20260928_140314	add	real	assets/traverse/arena_g268/arena_meta.json	a836ce0821c4f931ea2923e614addb46bd9de62e6cf49830e691794044bf9567
20260928_140314	add	real	assets/traverse/arena_g263/arena_000.bmp	31bce710ad19f30ab0fb0874f5b6e35c9437909c483199e1a289d6349e30a229
20260928_140314	add	real	assets/traverse/arena_g263/arena_meta.json	b29f83bc70afc5c86cc4a7cb01c5df686716779d92086ae1f4eeef8141e6e148
20260928_140314	add	real	assets/traverse/arena_g241/arena_000.bmp	028a3290941c30f946a1f7c8c4ecbc2d8761aa6e017507fbc78b6e1d256fc0fa
20260928_140314	add	real	assets/traverse/arena_g241/arena_meta.json	2557f58b0c838b20dd28c261d35571b53c461e5ccc9bf76c5dac686d4cb09e97
