trial_id,scene_id,planning_mode,energy_weight_s_per_kj,process_exit_code,artifact_valid,verified_schema_safe_goal,status,elapsed_s,goal_time_s,goal_progress_m,positive_work_kj,schema_contact,schema_rollover,bounded_blockage_v1,planning_decisions,planning_abstentions,planning_abstention_fraction,commanded_zero_speed_pause_s,rejected_fresh_candidates,decisions_with_rejected_fresh,max_rejected_fresh_per_decision
diverse_v1_val_rolling_hills_00_time_once_best,diverse_v1_val_rolling_hills_00,plan_once,0.0,0,True,False,timeout,180.0,,61.08498094215679,11058.67591963716,True,False,True,1,0,0.0,0.0,0,0,0
diverse_v1_val_ridge_passes_00_time_once_best,diverse_v1_val_ridge_passes_00,plan_once,0.0,0,True,True,goal_reached,41.25,41.25,225.32213334209646,244.4126658301957,False,False,False,1,0,0.0,0.0,0,0,0
diverse_v1_val_cross_slopes_00_time_once_best,diverse_v1_val_cross_slopes_00,plan_once,0.0,0,True,True,goal_reached,41.150000000000006,41.150000000000006,225.30419859987833,259.7309000736824,False,False,False,1,0,0.0,0.0,0,0,0
diverse_v1_val_valley_network_00_time_once_best,diverse_v1_val_valley_network_00,plan_once,0.0,0,True,True,goal_reached,41.150000000000006,41.150000000000006,225.26426414914906,292.2167383086977,False,False,False,1,0,0.0,0.0,0,0,0
diverse_v1_val_rough_mosaic_00_time_once_best,diverse_v1_val_rough_mosaic_00,plan_once,0.0,0,True,False,rollover,10.25,,55.44110584417919,264.57423693134655,True,True,False,1,0,0.0,0.0,0,0,0
diverse_v1_val_mixed_obstacles_00_time_once_best,diverse_v1_val_mixed_obstacles_00,plan_once,0.0,0,True,False,timeout,180.0,,86.1196113112612,10651.797972525834,True,False,True,1,0,0.0,0.0,0,0,0
diverse_v1_val_rolling_hills_00_energy002_once_best,diverse_v1_val_rolling_hills_00,plan_once,0.02,0,True,False,timeout,180.0,,61.08498094215679,11058.67591963716,True,False,True,1,0,0.0,0.0,0,0,0
diverse_v1_val_ridge_passes_00_energy002_once_best,diverse_v1_val_ridge_passes_00,plan_once,0.02,0,True,True,goal_reached,41.2,41.2,225.3440097128911,244.397997079855,False,False,False,1,0,0.0,0.0,0,0,0
diverse_v1_val_cross_slopes_00_energy002_once_best,diverse_v1_val_cross_slopes_00,plan_once,0.02,0,True,True,goal_reached,41.150000000000006,41.150000000000006,225.3381403943654,259.06454795496796,False,False,False,1,0,0.0,0.0,0,0,0
diverse_v1_val_valley_network_00_energy002_once_best,diverse_v1_val_valley_network_00,plan_once,0.02,0,True,False,timeout,180.0,,67.34273355240785,12203.176573323857,True,False,True,1,0,0.0,0.0,0,0,0
diverse_v1_val_rough_mosaic_00_energy002_once_best,diverse_v1_val_rough_mosaic_00,plan_once,0.02,0,True,False,timeout,180.0,,-0.5467303399121874,5861.552964986829,True,False,True,1,0,0.0,0.0,0,0,0
diverse_v1_val_mixed_obstacles_00_energy002_once_best,diverse_v1_val_mixed_obstacles_00,plan_once,0.02,0,True,False,timeout,180.0,,89.79876390931989,7842.418602656612,True,False,True,1,0,0.0,0.0,0,0,0
diverse_v1_val_rolling_hills_00_energy020_once_best,diverse_v1_val_rolling_hills_00,plan_once,0.2,0,True,False,timeout,180.0,,61.18699661690653,10738.996677672289,True,False,True,1,0,0.0,0.0,0,0,0
diverse_v1_val_ridge_passes_00_energy020_once_best,diverse_v1_val_ridge_passes_00,plan_once,0.2,0,True,True,goal_reached,43.5,43.5,225.34608104104413,238.52428091948858,False,False,False,1,0,0.0,0.0,0,0,0
diverse_v1_val_cross_slopes_00_energy020_once_best,diverse_v1_val_cross_slopes_00,plan_once,0.2,0,True,False,timeout,180.0,,219.6430126945537,2781.509345197605,True,False,True,1,0,0.0,0.0,0,0,0
diverse_v1_val_valley_network_00_energy020_once_best,diverse_v1_val_valley_network_00,plan_once,0.2,0,True,False,timeout,180.0,,67.25197974034148,12128.53813670625,True,False,True,1,0,0.0,0.0,0,0,0
diverse_v1_val_rough_mosaic_00_energy020_once_best,diverse_v1_val_rough_mosaic_00,plan_once,0.2,0,True,False,rollover,20.3,,92.32951351831414,627.9859584623432,True,True,False,1,0,0.0,0.0,0,0,0
diverse_v1_val_mixed_obstacles_00_energy020_once_best,diverse_v1_val_mixed_obstacles_00,plan_once,0.2,0,True,False,timeout,180.0,,140.9642774519761,5328.324568896169,True,False,True,1,0,0.0,0.0,0,0,0
diverse_v1_val_rolling_hills_00_energy050_once_best,diverse_v1_val_rolling_hills_00,plan_once,0.5,0,True,False,timeout,180.0,,61.192914080092834,10982.60147371887,True,False,True,1,0,0.0,0.0,0,0,0
diverse_v1_val_ridge_passes_00_energy050_once_best,diverse_v1_val_ridge_passes_00,plan_once,0.5,0,True,False,timeout,180.0,,36.24981313803329,8302.244107491453,True,False,True,1,0,0.0,0.0,0,0,0
diverse_v1_val_cross_slopes_00_energy050_once_best,diverse_v1_val_cross_slopes_00,plan_once,0.5,0,True,False,timeout,180.0,,54.328277030611645,7687.538761194678,False,False,True,1,0,0.0,0.0,0,0,0
diverse_v1_val_valley_network_00_energy050_once_best,diverse_v1_val_valley_network_00,plan_once,0.5,0,True,False,timeout,180.0,,66.9016905202449,11831.630430440635,True,False,True,1,0,0.0,0.0,0,0,0
diverse_v1_val_rough_mosaic_00_energy050_once_best,diverse_v1_val_rough_mosaic_00,plan_once,0.5,0,True,False,timeout,180.0,,96.931255864982,8866.73890794824,True,False,True,1,0,0.0,0.0,0,0,0
diverse_v1_val_mixed_obstacles_00_energy050_once_best,diverse_v1_val_mixed_obstacles_00,plan_once,0.5,0,True,False,timeout,180.0,,139.2945101601943,6618.781590461349,True,False,True,1,0,0.0,0.0,0,0,0
